6 0.21296296296296297 0.021354166666666667 0.21203703703703702 0.021875 0.2111111111111111 0.021875 0.2101851851851852 0.022395833333333334 0.20925925925925926 0.022395833333333334 0.20833333333333334 0.022916666666666665 0.20555555555555555 0.022916666666666665 0.20462962962962963 0.0234375 0.2037037037037037 0.0234375 0.20277777777777778 0.023958333333333335 0.20092592592592592 0.023958333333333335 0.19907407407407407 0.025 0.19814814814814816 0.025 0.19722222222222222 0.025520833333333333 0.19722222222222222 0.026041666666666668 0.19537037037037036 0.027083333333333334 0.19537037037037036 0.028125 0.19444444444444445 0.028645833333333332 0.19444444444444445 0.0296875 0.1935185185185185 0.030208333333333334 0.1935185185185185 0.030729166666666665 0.1925925925925926 0.03125 0.1925925925925926 0.0328125 0.19166666666666668 0.03333333333333333 0.19166666666666668 0.044270833333333336 0.1925925925925926 0.04479166666666667 0.1925925925925926 0.0453125 0.1935185185185185 0.04583333333333333 0.1935185185185185 0.04635416666666667 0.20185185185185187 0.051041666666666666 0.20277777777777778 0.051041666666666666 0.20555555555555555 0.05260416666666667 0.2074074074074074 0.05260416666666667 0.20833333333333334 0.053125 0.20925925925925926 0.053125 0.2101851851851852 0.05364583333333333 0.21203703703703702 0.05364583333333333 0.21296296296296297 0.05416666666666667 0.225 0.05416666666666667 0.22592592592592592 0.05364583333333333 0.22777777777777777 0.05364583333333333 0.22870370370370371 0.053125 0.22962962962962963 0.053125 0.23148148148148148 0.052083333333333336 0.2324074074074074 0.052083333333333336 0.2361111111111111 0.05 0.2361111111111111 0.049479166666666664 0.23703703703703705 0.04895833333333333 0.23703703703703705 0.0484375 0.23796296296296296 0.04791666666666667 0.23796296296296296 0.04583333333333333 0.2388888888888889 0.0453125 0.2388888888888889 0.0421875 0.23981481481481481 0.041666666666666664 0.23981481481481481 0.0359375 0.2388888888888889 0.035416666666666666 0.2388888888888889 0.03333333333333333 0.23796296296296296 0.0328125 0.23796296296296296 0.03177083333333333 0.23703703703703705 0.03125 0.23703703703703705 0.030208333333333334 0.2361111111111111 0.0296875 0.2361111111111111 0.029166666666666667 0.2351851851851852 0.028645833333333332 0.2351851851851852 0.028125 0.23148148148148148 0.026041666666666668 0.23055555555555557 0.026041666666666668 0.22685185185185186 0.023958333333333335 0.22592592592592592 0.023958333333333335 0.225 0.0234375 0.22407407407407406 0.0234375 0.22314814814814815 0.022916666666666665 0.2222222222222222 0.022916666666666665 0.2212962962962963 0.022395833333333334 0.21944444444444444 0.022395833333333334 0.21851851851851853 0.021875 0.21666666666666667 0.021875 0.21574074074074073 0.021354166666666667
2 0.4861111111111111 0.036458333333333336 0.4759259259259259 0.030208333333333334 0.4722222222222222 0.029166666666666667 0.4648148148148148 0.029166666666666667 0.4601851851851852 0.030729166666666665 0.4583333333333333 0.030729166666666665 0.4546296296296296 0.0328125 0.4546296296296296 0.03697916666666667 0.4537037037037037 0.0375 0.4527777777777778 0.03958333333333333 0.44814814814814813 0.04114583333333333 0.44537037037037036 0.042708333333333334 0.4398148148148148 0.044270833333333336 0.43703703703703706 0.04583333333333333 0.4361111111111111 0.04583333333333333 0.43148148148148147 0.04791666666666667 0.42685185185185187 0.04895833333333333 0.4222222222222222 0.051041666666666666 0.41759259259259257 0.052083333333333336 0.41203703703703703 0.0546875 0.40555555555555556 0.05625 0.40370370370370373 0.057291666666666664 0.4009259259259259 0.0578125 0.39166666666666666 0.06145833333333333 0.38796296296296295 0.06197916666666667 0.3851851851851852 0.06354166666666666 0.3824074074074074 0.0640625 0.38055555555555554 0.06510416666666667 0.36944444444444446 0.06822916666666666 0.3574074074074074 0.07291666666666667 0.3527777777777778 0.07395833333333333 0.3453703703703704 0.07708333333333334 0.3416666666666667 0.07760416666666667 0.337037037037037 0.0796875 0.33425925925925926 0.08020833333333334 0.3287037037037037 0.0828125 0.32592592592592595 0.08333333333333333 0.32222222222222224 0.08541666666666667 0.3212962962962963 0.08541666666666667 0.3212962962962963 0.0859375 0.31851851851851853 0.0875 0.31851851851851853 0.08854166666666667 0.3175925925925926 0.0890625 0.3175925925925926 0.09270833333333334 0.31851851851851853 0.09322916666666667 0.31851851851851853 0.09427083333333333 0.32037037037037036 0.09635416666666667 0.32314814814814813 0.09791666666666667 0.32685185185185184 0.09895833333333333 0.3333333333333333 0.09895833333333333 0.33425925925925926 0.0984375 0.33611111111111114 0.0984375 0.3398148148148148 0.096875 0.3435185185185185 0.09583333333333334 0.3453703703703704 0.09583333333333334 0.3472222222222222 0.09479166666666666 0.35833333333333334 0.09166666666666666 0.3648148148148148 0.0890625 0.36944444444444446 0.08802083333333334 0.37592592592592594 0.08489583333333334 0.38055555555555554 0.08385416666666666 0.3851851851851852 0.08177083333333333 0.38981481481481484 0.08072916666666667 0.39444444444444443 0.07864583333333333 0.40370370370370373 0.07604166666666666 0.4074074074074074 0.07395833333333333 0.41388888888888886 0.07239583333333334 0.42407407407407405 0.06822916666666666 0.42685185185185187 0.06770833333333333 0.43148148148148147 0.065625 0.4398148148148148 0.06354166666666666 0.44166666666666665 0.0625 0.44722222222222224 0.0609375 0.44907407407407407 0.0609375 0.4537037037037037 0.059375 0.45925925925925926 0.058854166666666666 0.4648148148148148 0.057291666666666664 0.4777777777777778 0.057291666666666664 0.4787037037037037 0.05677083333333333 0.48148148148148145 0.05677083333333333 0.48333333333333334 0.05625 0.48518518518518516 0.05520833333333333 0.4861111111111111 0.05520833333333333 0.49074074074074076 0.052083333333333336 0.49074074074074076 0.043229166666666666 0.4898148148148148 0.042708333333333334 0.4898148148148148 0.04114583333333333 0.48703703703703705 0.03854166666666667
1 0.2324074074074074 0.13541666666666666 0.22962962962962963 0.13541666666666666 0.22870370370370371 0.13489583333333333 0.22777777777777777 0.13541666666666666 0.22685185185185186 0.13541666666666666 0.22592592592592592 0.1359375 0.225 0.1359375 0.22314814814814815 0.13697916666666668 0.22314814814814815 0.1375 0.2222222222222222 0.13802083333333334 0.2222222222222222 0.13854166666666667 0.2212962962962963 0.1390625 0.2212962962962963 0.14010416666666667 0.22037037037037038 0.140625 0.22037037037037038 0.14114583333333333 0.21944444444444444 0.14166666666666666 0.21944444444444444 0.1421875 0.21851851851851853 0.14270833333333333 0.21851851851851853 0.14322916666666666 0.2175925925925926 0.14375 0.2175925925925926 0.14427083333333332 0.21666666666666667 0.14479166666666668 0.21574074074074073 0.14479166666666668 0.21388888888888888 0.14583333333333334 0.21296296296296297 0.14583333333333334 0.21296296296296297 0.14791666666666667 0.21388888888888888 0.1484375 0.21388888888888888 0.15416666666666667 0.21296296296296297 0.1546875 0.21296296296296297 0.15520833333333334 0.21203703703703702 0.15572916666666667 0.21203703703703702 0.15677083333333333 0.2111111111111111 0.15729166666666666 0.2111111111111111 0.1578125 0.20833333333333334 0.159375 0.20833333333333334 0.15989583333333332 0.2074074074074074 0.16041666666666668 0.2074074074074074 0.16145833333333334 0.2064814814814815 0.16197916666666667 0.2064814814814815 0.1625 0.20555555555555555 0.16302083333333334 0.20555555555555555 0.16354166666666667 0.20462962962962963 0.1640625 0.20462962962962963 0.16458333333333333 0.2037037037037037 0.16510416666666666 0.2037037037037037 0.165625 0.20185185185185187 0.16666666666666666 0.20185185185185187 0.1671875 0.20092592592592592 0.16770833333333332 0.20092592592592592 0.16822916666666668 0.2 0.16875 0.2 0.16979166666666667 0.19907407407407407 0.1703125 0.19907407407407407 0.171875 0.19814814814814816 0.17239583333333333 0.19814814814814816 0.17552083333333332 0.19907407407407407 0.17604166666666668 0.19907407407407407 0.178125 0.2 0.17864583333333334 0.2 0.17916666666666667 0.20092592592592592 0.1796875 0.20092592592592592 0.18020833333333333 0.20185185185185187 0.18072916666666666 0.20277777777777778 0.18072916666666666 0.20462962962962963 0.18177083333333333 0.20833333333333334 0.18177083333333333 0.20925925925925926 0.18125 0.2101851851851852 0.18125 0.2111111111111111 0.18072916666666666 0.21203703703703702 0.18072916666666666 0.21296296296296297 0.18020833333333333 0.21296296296296297 0.1796875 0.21574074074074073 0.178125 0.21574074074074073 0.17760416666666667 0.21666666666666667 0.17708333333333334 0.21666666666666667 0.1765625 0.21851851851851853 0.17552083333333332 0.21851851851851853 0.175 0.22037037037037038 0.17395833333333333 0.22037037037037038 0.1734375 0.2212962962962963 0.17291666666666666 0.2212962962962963 0.17239583333333333 0.22314814814814815 0.17135416666666667 0.22314814814814815 0.17083333333333334 0.22407407407407406 0.1703125 0.22407407407407406 0.16979166666666667 0.225 0.16927083333333334 0.225 0.16875 0.22685185185185186 0.16770833333333332 0.22685185185185186 0.1671875 0.22962962962962963 0.165625 0.23055555555555557 0.165625 0.23333333333333334 0.1640625 0.23425925925925925 0.1640625 0.2351851851851852 0.16354166666666667 0.2361111111111111 0.16354166666666667 0.23796296296296296 0.1625 0.2388888888888889 0.1625 0.24074074074074073 0.16145833333333334 0.24166666666666667 0.16145833333333334 0.24351851851851852 0.16041666666666668 0.24351851851851852 0.15989583333333332 0.24444444444444444 0.159375 0.24444444444444444 0.15885416666666666 0.24537037037037038 0.15833333333333333 0.24537037037037038 0.1578125 0.2462962962962963 0.15729166666666666 0.2462962962962963 0.15677083333333333 0.25 0.1546875 0.25092592592592594 0.1546875 0.2518518518518518 0.15416666666666667 0.2518518518518518 0.15052083333333333 0.25277777777777777 0.15 0.25277777777777777 0.14739583333333334 0.2537037037037037 0.146875 0.2537037037037037 0.14583333333333334 0.25277777777777777 0.1453125 0.25277777777777777 0.14375 0.2518518518518518 0.14322916666666666 0.2518518518518518 0.1421875 0.2490740740740741 0.140625 0.24814814814814815 0.140625 0.24722222222222223 0.14010416666666667 0.2462962962962963 0.14010416666666667 0.24351851851851852 0.13854166666666667 0.24259259259259258 0.13854166666666667 0.24166666666666667 0.13802083333333334 0.24074074074074073 0.13802083333333334 0.23981481481481481 0.1375 0.23796296296296296 0.1375 0.23703703703703705 0.13697916666666668 0.2361111111111111 0.13697916666666668 0.23425925925925925 0.1359375 0.23333333333333334 0.1359375
4 0.5722222222222222 0.041666666666666664 0.5703703703703704 0.041666666666666664 0.5675925925925925 0.040625 0.5657407407407408 0.040625 0.5648148148148148 0.04010416666666667 0.562962962962963 0.04010416666666667 0.5601851851851852 0.0390625 0.5509259259259259 0.0390625 0.55 0.03958333333333333 0.5481481481481482 0.03958333333333333 0.5444444444444444 0.041666666666666664 0.5444444444444444 0.042708333333333334 0.5425925925925926 0.044270833333333336 0.5425925925925926 0.04583333333333333 0.5435185185185185 0.04635416666666667 0.5435185185185185 0.050520833333333334 0.5444444444444444 0.051041666666666666 0.5444444444444444 0.05364583333333333 0.5435185185185185 0.05416666666666667 0.5435185185185185 0.05677083333333333 0.5425925925925926 0.057291666666666664 0.5425925925925926 0.058333333333333334 0.5416666666666666 0.058854166666666666 0.5416666666666666 0.059895833333333336 0.5407407407407407 0.06041666666666667 0.5407407407407407 0.06145833333333333 0.5398148148148149 0.06197916666666667 0.5398148148148149 0.0625 0.5388888888888889 0.06302083333333333 0.5388888888888889 0.06354166666666666 0.537962962962963 0.0640625 0.537962962962963 0.06458333333333334 0.5370370370370371 0.06510416666666667 0.5370370370370371 0.065625 0.5361111111111111 0.06614583333333333 0.5361111111111111 0.06666666666666667 0.5342592592592592 0.06822916666666666 0.5342592592592592 0.06927083333333334 0.5333333333333333 0.06979166666666667 0.5333333333333333 0.0703125 0.5314814814814814 0.071875 0.5314814814814814 0.07291666666666667 0.5305555555555556 0.0734375 0.5305555555555556 0.07395833333333333 0.5296296296296297 0.07447916666666667 0.5296296296296297 0.075 0.5277777777777778 0.0765625 0.5277777777777778 0.07760416666666667 0.5259259259259259 0.07864583333333333 0.5259259259259259 0.07916666666666666 0.525 0.0796875 0.525 0.08020833333333334 0.524074074074074 0.08072916666666667 0.524074074074074 0.08125 0.5231481481481481 0.08177083333333333 0.5231481481481481 0.08229166666666667 0.5212962962962963 0.08385416666666666 0.5212962962962963 0.08489583333333334 0.5203703703703704 0.08541666666666667 0.5203703703703704 0.08645833333333333 0.5185185185185185 0.08802083333333334 0.5185185185185185 0.0890625 0.5175925925925926 0.08958333333333333 0.5175925925925926 0.09114583333333333 0.5166666666666667 0.09166666666666666 0.5166666666666667 0.096875 0.5175925925925926 0.09739583333333333 0.5175925925925926 0.09791666666666667 0.5203703703703704 0.09947916666666666 0.5222222222222223 0.09947916666666666 0.5231481481481481 0.1 0.5296296296296297 0.1 0.5370370370370371 0.09583333333333334 0.537962962962963 0.09427083333333333 0.5398148148148149 0.09322916666666667 0.5398148148148149 0.09270833333333334 0.5425925925925926 0.09114583333333333 0.5425925925925926 0.090625 0.5435185185185185 0.09010416666666667 0.5435185185185185 0.08958333333333333 0.5453703703703704 0.08802083333333334 0.5453703703703704 0.08697916666666666 0.5472222222222223 0.08541666666666667 0.5472222222222223 0.084375 0.5481481481481482 0.08385416666666666 0.5481481481481482 0.08333333333333333 0.549074074074074 0.0828125 0.549074074074074 0.08229166666666667 0.55 0.08177083333333333 0.55 0.08125 0.5509259259259259 0.08072916666666667 0.5509259259259259 0.08020833333333334 0.5518518518518518 0.0796875 0.5518518518518518 0.07916666666666666 0.5527777777777778 0.07864583333333333 0.5527777777777778 0.078125 0.5537037037037037 0.07760416666666667 0.5537037037037037 0.07708333333333334 0.5546296296296296 0.0765625 0.5555555555555556 0.075 0.5574074074074075 0.07395833333333333 0.5574074074074075 0.0734375 0.5583333333333333 0.07291666666666667 0.5583333333333333 0.07239583333333334 0.5592592592592592 0.071875 0.5592592592592592 0.07135416666666666 0.5601851851851852 0.07083333333333333 0.5601851851851852 0.0703125 0.5611111111111111 0.06979166666666667 0.5611111111111111 0.06927083333333334 0.562037037037037 0.06875 0.562037037037037 0.06822916666666666 0.562962962962963 0.06770833333333333 0.5638888888888889 0.06614583333333333 0.5657407407407408 0.06510416666666667 0.5666666666666667 0.06354166666666666 0.5712962962962963 0.0609375 0.5731481481481482 0.0609375 0.5740740740740741 0.06041666666666667 0.5768518518518518 0.06041666666666667 0.5777777777777777 0.059895833333333336 0.5796296296296296 0.059895833333333336 0.5842592592592593 0.057291666666666664 0.5842592592592593 0.05625 0.5851851851851851 0.05572916666666667 0.5851851851851851 0.05364583333333333 0.5861111111111111 0.053125 0.5861111111111111 0.052083333333333336 0.5851851851851851 0.0515625 0.5851851851851851 0.049479166666666664 0.5842592592592593 0.04895833333333333 0.5842592592592593 0.04791666666666667 0.5833333333333334 0.04739583333333333 0.5833333333333334 0.046875 0.5824074074074074 0.046875 0.575 0.042708333333333334 0.5740740740740741 0.042708333333333334
1 0.6074074074074074 0.05364583333333333 0.6064814814814815 0.05416666666666667 0.6055555555555555 0.05416666666666667 0.6046296296296296 0.0546875 0.6037037037037037 0.0546875 0.6027777777777777 0.05520833333333333 0.6018518518518519 0.05520833333333333 0.6 0.05625 0.5990740740740741 0.05625 0.5953703703703703 0.058333333333333334 0.5944444444444444 0.058333333333333334 0.5898148148148148 0.0609375 0.5888888888888889 0.0609375 0.5888888888888889 0.06145833333333333 0.5879629629629629 0.06197916666666667 0.5879629629629629 0.0625 0.587037037037037 0.06302083333333333 0.587037037037037 0.065625 0.5879629629629629 0.06614583333333333 0.5879629629629629 0.06770833333333333 0.5888888888888889 0.06822916666666666 0.5888888888888889 0.06875 0.5898148148148148 0.06927083333333334 0.5898148148148148 0.06979166666666667 0.5916666666666667 0.07083333333333333 0.5916666666666667 0.07135416666666666 0.5935185185185186 0.07239583333333334 0.5935185185185186 0.07291666666666667 0.5953703703703703 0.07395833333333333 0.5962962962962963 0.07395833333333333 0.5981481481481481 0.075 0.5990740740740741 0.075 0.6 0.07552083333333333 0.600925925925926 0.07552083333333333 0.612037037037037 0.08177083333333333 0.612037037037037 0.08229166666666667 0.6138888888888889 0.08333333333333333 0.6138888888888889 0.08385416666666666 0.6148148148148148 0.084375 0.6148148148148148 0.08489583333333334 0.6157407407407407 0.08541666666666667 0.6157407407407407 0.0859375 0.6166666666666667 0.08645833333333333 0.6166666666666667 0.08697916666666666 0.6185185185185185 0.08802083333333334 0.6185185185185185 0.08854166666666667 0.6203703703703703 0.08958333333333333 0.6203703703703703 0.09010416666666667 0.6212962962962963 0.090625 0.6212962962962963 0.09114583333333333 0.6222222222222222 0.09166666666666666 0.6222222222222222 0.0921875 0.6268518518518519 0.09479166666666666 0.6287037037037037 0.09479166666666666 0.6296296296296297 0.0953125 0.6305555555555555 0.0953125 0.6314814814814815 0.09479166666666666 0.6324074074074074 0.09479166666666666 0.6333333333333333 0.09427083333333333 0.6342592592592593 0.09427083333333333 0.6398148148148148 0.09114583333333333 0.6398148148148148 0.08697916666666666 0.6388888888888888 0.08645833333333333 0.6388888888888888 0.0859375 0.637962962962963 0.08541666666666667 0.637962962962963 0.08489583333333334 0.6361111111111111 0.08385416666666666 0.6361111111111111 0.08333333333333333 0.6351851851851852 0.0828125 0.6351851851851852 0.08229166666666667 0.6333333333333333 0.08125 0.6333333333333333 0.08072916666666667 0.6324074074074074 0.08020833333333334 0.6324074074074074 0.0796875 0.6314814814814815 0.07916666666666666 0.6314814814814815 0.07864583333333333 0.6296296296296297 0.07760416666666667 0.6296296296296297 0.07708333333333334 0.6287037037037037 0.0765625 0.6287037037037037 0.07604166666666666 0.6277777777777778 0.07552083333333333 0.6277777777777778 0.075 0.6268518518518519 0.07447916666666667 0.6268518518518519 0.07395833333333333 0.625 0.07291666666666667 0.625 0.07239583333333334 0.6240740740740741 0.071875 0.6240740740740741 0.06979166666666667 0.6231481481481481 0.06927083333333334 0.6231481481481481 0.06614583333333333 0.6240740740740741 0.065625 0.6240740740740741 0.0640625 0.6231481481481481 0.06354166666666666 0.6222222222222222 0.06354166666666666 0.6175925925925926 0.0609375 0.6175925925925926 0.06041666666666667 0.6166666666666667 0.059895833333333336 0.6166666666666667 0.059375 0.6157407407407407 0.058854166666666666 0.6157407407407407 0.0578125 0.6148148148148148 0.057291666666666664 0.6148148148148148 0.05572916666666667 0.6111111111111112 0.05364583333333333
4 0.3861111111111111 0.16927083333333334 0.3851851851851852 0.16927083333333334 0.3814814814814815 0.1671875 0.38055555555555554 0.1671875 0.37962962962962965 0.16666666666666666 0.375 0.16666666666666666 0.37407407407407406 0.1671875 0.3731481481481482 0.1671875 0.37222222222222223 0.16770833333333332 0.3712962962962963 0.16770833333333332 0.37037037037037035 0.16822916666666668 0.36944444444444446 0.16822916666666668 0.3685185185185185 0.16875 0.3675925925925926 0.16875 0.3638888888888889 0.17083333333333334 0.362962962962963 0.17083333333333334 0.35833333333333334 0.1734375 0.3574074074074074 0.1734375 0.34629629629629627 0.1796875 0.3453703703703704 0.1796875 0.3398148148148148 0.1828125 0.3388888888888889 0.1828125 0.3351851851851852 0.18489583333333334 0.33425925925925926 0.18489583333333334 0.33055555555555555 0.18697916666666667 0.3296296296296296 0.18697916666666667 0.32685185185185184 0.18854166666666666 0.32592592592592595 0.18854166666666666 0.325 0.1890625 0.32407407407407407 0.1890625 0.3212962962962963 0.190625 0.31851851851851853 0.190625 0.3175925925925926 0.19114583333333332 0.31574074074074077 0.19114583333333332 0.3148148148148148 0.19166666666666668 0.30277777777777776 0.19166666666666668 0.30185185185185187 0.1921875 0.30092592592592593 0.1921875 0.2972222222222222 0.19427083333333334 0.2972222222222222 0.1953125 0.2962962962962963 0.19583333333333333 0.2962962962962963 0.20208333333333334 0.2972222222222222 0.20260416666666667 0.2972222222222222 0.20416666666666666 0.29814814814814816 0.2046875 0.29814814814814816 0.20625 0.29907407407407405 0.20677083333333332 0.29907407407407405 0.2078125 0.3 0.20833333333333334 0.3 0.20885416666666667 0.30185185185185187 0.20989583333333334 0.30185185185185187 0.21041666666666667 0.30462962962962964 0.21197916666666666 0.30462962962962964 0.2125 0.30833333333333335 0.21458333333333332 0.30833333333333335 0.21510416666666668 0.30925925925925923 0.215625 0.3101851851851852 0.215625 0.31203703703703706 0.21666666666666667 0.3138888888888889 0.21666666666666667 0.3148148148148148 0.2171875 0.31851851851851853 0.2171875 0.3194444444444444 0.21770833333333334 0.33055555555555555 0.21770833333333334 0.3314814814814815 0.2171875 0.3333333333333333 0.2171875 0.33611111111111114 0.215625 0.33611111111111114 0.21510416666666668 0.33796296296296297 0.2140625 0.33796296296296297 0.21302083333333333 0.3388888888888889 0.2125 0.3388888888888889 0.20520833333333333 0.3398148148148148 0.2046875 0.3398148148148148 0.20416666666666666 0.3416666666666667 0.203125 0.3425925925925926 0.203125 0.34444444444444444 0.20208333333333334 0.3453703703703704 0.20208333333333334 0.35833333333333334 0.19479166666666667 0.3592592592592593 0.19479166666666667 0.36666666666666664 0.190625 0.3675925925925926 0.190625 0.375 0.18645833333333334 0.375 0.1859375 0.3824074074074074 0.18177083333333333 0.3824074074074074 0.18125 0.3861111111111111 0.17864583333333334 0.3861111111111111 0.178125 0.38796296296296295 0.1765625 0.38796296296296295 0.17552083333333332 0.3888888888888889 0.175 0.3888888888888889 0.17239583333333333 0.38796296296296295 0.171875 0.38796296296296295 0.17083333333333334
1 0.549074074074074 0.09114583333333333 0.5462962962962963 0.09114583333333333 0.5453703703703704 0.090625 0.5444444444444444 0.090625 0.5425925925925926 0.09166666666666666 0.5416666666666666 0.09166666666666666 0.5388888888888889 0.09322916666666667 0.5388888888888889 0.09375 0.5370370370370371 0.09479166666666666 0.5370370370370371 0.0953125 0.5361111111111111 0.09583333333333334 0.5361111111111111 0.09635416666666667 0.5342592592592592 0.09739583333333333 0.5342592592592592 0.09791666666666667 0.5333333333333333 0.0984375 0.5333333333333333 0.09895833333333333 0.5324074074074074 0.09947916666666666 0.5324074074074074 0.10260416666666666 0.5314814814814814 0.103125 0.5314814814814814 0.10572916666666667 0.5324074074074074 0.10625 0.5324074074074074 0.10677083333333333 0.5314814814814814 0.10729166666666666 0.5314814814814814 0.109375 0.5305555555555556 0.10989583333333333 0.5305555555555556 0.11145833333333334 0.5296296296296297 0.11197916666666667 0.5296296296296297 0.1125 0.5287037037037037 0.11302083333333333 0.5287037037037037 0.11458333333333333 0.5277777777777778 0.11510416666666666 0.5277777777777778 0.1171875 0.5268518518518519 0.11770833333333333 0.5268518518518519 0.11875 0.5259259259259259 0.11927083333333334 0.5259259259259259 0.1203125 0.525 0.12083333333333333 0.525 0.121875 0.524074074074074 0.12239583333333333 0.524074074074074 0.1234375 0.5231481481481481 0.12395833333333334 0.5231481481481481 0.125 0.5222222222222223 0.12552083333333333 0.5222222222222223 0.12604166666666666 0.5212962962962963 0.1265625 0.5212962962962963 0.12916666666666668 0.5203703703703704 0.1296875 0.5203703703703704 0.13125 0.5212962962962963 0.13177083333333334 0.5212962962962963 0.13385416666666666 0.5222222222222223 0.134375 0.5222222222222223 0.13489583333333333 0.5231481481481481 0.13489583333333333 0.524074074074074 0.13541666666666666 0.525 0.13541666666666666 0.5259259259259259 0.1359375 0.5305555555555556 0.1359375 0.5314814814814814 0.13541666666666666 0.5324074074074074 0.13541666666666666 0.5333333333333333 0.13489583333333333 0.5342592592592592 0.13489583333333333 0.5351851851851852 0.134375 0.5351851851851852 0.13385416666666666 0.5370370370370371 0.1328125 0.5370370370370371 0.13229166666666667 0.537962962962963 0.13177083333333334 0.537962962962963 0.13125 0.5388888888888889 0.13072916666666667 0.5388888888888889 0.13020833333333334 0.5398148148148149 0.1296875 0.5398148148148149 0.12916666666666668 0.5407407407407407 0.12864583333333332 0.5407407407407407 0.128125 0.5416666666666666 0.12760416666666666 0.5416666666666666 0.12708333333333333 0.5425925925925926 0.1265625 0.5425925925925926 0.12604166666666666 0.5435185185185185 0.12552083333333333 0.5435185185185185 0.125 0.5453703703703704 0.12395833333333334 0.5453703703703704 0.1234375 0.5462962962962963 0.12291666666666666 0.5462962962962963 0.12239583333333333 0.5472222222222223 0.121875 0.5472222222222223 0.12135416666666667 0.5481481481481482 0.12083333333333333 0.5481481481481482 0.1203125 0.5518518518518518 0.11822916666666666 0.5518518518518518 0.11770833333333333 0.5537037037037037 0.11666666666666667 0.5537037037037037 0.11614583333333334 0.5546296296296296 0.115625 0.5546296296296296 0.11510416666666666 0.5555555555555556 0.11458333333333333 0.5574074074074075 0.11458333333333333 0.5583333333333333 0.1140625 0.5601851851851852 0.1140625 0.5611111111111111 0.11354166666666667 0.5611111111111111 0.11302083333333333 0.562037037037037 0.1125 0.562037037037037 0.1109375 0.562962962962963 0.11041666666666666 0.562962962962963 0.10833333333333334 0.5638888888888889 0.1078125 0.5638888888888889 0.10677083333333333 0.5648148148148148 0.10625 0.5648148148148148 0.10572916666666667 0.5657407407407408 0.10520833333333333 0.5657407407407408 0.1046875 0.5675925925925925 0.10364583333333334 0.5675925925925925 0.1015625 0.5685185185185185 0.10104166666666667 0.5685185185185185 0.09895833333333333 0.5675925925925925 0.0984375 0.5675925925925925 0.09791666666666667 0.5648148148148148 0.09635416666666667 0.5648148148148148 0.09583333333333334 0.5638888888888889 0.09583333333333334 0.562037037037037 0.09479166666666666 0.5611111111111111 0.09479166666666666 0.5601851851851852 0.09427083333333333 0.5583333333333333 0.09427083333333333 0.5574074074074075 0.09375 0.5564814814814815 0.09375 0.5555555555555556 0.09322916666666667 0.5546296296296296 0.09322916666666667 0.5518518518518518 0.09166666666666666 0.55 0.09166666666666666
4 0.4666666666666667 0.13541666666666666 0.4638888888888889 0.13697916666666668 0.46296296296296297 0.13697916666666668 0.4601851851851852 0.13854166666666667 0.45925925925925926 0.13854166666666667 0.45925925925925926 0.1390625 0.4564814814814815 0.140625 0.45555555555555555 0.140625 0.4527777777777778 0.1421875 0.4527777777777778 0.14270833333333333 0.45 0.14427083333333332 0.45 0.14479166666666668 0.44814814814814813 0.14583333333333334 0.44722222222222224 0.14583333333333334 0.44722222222222224 0.14635416666666667 0.4444444444444444 0.14791666666666667 0.4444444444444444 0.1484375 0.4425925925925926 0.14947916666666666 0.4425925925925926 0.15052083333333333 0.44166666666666665 0.15104166666666666 0.44166666666666665 0.153125 0.44074074074074077 0.15364583333333334 0.44074074074074077 0.1546875 0.44166666666666665 0.15520833333333334 0.4425925925925926 0.15677083333333333 0.44351851851851853 0.15677083333333333 0.44537037037037036 0.1578125 0.44722222222222224 0.1578125 0.44814814814814813 0.15833333333333333 0.4527777777777778 0.15833333333333333 0.4537037037037037 0.1578125 0.45740740740740743 0.1578125 0.4583333333333333 0.15833333333333333 0.46111111111111114 0.15885416666666666 0.4648148148148148 0.1609375 0.46574074074074073 0.1609375 0.4675925925925926 0.16197916666666667 0.4675925925925926 0.1625 0.4722222222222222 0.16510416666666666 0.4722222222222222 0.165625 0.48703703703703705 0.17395833333333333 0.48703703703703705 0.17447916666666666 0.4898148148148148 0.17604166666666668 0.49074074074074076 0.17604166666666668 0.4925925925925926 0.17708333333333334 0.4925925925925926 0.17760416666666667 0.4981481481481482 0.18072916666666666 0.4981481481481482 0.18125 0.5009259259259259 0.1828125 0.5009259259259259 0.18333333333333332 0.5027777777777778 0.184375 0.5027777777777778 0.18489583333333334 0.5037037037037037 0.18541666666666667 0.5046296296296297 0.18541666666666667 0.512962962962963 0.19010416666666666 0.5138888888888888 0.19010416666666666 0.5166666666666667 0.19114583333333332 0.5212962962962963 0.19114583333333332 0.5222222222222223 0.190625 0.5231481481481481 0.190625 0.524074074074074 0.19010416666666666 0.5268518518518519 0.18958333333333333 0.5287037037037037 0.18854166666666666 0.5287037037037037 0.1875 0.5305555555555556 0.18645833333333334 0.5305555555555556 0.1859375 0.5314814814814814 0.18541666666666667 0.5314814814814814 0.18385416666666668 0.5305555555555556 0.18333333333333332 0.5305555555555556 0.1828125 0.5296296296296297 0.18229166666666666 0.5287037037037037 0.18072916666666666 0.5268518518518519 0.1796875 0.5268518518518519 0.17916666666666667 0.5222222222222223 0.1765625 0.5222222222222223 0.17604166666666668 0.5138888888888888 0.17135416666666667 0.5138888888888888 0.17083333333333334 0.5120370370370371 0.16979166666666667 0.5111111111111111 0.16822916666666668 0.5083333333333333 0.16666666666666666 0.5083333333333333 0.16614583333333333 0.5055555555555555 0.16458333333333333 0.5055555555555555 0.1640625 0.5027777777777778 0.1625 0.5027777777777778 0.16197916666666667 0.49166666666666664 0.15572916666666667 0.49166666666666664 0.15520833333333334 0.4888888888888889 0.15364583333333334 0.4888888888888889 0.153125 0.4824074074074074 0.14947916666666666 0.4824074074074074 0.14895833333333333 0.4787037037037037 0.146875 0.4787037037037037 0.13802083333333334 0.4740740740740741 0.13541666666666666 0.47314814814814815 0.13541666666666666 0.4722222222222222 0.13489583333333333 0.4685185185185185 0.13489583333333333 0.4675925925925926 0.13541666666666666
1 0.22407407407407406 0.25625 0.22407407407407406 0.25833333333333336 0.22314814814814815 0.25885416666666666 0.22314814814814815 0.2598958333333333 0.22407407407407406 0.2604166666666667 0.22407407407407406 0.2625 0.225 0.2630208333333333 0.225 0.2640625 0.22685185185185186 0.26510416666666664 0.22685185185185186 0.265625 0.23148148148148148 0.2682291666666667 0.2324074074074074 0.2682291666666667 0.23425925925925925 0.26927083333333335 0.2351851851851852 0.26927083333333335 0.2361111111111111 0.26979166666666665 0.23703703703703705 0.26979166666666665 0.24074074074074073 0.271875 0.24166666666666667 0.271875 0.24351851851851852 0.27291666666666664 0.24444444444444444 0.27291666666666664 0.2490740740740741 0.2755208333333333 0.2490740740740741 0.2760416666666667 0.25277777777777777 0.278125 0.25277777777777777 0.2786458333333333 0.25555555555555554 0.28020833333333334 0.25555555555555554 0.28072916666666664 0.25925925925925924 0.2828125 0.25925925925925924 0.2833333333333333 0.2611111111111111 0.2833333333333333 0.262037037037037 0.2838541666666667 0.26296296296296295 0.2838541666666667 0.2638888888888889 0.284375 0.26481481481481484 0.284375 0.2657407407407407 0.28489583333333335 0.2675925925925926 0.28489583333333335 0.26944444444444443 0.2859375 0.27037037037037037 0.2859375 0.2722222222222222 0.2869791666666667 0.27314814814814814 0.2869791666666667 0.2740740740740741 0.2875 0.2759259259259259 0.2875 0.27685185185185185 0.28802083333333334 0.2824074074074074 0.28802083333333334 0.2833333333333333 0.2875 0.28425925925925927 0.2875 0.2851851851851852 0.2869791666666667 0.2861111111111111 0.2869791666666667 0.2935185185185185 0.2828125 0.2935185185185185 0.28229166666666666 0.2953703703703704 0.28125 0.2953703703703704 0.28072916666666664 0.2972222222222222 0.2796875 0.2972222222222222 0.27708333333333335 0.29814814814814816 0.2765625 0.29814814814814816 0.2755208333333333 0.2972222222222222 0.275 0.2972222222222222 0.27395833333333336 0.2953703703703704 0.27291666666666664 0.2953703703703704 0.27239583333333334 0.29444444444444445 0.271875 0.2935185185185185 0.271875 0.29259259259259257 0.2713541666666667 0.2916666666666667 0.2713541666666667 0.29074074074074074 0.2708333333333333 0.28888888888888886 0.2708333333333333 0.287962962962963 0.2703125 0.28703703703703703 0.2703125 0.28425925925925927 0.26875 0.28425925925925927 0.2682291666666667 0.2814814814814815 0.26666666666666666 0.2814814814814815 0.26614583333333336 0.2777777777777778 0.2640625 0.2759259259259259 0.2640625 0.275 0.2635416666666667 0.2740740740740741 0.2635416666666667 0.27314814814814814 0.2640625 0.2657407407407407 0.2640625 0.26481481481481484 0.2635416666666667 0.26296296296296295 0.2635416666666667 0.262037037037037 0.2630208333333333 0.2611111111111111 0.2630208333333333 0.2601851851851852 0.2625 0.25925925925925924 0.2625 0.2574074074074074 0.26145833333333335 0.2564814814814815 0.26145833333333335 0.25462962962962965 0.2604166666666667 0.2537037037037037 0.2604166666666667 0.2518518518518518 0.259375 0.25092592592592594 0.259375 0.24722222222222223 0.25729166666666664 0.24537037037037038 0.25729166666666664 0.24351851851851852 0.25625 0.24259259259259258 0.25625 0.24074074074074073 0.2552083333333333 0.23981481481481481 0.2552083333333333 0.2388888888888889 0.2546875 0.23796296296296296 0.2546875 0.23703703703703705 0.25416666666666665 0.22777777777777777 0.25416666666666665
4 0.7361111111111112 0.03125 0.7314814814814815 0.033854166666666664 0.7314814814814815 0.034375 0.7305555555555555 0.034895833333333334 0.7305555555555555 0.035416666666666666 0.7296296296296296 0.0359375 0.7296296296296296 0.036458333333333336 0.7277777777777777 0.03802083333333333 0.7277777777777777 0.0390625 0.7268518518518519 0.03958333333333333 0.7268518518518519 0.0421875 0.7277777777777777 0.042708333333333334 0.7277777777777777 0.04375 0.737037037037037 0.04895833333333333 0.7379629629629629 0.04895833333333333 0.7398148148148148 0.05 0.7407407407407407 0.05 0.7416666666666667 0.050520833333333334 0.7425925925925926 0.050520833333333334 0.7444444444444445 0.0515625 0.7453703703703703 0.0515625 0.7462962962962963 0.052083333333333336 0.7472222222222222 0.052083333333333336 0.7537037037037037 0.05572916666666667 0.7546296296296297 0.05572916666666667 0.7564814814814815 0.05677083333333333 0.7574074074074074 0.05677083333333333 0.7601851851851852 0.058333333333333334 0.7611111111111111 0.058333333333333334 0.7657407407407407 0.0609375 0.7666666666666667 0.0609375 0.7694444444444445 0.0625 0.7703703703703704 0.0625 0.7722222222222223 0.06354166666666666 0.7731481481481481 0.06354166666666666 0.774074074074074 0.0640625 0.775 0.0640625 0.7787037037037037 0.06614583333333333 0.7814814814814814 0.06614583333333333 0.7824074074074074 0.06666666666666667 0.7833333333333333 0.06666666666666667 0.7861111111111111 0.06822916666666666 0.7861111111111111 0.06875 0.7870370370370371 0.06927083333333334 0.7870370370370371 0.07083333333333333 0.787962962962963 0.07135416666666666 0.787962962962963 0.0734375 0.7888888888888889 0.07395833333333333 0.7888888888888889 0.07604166666666666 0.7898148148148149 0.07604166666666666 0.7916666666666666 0.07708333333333334 0.7925925925925926 0.07708333333333334 0.7935185185185185 0.07760416666666667 0.799074074074074 0.07760416666666667 0.8018518518518518 0.07604166666666666 0.8027777777777778 0.07604166666666666 0.8037037037037037 0.07552083333333333 0.8037037037037037 0.075 0.8083333333333333 0.07239583333333334 0.8083333333333333 0.071875 0.8092592592592592 0.07135416666666666 0.8092592592592592 0.07083333333333333 0.8111111111111111 0.06979166666666667 0.8111111111111111 0.06927083333333334 0.812962962962963 0.06822916666666666 0.812962962962963 0.06770833333333333 0.8148148148148148 0.06666666666666667 0.8148148148148148 0.06614583333333333 0.8175925925925925 0.06458333333333334 0.8175925925925925 0.06354166666666666 0.8185185185185185 0.06302083333333333 0.8185185185185185 0.06197916666666667 0.8203703703703704 0.06041666666666667 0.8203703703703704 0.058854166666666666 0.8194444444444444 0.058333333333333334 0.8194444444444444 0.05677083333333333 0.8175925925925925 0.05572916666666667 0.8166666666666667 0.05572916666666667 0.8148148148148148 0.0546875 0.8101851851851852 0.0546875 0.8092592592592592 0.05520833333333333 0.8074074074074075 0.05520833333333333 0.8064814814814815 0.05572916666666667 0.8037037037037037 0.05572916666666667 0.8027777777777778 0.05520833333333333 0.8009259259259259 0.05520833333333333 0.8 0.0546875 0.799074074074074 0.0546875 0.7981481481481482 0.05416666666666667 0.7972222222222223 0.05416666666666667 0.7962962962962963 0.05364583333333333 0.7953703703703704 0.05364583333333333 0.7935185185185185 0.05260416666666667 0.7925925925925926 0.05260416666666667 0.7916666666666666 0.052083333333333336 0.7907407407407407 0.052083333333333336 0.7888888888888889 0.051041666666666666 0.787962962962963 0.051041666666666666 0.7842592592592592 0.04895833333333333 0.7833333333333333 0.04895833333333333 0.7824074074074074 0.0484375 0.7814814814814814 0.0484375 0.7777777777777778 0.04635416666666667 0.7768518518518519 0.04635416666666667 0.775 0.0453125 0.775 0.04479166666666667 0.774074074074074 0.04479166666666667 0.7722222222222223 0.04375 0.7712962962962963 0.04375 0.7685185185185185 0.0421875 0.7675925925925926 0.0421875 0.7657407407407407 0.04114583333333333 0.7648148148148148 0.04114583333333333 0.7638888888888888 0.040625 0.762962962962963 0.040625 0.7564814814814815 0.03697916666666667 0.7555555555555555 0.03697916666666667 0.7537037037037037 0.0359375 0.7527777777777778 0.0359375 0.7509259259259259 0.034895833333333334 0.75 0.034895833333333334 0.7472222222222222 0.03333333333333333 0.7462962962962963 0.03333333333333333 0.7435185185185185 0.03229166666666667 0.7416666666666667 0.03229166666666667 0.7407407407407407 0.03177083333333333 0.7379629629629629 0.03177083333333333 0.737037037037037 0.03125
4 0.3574074074074074 0.2713541666666667 0.35555555555555557 0.27239583333333334 0.35555555555555557 0.27291666666666664 0.3537037037037037 0.27447916666666666 0.3537037037037037 0.2765625 0.35462962962962963 0.27708333333333335 0.35462962962962963 0.278125 0.35555555555555557 0.2786458333333333 0.35648148148148145 0.28020833333333334 0.3574074074074074 0.28072916666666664 0.35833333333333334 0.28072916666666664 0.36018518518518516 0.28177083333333336 0.3685185185185185 0.28177083333333336 0.36944444444444446 0.28229166666666666 0.37037037037037035 0.28229166666666666 0.37407407407407406 0.284375 0.37407407407407406 0.28489583333333335 0.375 0.28541666666666665 0.375 0.2859375 0.3768518518518518 0.2869791666666667 0.3768518518518518 0.2875 0.37777777777777777 0.28802083333333334 0.3787037037037037 0.28958333333333336 0.38055555555555554 0.290625 0.3814814814814815 0.2921875 0.38333333333333336 0.29322916666666665 0.38333333333333336 0.29375 0.38425925925925924 0.2942708333333333 0.38425925925925924 0.2947916666666667 0.3851851851851852 0.2953125 0.3851851851851852 0.29583333333333334 0.3861111111111111 0.29635416666666664 0.3861111111111111 0.296875 0.387037037037037 0.29739583333333336 0.38796296296296295 0.2989583333333333 0.39166666666666666 0.3015625 0.39166666666666666 0.3020833333333333 0.3925925925925926 0.3026041666666667 0.3925925925925926 0.303125 0.39351851851851855 0.30364583333333334 0.39351851851851855 0.30416666666666664 0.39444444444444443 0.3046875 0.39444444444444443 0.30520833333333336 0.39537037037037037 0.30572916666666666 0.39537037037037037 0.30625 0.3962962962962963 0.3067708333333333 0.3972222222222222 0.30833333333333335 0.3990740740740741 0.309375 0.3990740740740741 0.3098958333333333 0.4009259259259259 0.3109375 0.4009259259259259 0.31145833333333334 0.4046296296296296 0.3140625 0.40555555555555556 0.315625 0.4074074074074074 0.31666666666666665 0.4074074074074074 0.3171875 0.4083333333333333 0.3177083333333333 0.4083333333333333 0.3182291666666667 0.4101851851851852 0.31927083333333334 0.4101851851851852 0.31979166666666664 0.412962962962963 0.32135416666666666 0.41388888888888886 0.32135416666666666 0.41574074074074074 0.3223958333333333 0.41759259259259257 0.3223958333333333 0.4203703703703704 0.3234375 0.42685185185185187 0.3234375 0.42777777777777776 0.3229166666666667 0.42962962962962964 0.3229166666666667 0.43148148148148147 0.321875 0.43148148148148147 0.32135416666666666 0.4324074074074074 0.32083333333333336 0.4324074074074074 0.31979166666666664 0.43333333333333335 0.31927083333333334 0.43333333333333335 0.315625 0.4324074074074074 0.3151041666666667 0.4324074074074074 0.31354166666666666 0.43148148148148147 0.31302083333333336 0.43148148148148147 0.3125 0.42962962962962964 0.31145833333333334 0.42962962962962964 0.3109375 0.4287037037037037 0.3104166666666667 0.4287037037037037 0.3098958333333333 0.42777777777777776 0.309375 0.42685185185185187 0.3078125 0.425 0.3067708333333333 0.425 0.30625 0.42407407407407405 0.30572916666666666 0.42407407407407405 0.30520833333333336 0.4222222222222222 0.30416666666666664 0.4212962962962963 0.3026041666666667 0.41759259259259257 0.3 0.41759259259259257 0.2994791666666667 0.4166666666666667 0.2989583333333333 0.4166666666666667 0.2984375 0.41574074074074074 0.29791666666666666 0.41574074074074074 0.29739583333333336 0.4148148148148148 0.296875 0.4148148148148148 0.29635416666666664 0.41388888888888886 0.29583333333333334 0.412962962962963 0.2942708333333333 0.4111111111111111 0.29322916666666665 0.4101851851851852 0.2916666666666667 0.4083333333333333 0.290625 0.4083333333333333 0.29010416666666666 0.4074074074074074 0.28958333333333336 0.4074074074074074 0.2890625 0.4064814814814815 0.28854166666666664 0.4064814814814815 0.28802083333333334 0.40555555555555556 0.2875 0.40555555555555556 0.2869791666666667 0.40370370370370373 0.28541666666666665 0.40370370370370373 0.284375 0.4027777777777778 0.2838541666666667 0.4027777777777778 0.2833333333333333 0.4009259259259259 0.28229166666666666 0.4009259259259259 0.28177083333333336 0.3990740740740741 0.28072916666666664 0.3990740740740741 0.28020833333333334 0.39814814814814814 0.2796875 0.39814814814814814 0.2786458333333333 0.3972222222222222 0.278125 0.3972222222222222 0.2765625 0.3962962962962963 0.2760416666666667 0.3962962962962963 0.2671875 0.39537037037037037 0.26666666666666666 0.39537037037037037 0.26614583333333336 0.39444444444444443 0.265625 0.39351851851851855 0.2640625 0.3907407407407407 0.2630208333333333 0.38333333333333336 0.2630208333333333 0.3824074074074074 0.2635416666666667 0.38055555555555554 0.2635416666666667 0.37962962962962965 0.2640625 0.3787037037037037 0.2640625 0.3768518518518518 0.26510416666666664 0.37592592592592594 0.26510416666666664 0.3731481481481482 0.26666666666666666 0.3712962962962963 0.26666666666666666 0.37037037037037035 0.2671875 0.36944444444444446 0.2671875 0.3675925925925926 0.2682291666666667 0.36666666666666664 0.2682291666666667 0.36574074074074076 0.26875 0.3638888888888889 0.26875 0.3611111111111111 0.2703125 0.36018518518518516 0.2703125 0.35833333333333334 0.2713541666666667
1 0.5833333333333334 0.14791666666666667 0.5814814814814815 0.14895833333333333 0.5805555555555556 0.14895833333333333 0.5796296296296296 0.14947916666666666 0.5796296296296296 0.15 0.5777777777777777 0.15104166666666666 0.5777777777777777 0.1515625 0.575925925925926 0.15260416666666668 0.575925925925926 0.153125 0.5740740740740741 0.15416666666666667 0.5740740740740741 0.15520833333333334 0.5731481481481482 0.15572916666666667 0.5731481481481482 0.15729166666666666 0.5722222222222222 0.1578125 0.5722222222222222 0.15833333333333333 0.5731481481481482 0.15885416666666666 0.5731481481481482 0.1609375 0.5740740740740741 0.16145833333333334 0.5740740740740741 0.1625 0.575 0.16302083333333334 0.575 0.1640625 0.575925925925926 0.16458333333333333 0.575925925925926 0.16510416666666666 0.5768518518518518 0.165625 0.5768518518518518 0.16614583333333333 0.5787037037037037 0.1671875 0.5787037037037037 0.16770833333333332 0.5796296296296296 0.16822916666666668 0.5805555555555556 0.16822916666666668 0.5824074074074074 0.16927083333333334 0.5833333333333334 0.16927083333333334 0.5842592592592593 0.16979166666666667 0.5851851851851851 0.16979166666666667 0.5861111111111111 0.1703125 0.587037037037037 0.1703125 0.5879629629629629 0.17083333333333334 0.5898148148148148 0.17083333333333334 0.5935185185185186 0.17291666666666666 0.5944444444444444 0.17291666666666666 0.5981481481481481 0.175 0.5981481481481481 0.17552083333333332 0.6018518518518519 0.17760416666666667 0.6018518518518519 0.178125 0.6046296296296296 0.1796875 0.6046296296296296 0.18020833333333333 0.6101851851851852 0.18333333333333332 0.6101851851851852 0.18385416666666668 0.6129629629629629 0.18541666666666667 0.6138888888888889 0.18541666666666667 0.6148148148148148 0.1859375 0.6222222222222222 0.1859375 0.6231481481481481 0.18541666666666667 0.6240740740740741 0.18541666666666667 0.6240740740740741 0.18489583333333334 0.6268518518518519 0.18333333333333332 0.6268518518518519 0.1828125 0.6277777777777778 0.18229166666666666 0.6277777777777778 0.18177083333333333 0.6287037037037037 0.18125 0.6287037037037037 0.17760416666666667 0.6277777777777778 0.17708333333333334 0.6277777777777778 0.1765625 0.6268518518518519 0.17604166666666668 0.6268518518518519 0.17552083333333332 0.625 0.17447916666666666 0.625 0.17395833333333333 0.6240740740740741 0.1734375 0.6240740740740741 0.17291666666666666 0.6231481481481481 0.17239583333333333 0.6231481481481481 0.171875 0.6222222222222222 0.17135416666666667 0.6212962962962963 0.17135416666666667 0.6194444444444445 0.1703125 0.6194444444444445 0.16979166666666667 0.6166666666666667 0.16822916666666668 0.6166666666666667 0.16770833333333332 0.6148148148148148 0.16666666666666666 0.6148148148148148 0.16614583333333333 0.6138888888888889 0.165625 0.6138888888888889 0.16510416666666666 0.6111111111111112 0.16354166666666667 0.6111111111111112 0.16302083333333334 0.6101851851851852 0.1625 0.6101851851851852 0.16197916666666667 0.6092592592592593 0.16145833333333334 0.6092592592592593 0.15833333333333333 0.6083333333333333 0.1578125 0.6083333333333333 0.15677083333333333 0.6074074074074074 0.15625 0.6074074074074074 0.15572916666666667 0.6 0.1515625 0.6 0.15104166666666666 0.5990740740740741 0.15052083333333333 0.5990740740740741 0.15 0.5953703703703703 0.14791666666666667 0.5953703703703703 0.14739583333333334 0.5935185185185186 0.14739583333333334 0.5916666666666667 0.14635416666666667 0.5907407407407408 0.14635416666666667 0.5898148148148148 0.146875 0.5879629629629629 0.146875 0.587037037037037 0.14739583333333334 0.5861111111111111 0.14739583333333334 0.5851851851851851 0.14791666666666667
4 0.43796296296296294 0.2557291666666667 0.43703703703703706 0.25625 0.4361111111111111 0.25625 0.43425925925925923 0.25729166666666664 0.43148148148148147 0.2578125 0.4287037037037037 0.259375 0.4287037037037037 0.2604166666666667 0.42777777777777776 0.2609375 0.42777777777777776 0.26666666666666666 0.4287037037037037 0.2671875 0.4287037037037037 0.26875 0.42962962962962964 0.26927083333333335 0.42962962962962964 0.2703125 0.4305555555555556 0.2708333333333333 0.4305555555555556 0.271875 0.43148148148148147 0.27239583333333334 0.43148148148148147 0.27395833333333336 0.43333333333333335 0.2755208333333333 0.43333333333333335 0.2765625 0.43425925925925923 0.27708333333333335 0.43425925925925923 0.278125 0.4351851851851852 0.2786458333333333 0.4351851851851852 0.2796875 0.4361111111111111 0.28020833333333334 0.4361111111111111 0.28125 0.43703703703703706 0.28177083333333336 0.43703703703703706 0.2828125 0.43796296296296294 0.2833333333333333 0.43796296296296294 0.284375 0.4388888888888889 0.28489583333333335 0.4388888888888889 0.2859375 0.44074074074074077 0.2875 0.44074074074074077 0.28854166666666664 0.44166666666666665 0.2890625 0.44166666666666665 0.29010416666666666 0.4425925925925926 0.290625 0.4425925925925926 0.2916666666666667 0.44351851851851853 0.2921875 0.44351851851851853 0.29322916666666665 0.4444444444444444 0.29375 0.4444444444444444 0.2947916666666667 0.44537037037037036 0.2953125 0.44537037037037036 0.29635416666666664 0.4462962962962963 0.296875 0.4462962962962963 0.29739583333333336 0.44814814814814813 0.2989583333333333 0.44814814814814813 0.30052083333333335 0.44907407407407407 0.30104166666666665 0.44907407407407407 0.3020833333333333 0.45 0.3026041666666667 0.45 0.3067708333333333 0.44907407407407407 0.3072916666666667 0.44907407407407407 0.30833333333333335 0.44722222222222224 0.3098958333333333 0.44722222222222224 0.3140625 0.44814814814814813 0.3145833333333333 0.44814814814814813 0.315625 0.45 0.31666666666666665 0.45 0.3171875 0.4527777777777778 0.3182291666666667 0.462037037037037 0.3182291666666667 0.46296296296296297 0.3177083333333333 0.4648148148148148 0.3177083333333333 0.46574074074074073 0.3171875 0.4722222222222222 0.3171875 0.47314814814814815 0.31666666666666665 0.4759259259259259 0.31666666666666665 0.47685185185185186 0.31614583333333335 0.4777777777777778 0.31614583333333335 0.47962962962962963 0.3151041666666667 0.4824074074074074 0.3145833333333333 0.4861111111111111 0.3125 0.4861111111111111 0.31197916666666664 0.487962962962963 0.3109375 0.487962962962963 0.3072916666666667 0.48703703703703705 0.3067708333333333 0.48703703703703705 0.30572916666666666 0.4861111111111111 0.30520833333333336 0.48518518518518516 0.30364583333333334 0.48148148148148145 0.3015625 0.4787037037037037 0.3015625 0.4777777777777778 0.30104166666666665 0.47685185185185186 0.30104166666666665 0.4740740740740741 0.2994791666666667 0.4740740740740741 0.2989583333333333 0.4722222222222222 0.29791666666666666 0.4722222222222222 0.29739583333333336 0.47129629629629627 0.296875 0.47129629629629627 0.29583333333333334 0.4703703703703704 0.2953125 0.4703703703703704 0.29375 0.4685185185185185 0.2921875 0.4685185185185185 0.2911458333333333 0.4675925925925926 0.290625 0.4675925925925926 0.28958333333333336 0.4666666666666667 0.2890625 0.4666666666666667 0.2875 0.46574074074074073 0.2869791666666667 0.46574074074074073 0.2859375 0.4648148148148148 0.28541666666666665 0.4648148148148148 0.284375 0.4638888888888889 0.2838541666666667 0.4638888888888889 0.2828125 0.46296296296296297 0.28229166666666666 0.46296296296296297 0.28177083333333336 0.462037037037037 0.28125 0.462037037037037 0.28072916666666664 0.4601851851851852 0.2791666666666667 0.4601851851851852 0.278125 0.45925925925925926 0.27760416666666665 0.45925925925925926 0.2765625 0.4583333333333333 0.2760416666666667 0.4583333333333333 0.275 0.45740740740740743 0.27447916666666666 0.45740740740740743 0.2734375 0.45555555555555555 0.271875 0.45555555555555555 0.2708333333333333 0.4546296296296296 0.2703125 0.4546296296296296 0.26927083333333335 0.4537037037037037 0.26875 0.4537037037037037 0.2677083333333333 0.4527777777777778 0.2671875 0.4527777777777778 0.26614583333333336 0.45185185185185184 0.265625 0.45185185185185184 0.26458333333333334 0.45092592592592595 0.2640625 0.45092592592592595 0.2630208333333333 0.45 0.2625 0.45 0.26197916666666665 0.44907407407407407 0.26145833333333335 0.44907407407407407 0.2609375 0.44814814814814813 0.2604166666666667 0.44722222222222224 0.25885416666666666 0.4425925925925926 0.25625 0.44166666666666665 0.25625 0.44074074074074077 0.2557291666666667
6 0.7305555555555555 0.14479166666666668 0.7296296296296296 0.1453125 0.7277777777777777 0.1453125 0.7268518518518519 0.14583333333333334 0.725925925925926 0.14583333333333334 0.725 0.14635416666666667 0.7240740740740741 0.14635416666666667 0.7175925925925926 0.15 0.7175925925925926 0.15052083333333333 0.7166666666666667 0.15104166666666666 0.7166666666666667 0.15208333333333332 0.7157407407407408 0.15260416666666668 0.7157407407407408 0.153125 0.7148148148148148 0.15364583333333334 0.7148148148148148 0.1609375 0.7157407407407408 0.16145833333333334 0.7157407407407408 0.165625 0.7166666666666667 0.16614583333333333 0.7166666666666667 0.16770833333333332 0.7175925925925926 0.16822916666666668 0.7175925925925926 0.16927083333333334 0.7212962962962963 0.17135416666666667 0.7212962962962963 0.171875 0.7231481481481481 0.17291666666666666 0.7231481481481481 0.1734375 0.7240740740740741 0.17395833333333333 0.725 0.17395833333333333 0.7277777777777777 0.17552083333333332 0.7287037037037037 0.17552083333333332 0.7296296296296296 0.17604166666666668 0.7305555555555555 0.17604166666666668 0.7324074074074074 0.17708333333333334 0.737037037037037 0.17708333333333334 0.7379629629629629 0.17760416666666667 0.7462962962962963 0.17760416666666667 0.7472222222222222 0.17708333333333334 0.7490740740740741 0.17708333333333334 0.75 0.1765625 0.7509259259259259 0.1765625 0.7518518518518519 0.17604166666666668 0.7527777777777778 0.17604166666666668 0.7537037037037037 0.17552083333333332 0.7546296296296297 0.17552083333333332 0.7601851851851852 0.17239583333333333 0.7601851851851852 0.171875 0.7620370370370371 0.17083333333333334 0.7620370370370371 0.1703125 0.762962962962963 0.16979166666666667 0.762962962962963 0.16927083333333334 0.7638888888888888 0.16875 0.7638888888888888 0.16666666666666666 0.7648148148148148 0.16614583333333333 0.7648148148148148 0.15885416666666666 0.7638888888888888 0.15833333333333333 0.7638888888888888 0.15677083333333333 0.762962962962963 0.15625 0.762962962962963 0.15520833333333334 0.7620370370370371 0.1546875 0.7620370370370371 0.15416666666666667 0.7611111111111111 0.15364583333333334 0.7611111111111111 0.153125 0.7601851851851852 0.15260416666666668 0.7601851851851852 0.15208333333333332 0.7592592592592593 0.1515625 0.7592592592592593 0.15104166666666666 0.7555555555555555 0.14895833333333333 0.7555555555555555 0.1484375 0.7546296296296297 0.1484375 0.7537037037037037 0.14791666666666667 0.7527777777777778 0.14791666666666667 0.7509259259259259 0.146875 0.75 0.146875 0.7490740740740741 0.14635416666666667 0.7481481481481481 0.14635416666666667 0.7472222222222222 0.14583333333333334 0.7453703703703703 0.14583333333333334 0.7444444444444445 0.1453125 0.7416666666666667 0.1453125 0.7407407407407407 0.14479166666666668
6 0.6851851851851852 0.14583333333333334 0.6842592592592592 0.14635416666666667 0.6805555555555556 0.14635416666666667 0.6796296296296296 0.146875 0.6787037037037037 0.146875 0.6777777777777778 0.14739583333333334 0.6768518518518518 0.14739583333333334 0.6759259259259259 0.14791666666666667 0.674074074074074 0.14791666666666667 0.6685185185185185 0.15104166666666666 0.6685185185185185 0.1515625 0.6666666666666666 0.15260416666666668 0.6666666666666666 0.153125 0.6657407407407407 0.15364583333333334 0.6657407407407407 0.1546875 0.6648148148148149 0.15520833333333334 0.6648148148148149 0.15677083333333333 0.6638888888888889 0.15729166666666666 0.6638888888888889 0.1609375 0.662962962962963 0.16145833333333334 0.662962962962963 0.16197916666666667 0.6638888888888889 0.1625 0.6638888888888889 0.16614583333333333 0.6648148148148149 0.16666666666666666 0.6648148148148149 0.16822916666666668 0.6657407407407407 0.16875 0.6657407407407407 0.16979166666666667 0.6675925925925926 0.17083333333333334 0.6675925925925926 0.17135416666666667 0.6685185185185185 0.171875 0.6685185185185185 0.17239583333333333 0.6694444444444444 0.17291666666666666 0.6694444444444444 0.1734375 0.6768518518518518 0.17760416666666667 0.6777777777777778 0.17760416666666667 0.6787037037037037 0.178125 0.6796296296296296 0.178125 0.6805555555555556 0.17864583333333334 0.6814814814814815 0.17864583333333334 0.6824074074074075 0.17916666666666667 0.6833333333333333 0.17916666666666667 0.6842592592592592 0.1796875 0.6861111111111111 0.1796875 0.687037037037037 0.18020833333333333 0.6888888888888889 0.18020833333333333 0.6898148148148148 0.18072916666666666 0.6935185185185185 0.18072916666666666 0.6944444444444444 0.18020833333333333 0.6962962962962963 0.18020833333333333 0.6972222222222222 0.1796875 0.6990740740740741 0.1796875 0.7 0.17916666666666667 0.700925925925926 0.17916666666666667 0.7018518518518518 0.17864583333333334 0.7027777777777777 0.17864583333333334 0.7037037037037037 0.178125 0.7046296296296296 0.178125 0.712037037037037 0.17395833333333333 0.712037037037037 0.1734375 0.7129629629629629 0.17291666666666666 0.7129629629629629 0.17239583333333333 0.7138888888888889 0.171875 0.7138888888888889 0.17083333333333334 0.7148148148148148 0.1703125 0.7148148148148148 0.16979166666666667 0.7157407407407408 0.16927083333333334 0.7157407407407408 0.16041666666666668 0.7148148148148148 0.15989583333333332 0.7148148148148148 0.15572916666666667 0.7138888888888889 0.15520833333333334 0.7138888888888889 0.15364583333333334 0.7092592592592593 0.15104166666666666 0.7083333333333334 0.15104166666666666 0.7055555555555556 0.14947916666666666 0.7046296296296296 0.14947916666666666 0.7027777777777777 0.1484375 0.7018518518518518 0.1484375 0.700925925925926 0.14791666666666667 0.7 0.14791666666666667 0.6990740740740741 0.14739583333333334 0.6972222222222222 0.14739583333333334 0.6962962962962963 0.146875 0.6953703703703704 0.146875 0.6944444444444444 0.14635416666666667 0.6907407407407408 0.14635416666666667 0.6898148148148148 0.14583333333333334
5 0.5462962962962963 0.28177083333333336 0.5407407407407407 0.28177083333333336 0.5398148148148149 0.28125 0.5351851851851852 0.28125 0.5342592592592592 0.28177083333333336 0.5324074074074074 0.28177083333333336 0.5314814814814814 0.28229166666666666 0.5305555555555556 0.28229166666666666 0.5268518518518519 0.284375 0.5268518518518519 0.28489583333333335 0.525 0.2864583333333333 0.525 0.2875 0.524074074074074 0.28802083333333334 0.524074074074074 0.2890625 0.5231481481481481 0.28958333333333336 0.5231481481481481 0.2911458333333333 0.5222222222222223 0.2916666666666667 0.5222222222222223 0.2942708333333333 0.5212962962962963 0.2947916666666667 0.5212962962962963 0.29739583333333336 0.5203703703703704 0.29791666666666666 0.5203703703703704 0.30052083333333335 0.5194444444444445 0.30104166666666665 0.5194444444444445 0.30364583333333334 0.5185185185185185 0.30416666666666664 0.5185185185185185 0.30572916666666666 0.5175925925925926 0.30625 0.5175925925925926 0.3067708333333333 0.5166666666666667 0.3072916666666667 0.5166666666666667 0.3078125 0.5138888888888888 0.309375 0.512962962962963 0.309375 0.5120370370370371 0.3098958333333333 0.5101851851851852 0.3098958333333333 0.5092592592592593 0.3104166666666667 0.5083333333333333 0.3104166666666667 0.5064814814814815 0.31145833333333334 0.5055555555555555 0.31145833333333334 0.5055555555555555 0.31197916666666664 0.5037037037037037 0.31354166666666666 0.5037037037037037 0.315625 0.5027777777777778 0.31614583333333335 0.5027777777777778 0.31927083333333334 0.5037037037037037 0.31979166666666664 0.5037037037037037 0.3223958333333333 0.5046296296296297 0.3229166666666667 0.5046296296296297 0.32395833333333335 0.5055555555555555 0.32447916666666665 0.5055555555555555 0.3255208333333333 0.5083333333333333 0.32708333333333334 0.5083333333333333 0.32760416666666664 0.5092592592592593 0.32760416666666664 0.5101851851851852 0.328125 0.5111111111111111 0.328125 0.512962962962963 0.32916666666666666 0.5138888888888888 0.32916666666666666 0.5148148148148148 0.3296875 0.5166666666666667 0.3296875 0.5175925925925926 0.3302083333333333 0.5194444444444445 0.3302083333333333 0.5203703703703704 0.3307291666666667 0.525 0.3307291666666667 0.5259259259259259 0.33125 0.5370370370370371 0.33125 0.537962962962963 0.3307291666666667 0.5435185185185185 0.3307291666666667 0.5444444444444444 0.3302083333333333 0.5472222222222223 0.3302083333333333 0.5481481481481482 0.3296875 0.55 0.3296875 0.5509259259259259 0.32916666666666666 0.5518518518518518 0.32916666666666666 0.5527777777777778 0.32864583333333336 0.5537037037037037 0.32864583333333336 0.5555555555555556 0.32760416666666664 0.5555555555555556 0.32708333333333334 0.5564814814814815 0.3265625 0.5564814814814815 0.32447916666666665 0.5574074074074075 0.32395833333333335 0.5574074074074075 0.3177083333333333 0.5564814814814815 0.3171875 0.5564814814814815 0.3145833333333333 0.5555555555555556 0.3140625 0.5555555555555556 0.31302083333333336 0.5546296296296296 0.3125 0.5546296296296296 0.31197916666666664 0.5537037037037037 0.31145833333333334 0.5537037037037037 0.3104166666666667 0.5527777777777778 0.3098958333333333 0.5527777777777778 0.3067708333333333 0.5518518518518518 0.30625 0.5518518518518518 0.3026041666666667 0.5527777777777778 0.3020833333333333 0.5527777777777778 0.2984375 0.5537037037037037 0.29791666666666666 0.5537037037037037 0.29375 0.5546296296296296 0.29322916666666665 0.5546296296296296 0.2869791666666667 0.5537037037037037 0.2864583333333333 0.5537037037037037 0.28541666666666665 0.5527777777777778 0.28489583333333335 0.5527777777777778 0.284375 0.5518518518518518 0.2838541666666667 0.5518518518518518 0.2833333333333333 0.5509259259259259 0.2833333333333333 0.549074074074074 0.28229166666666666 0.5472222222222223 0.28229166666666666
2 0.5898148148148148 0.3880208333333333 0.5842592592592593 0.38229166666666664 0.5796296296296296 0.3796875 0.575925925925926 0.37916666666666665 0.575 0.37864583333333335 0.5722222222222222 0.37864583333333335 0.5712962962962963 0.37916666666666665 0.5657407407407408 0.3796875 0.5638888888888889 0.3802083333333333 0.5638888888888889 0.38125 0.562037037037037 0.38333333333333336 0.562037037037037 0.3848958333333333 0.5592592592592592 0.38697916666666665 0.5407407407407407 0.3921875 0.5333333333333333 0.3932291666666667 0.5287037037037037 0.39479166666666665 0.5268518518518519 0.39479166666666665 0.5259259259259259 0.3953125 0.524074074074074 0.3953125 0.5231481481481481 0.3958333333333333 0.5212962962962963 0.3958333333333333 0.5203703703703704 0.3963541666666667 0.5185185185185185 0.3963541666666667 0.5148148148148148 0.39739583333333334 0.5092592592592593 0.39791666666666664 0.5046296296296297 0.39947916666666666 0.5027777777777778 0.39947916666666666 0.5018518518518519 0.4 0.5 0.4 0.4962962962962963 0.4010416666666667 0.4935185185185185 0.4010416666666667 0.4842592592592593 0.4036458333333333 0.4824074074074074 0.4036458333333333 0.48148148148148145 0.4041666666666667 0.4740740740740741 0.40520833333333334 0.46944444444444444 0.40677083333333336 0.4648148148148148 0.40729166666666666 0.462037037037037 0.4083333333333333 0.45925925925925926 0.4083333333333333 0.4583333333333333 0.4088541666666667 0.4537037037037037 0.409375 0.45185185185185184 0.41041666666666665 0.4444444444444444 0.4114583333333333 0.44166666666666665 0.4125 0.43703703703703706 0.41302083333333334 0.43425925925925923 0.4140625 0.4324074074074074 0.4140625 0.43148148148148147 0.41458333333333336 0.42962962962962964 0.41458333333333336 0.42592592592592593 0.415625 0.42314814814814816 0.415625 0.41944444444444445 0.4171875 0.41759259259259257 0.4171875 0.41388888888888886 0.41822916666666665 0.4101851851851852 0.4197916666666667 0.40925925925925927 0.42083333333333334 0.40925925925925927 0.42239583333333336 0.4083333333333333 0.42291666666666666 0.4101851851851852 0.4270833333333333 0.41574074074074074 0.4296875 0.4222222222222222 0.4296875 0.42314814814814816 0.42916666666666664 0.42685185185185187 0.42916666666666664 0.4324074074074074 0.4276041666666667 0.4351851851851852 0.4276041666666667 0.4361111111111111 0.4270833333333333 0.4425925925925926 0.4265625 0.44537037037037036 0.42552083333333335 0.45 0.425 0.45555555555555555 0.4234375 0.46296296296296297 0.42291666666666666 0.46944444444444444 0.42083333333333334 0.47129629629629627 0.42083333333333334 0.4722222222222222 0.4203125 0.47962962962962963 0.4192708333333333 0.4861111111111111 0.4171875 0.487962962962963 0.4171875 0.49074074074074076 0.4161458333333333 0.4935185185185185 0.4161458333333333 0.5027777777777778 0.41354166666666664 0.5055555555555555 0.41354166666666664 0.5083333333333333 0.4125 0.5101851851851852 0.4125 0.5111111111111111 0.4119791666666667 0.512962962962963 0.4119791666666667 0.5138888888888888 0.4114583333333333 0.5212962962962963 0.41041666666666665 0.5259259259259259 0.4088541666666667 0.5287037037037037 0.4088541666666667 0.5324074074074074 0.4078125 0.5361111111111111 0.4078125 0.5388888888888889 0.40677083333333336 0.5435185185185185 0.40625 0.549074074074074 0.4046875 0.5518518518518518 0.4046875 0.5527777777777778 0.4041666666666667 0.5574074074074075 0.4041666666666667 0.5583333333333333 0.4036458333333333 0.5601851851851852 0.4036458333333333 0.5638888888888889 0.40260416666666665 0.5694444444444444 0.40260416666666665 0.5703703703703704 0.403125 0.5731481481481482 0.403125 0.5740740740740741 0.4036458333333333 0.5805555555555556 0.4036458333333333 0.5814814814814815 0.403125 0.5833333333333334 0.403125 0.587037037037037 0.40208333333333335 0.5888888888888889 0.4010416666666667 0.5907407407407408 0.39895833333333336 0.5907407407407408 0.39739583333333334 0.5916666666666667 0.396875 0.5916666666666667 0.3921875 0.5907407407407408 0.39166666666666666
3 0.8268518518518518 0.11458333333333333 0.825 0.11458333333333333 0.8240740740740741 0.1140625 0.8212962962962963 0.1140625 0.8203703703703704 0.11354166666666667 0.8194444444444444 0.11354166666666667 0.8166666666666667 0.1125 0.8148148148148148 0.1125 0.8138888888888889 0.11197916666666667 0.8092592592592592 0.11197916666666667 0.8083333333333333 0.11145833333333334 0.8064814814814815 0.11145833333333334 0.8055555555555556 0.1109375 0.8 0.1109375 0.799074074074074 0.11145833333333334 0.7972222222222223 0.11145833333333334 0.7962962962962963 0.11197916666666667 0.7953703703703704 0.11197916666666667 0.7944444444444444 0.1125 0.7935185185185185 0.1125 0.7898148148148149 0.11458333333333333 0.7898148148148149 0.11510416666666666 0.7888888888888889 0.115625 0.7888888888888889 0.11614583333333334 0.787962962962963 0.11666666666666667 0.787962962962963 0.1171875 0.7861111111111111 0.11875 0.7861111111111111 0.1203125 0.7851851851851852 0.12083333333333333 0.7851851851851852 0.13177083333333334 0.7842592592592592 0.13229166666666667 0.7842592592592592 0.13333333333333333 0.7833333333333333 0.13385416666666666 0.7833333333333333 0.13541666666666666 0.7814814814814814 0.13697916666666668 0.7814814814814814 0.13802083333333334 0.7805555555555556 0.13854166666666667 0.7805555555555556 0.1390625 0.7796296296296297 0.13958333333333334 0.7796296296296297 0.14010416666666667 0.7787037037037037 0.140625 0.7787037037037037 0.14114583333333333 0.7777777777777778 0.14166666666666666 0.7777777777777778 0.1421875 0.7768518518518519 0.14270833333333333 0.7768518518518519 0.14322916666666666 0.775 0.14479166666666668 0.775 0.14583333333333334 0.774074074074074 0.14635416666666667 0.774074074074074 0.14739583333333334 0.7731481481481481 0.14791666666666667 0.7731481481481481 0.1484375 0.7712962962962963 0.15 0.7712962962962963 0.15260416666666668 0.7703703703703704 0.153125 0.7703703703703704 0.1546875 0.7712962962962963 0.15520833333333334 0.7712962962962963 0.15677083333333333 0.7722222222222223 0.15729166666666666 0.7722222222222223 0.1578125 0.7768518518518519 0.16041666666666668 0.7777777777777778 0.16041666666666668 0.7805555555555556 0.16145833333333334 0.7833333333333333 0.16145833333333334 0.7842592592592592 0.16197916666666667 0.7944444444444444 0.16197916666666667 0.7972222222222223 0.16041666666666668 0.7981481481481482 0.16041666666666668 0.799074074074074 0.15989583333333332 0.799074074074074 0.159375 0.8018518518518518 0.1578125 0.8018518518518518 0.15729166666666666 0.8027777777777778 0.15677083333333333 0.8027777777777778 0.15625 0.8037037037037037 0.15572916666666667 0.8037037037037037 0.15520833333333334 0.8046296296296296 0.1546875 0.8046296296296296 0.15416666666666667 0.8055555555555556 0.15364583333333334 0.8055555555555556 0.153125 0.8074074074074075 0.15208333333333332 0.8074074074074075 0.1515625 0.8083333333333333 0.15104166666666666 0.8083333333333333 0.15052083333333333 0.8092592592592592 0.15 0.8092592592592592 0.14947916666666666 0.8101851851851852 0.14895833333333333 0.8101851851851852 0.1484375 0.8111111111111111 0.14791666666666667 0.8111111111111111 0.14739583333333334 0.812037037037037 0.146875 0.812037037037037 0.14635416666666667 0.812962962962963 0.14583333333333334 0.812962962962963 0.1453125 0.8138888888888889 0.14479166666666668 0.8138888888888889 0.14427083333333332 0.8166666666666667 0.14270833333333333 0.8166666666666667 0.1421875 0.8212962962962963 0.13958333333333334 0.825 0.13958333333333334 0.825925925925926 0.1390625 0.8296296296296296 0.1390625 0.8333333333333334 0.13697916666666668 0.8333333333333334 0.13645833333333332 0.8351851851851851 0.13489583333333333 0.8351851851851851 0.13385416666666666 0.837037037037037 0.1328125 0.837037037037037 0.13229166666666667 0.8388888888888889 0.13125 0.8388888888888889 0.13072916666666667 0.8398148148148148 0.13020833333333334 0.8398148148148148 0.1296875 0.8416666666666667 0.12864583333333332 0.8416666666666667 0.128125 0.8425925925925926 0.12760416666666666 0.8425925925925926 0.12552083333333333 0.8416666666666667 0.125 0.8416666666666667 0.12291666666666666 0.8407407407407408 0.12239583333333333 0.8407407407407408 0.121875 0.8388888888888889 0.12083333333333333 0.8388888888888889 0.1203125 0.8379629629629629 0.11979166666666667 0.8379629629629629 0.11927083333333334 0.8342592592592593 0.1171875 0.8333333333333334 0.1171875 0.8314814814814815 0.11614583333333334 0.8305555555555556 0.11614583333333334 0.8296296296296296 0.115625 0.8287037037037037 0.115625
4 0.799074074074074 0.22239583333333332 0.7962962962962963 0.22083333333333333 0.7953703703703704 0.22083333333333333 0.7944444444444444 0.2203125 0.7870370370370371 0.2203125 0.7861111111111111 0.22083333333333333 0.7842592592592592 0.22083333333333333 0.7833333333333333 0.22135416666666666 0.7814814814814814 0.22135416666666666 0.7805555555555556 0.221875 0.7796296296296297 0.221875 0.7787037037037037 0.22239583333333332 0.7768518518518519 0.22239583333333332 0.7759259259259259 0.22291666666666668 0.775 0.22291666666666668 0.774074074074074 0.2234375 0.7731481481481481 0.2234375 0.7722222222222223 0.22395833333333334 0.7703703703703704 0.22395833333333334 0.7694444444444445 0.22447916666666667 0.7685185185185185 0.22447916666666667 0.7675925925925926 0.225 0.7666666666666667 0.225 0.7657407407407407 0.22552083333333334 0.7638888888888888 0.22552083333333334 0.762962962962963 0.22604166666666667 0.7620370370370371 0.22604166666666667 0.7601851851851852 0.22708333333333333 0.7583333333333333 0.22708333333333333 0.7574074074074074 0.22760416666666666 0.7564814814814815 0.22760416666666666 0.7555555555555555 0.228125 0.7537037037037037 0.228125 0.7518518518518519 0.22916666666666666 0.75 0.22916666666666666 0.7490740740740741 0.2296875 0.7481481481481481 0.2296875 0.7472222222222222 0.23020833333333332 0.7453703703703703 0.23020833333333332 0.7444444444444445 0.23072916666666668 0.7425925925925926 0.23072916666666668 0.7416666666666667 0.23125 0.7342592592592593 0.23125 0.7333333333333333 0.23177083333333334 0.7277777777777777 0.23177083333333334 0.7268518518518519 0.23125 0.7222222222222222 0.23125 0.7212962962962963 0.23177083333333334 0.7194444444444444 0.23177083333333334 0.7185185185185186 0.23229166666666667 0.7175925925925926 0.23229166666666667 0.7157407407407408 0.23333333333333334 0.7157407407407408 0.23385416666666667 0.7148148148148148 0.234375 0.7148148148148148 0.23489583333333333 0.712037037037037 0.23645833333333333 0.712037037037037 0.23697916666666666 0.7111111111111111 0.2375 0.7111111111111111 0.23854166666666668 0.7101851851851851 0.2390625 0.7101851851851851 0.24427083333333333 0.7111111111111111 0.24479166666666666 0.7111111111111111 0.24583333333333332 0.712037037037037 0.24635416666666668 0.712037037037037 0.24739583333333334 0.7129629629629629 0.24791666666666667 0.7129629629629629 0.2484375 0.7148148148148148 0.24947916666666667 0.7148148148148148 0.25 0.7157407407407408 0.25052083333333336 0.7157407407407408 0.25104166666666666 0.7203703703703703 0.25364583333333335 0.7212962962962963 0.25364583333333335 0.7222222222222222 0.25416666666666665 0.7231481481481481 0.25416666666666665 0.7240740740740741 0.2546875 0.725925925925926 0.2546875 0.7268518518518519 0.2552083333333333 0.7305555555555555 0.2552083333333333 0.7314814814814815 0.2557291666666667 0.7342592592592593 0.2557291666666667 0.7351851851851852 0.2552083333333333 0.737037037037037 0.2552083333333333 0.7379629629629629 0.2546875 0.7388888888888889 0.2546875 0.7407407407407407 0.25364583333333335 0.7416666666666667 0.25364583333333335 0.7472222222222222 0.25052083333333336 0.7472222222222222 0.25 0.7481481481481481 0.24947916666666667 0.7481481481481481 0.24895833333333334 0.7490740740740741 0.2484375 0.7490740740740741 0.24739583333333334 0.75 0.246875 0.75 0.24583333333333332 0.7527777777777778 0.24427083333333333 0.7537037037037037 0.24427083333333333 0.7546296296296297 0.24375 0.7555555555555555 0.24375 0.7574074074074074 0.24270833333333333 0.7583333333333333 0.24270833333333333 0.7592592592592593 0.2421875 0.7601851851851852 0.2421875 0.7611111111111111 0.24166666666666667 0.7620370370370371 0.24166666666666667 0.762962962962963 0.24114583333333334 0.7638888888888888 0.24114583333333334 0.7648148148148148 0.240625 0.7657407407407407 0.240625 0.7666666666666667 0.24010416666666667 0.7675925925925926 0.24010416666666667 0.7685185185185185 0.23958333333333334 0.7712962962962963 0.23958333333333334 0.7731481481481481 0.23854166666666668 0.775 0.23854166666666668 0.7759259259259259 0.23802083333333332 0.7777777777777778 0.23802083333333332 0.7787037037037037 0.2375 0.7796296296296297 0.2375 0.7805555555555556 0.23697916666666666 0.7814814814814814 0.23697916666666666 0.7824074074074074 0.23645833333333333 0.7833333333333333 0.23645833333333333 0.7851851851851852 0.23541666666666666 0.7861111111111111 0.23541666666666666 0.7870370370370371 0.23489583333333333 0.787962962962963 0.23489583333333333 0.7888888888888889 0.234375 0.7898148148148149 0.234375 0.7916666666666666 0.23333333333333334 0.7925925925925926 0.23333333333333334 0.7962962962962963 0.23125 0.7962962962962963 0.23072916666666668 0.799074074074074 0.22916666666666666 0.799074074074074 0.22864583333333333 0.8 0.228125 0.8 0.225 0.8009259259259259 0.22447916666666667 0.8 0.22395833333333334 0.8 0.2234375 0.799074074074074 0.22291666666666668
4 0.7379629629629629 0.275 0.7361111111111112 0.275 0.7351851851851852 0.27447916666666666 0.7342592592592593 0.27447916666666666 0.7333333333333333 0.27395833333333336 0.7314814814814815 0.27395833333333336 0.7287037037037037 0.27291666666666664 0.7203703703703703 0.27291666666666664 0.7194444444444444 0.2734375 0.7185185185185186 0.2734375 0.7166666666666667 0.27447916666666666 0.7157407407407408 0.27447916666666666 0.7138888888888889 0.2755208333333333 0.7138888888888889 0.2760416666666667 0.712037037037037 0.27760416666666665 0.712037037037037 0.28072916666666664 0.7111111111111111 0.28125 0.7111111111111111 0.2875 0.7101851851851851 0.28802083333333334 0.7101851851851851 0.2890625 0.7092592592592593 0.28958333333333336 0.7092592592592593 0.290625 0.7083333333333334 0.2911458333333333 0.7083333333333334 0.2921875 0.7064814814814815 0.29375 0.7064814814814815 0.2947916666666667 0.7055555555555556 0.2953125 0.7055555555555556 0.29583333333333334 0.7037037037037037 0.296875 0.7037037037037037 0.29739583333333336 0.7027777777777777 0.29791666666666666 0.7027777777777777 0.2984375 0.700925925925926 0.2994791666666667 0.700925925925926 0.3 0.6990740740740741 0.30104166666666665 0.6990740740740741 0.3015625 0.6972222222222222 0.3026041666666667 0.6972222222222222 0.303125 0.6962962962962963 0.30364583333333334 0.6962962962962963 0.30416666666666664 0.6944444444444444 0.30520833333333336 0.6944444444444444 0.30572916666666666 0.6935185185185185 0.30625 0.6935185185185185 0.3067708333333333 0.6925925925925925 0.3072916666666667 0.6925925925925925 0.3078125 0.6907407407407408 0.30885416666666665 0.6907407407407408 0.309375 0.6898148148148148 0.3098958333333333 0.6898148148148148 0.3104166666666667 0.6888888888888889 0.3109375 0.6888888888888889 0.31145833333333334 0.687962962962963 0.31197916666666664 0.687962962962963 0.3125 0.6861111111111111 0.31354166666666666 0.6861111111111111 0.3140625 0.6851851851851852 0.3145833333333333 0.6851851851851852 0.3151041666666667 0.6842592592592592 0.315625 0.6842592592592592 0.31614583333333335 0.6824074074074075 0.3171875 0.6824074074074075 0.3177083333333333 0.6814814814814815 0.3182291666666667 0.6814814814814815 0.31875 0.6796296296296296 0.3203125 0.6796296296296296 0.32135416666666666 0.6787037037037037 0.321875 0.6787037037037037 0.3234375 0.6796296296296296 0.32395833333333335 0.6796296296296296 0.3260416666666667 0.6824074074074075 0.32760416666666664 0.6833333333333333 0.32760416666666664 0.6851851851851852 0.32864583333333336 0.687037037037037 0.32864583333333336 0.687962962962963 0.32916666666666666 0.6916666666666667 0.32916666666666666 0.6925925925925925 0.32864583333333336 0.6935185185185185 0.32864583333333336 0.6953703703703704 0.32760416666666664 0.6962962962962963 0.32760416666666664 0.7018518518518518 0.32447916666666665 0.7018518518518518 0.32395833333333335 0.7027777777777777 0.3234375 0.7027777777777777 0.3229166666666667 0.7046296296296296 0.321875 0.7046296296296296 0.32135416666666666 0.7055555555555556 0.32083333333333336 0.7055555555555556 0.3203125 0.7074074074074074 0.31927083333333334 0.7074074074074074 0.31875 0.7092592592592593 0.3177083333333333 0.7092592592592593 0.3171875 0.7111111111111111 0.31614583333333335 0.7111111111111111 0.315625 0.712037037037037 0.3151041666666667 0.712037037037037 0.3145833333333333 0.7129629629629629 0.3140625 0.7129629629629629 0.31354166666666666 0.7166666666666667 0.31145833333333334 0.7166666666666667 0.3109375 0.7175925925925926 0.3104166666666667 0.7175925925925926 0.3098958333333333 0.7185185185185186 0.309375 0.7185185185185186 0.30885416666666665 0.7203703703703703 0.3078125 0.7203703703703703 0.3072916666666667 0.7222222222222222 0.30625 0.7222222222222222 0.30572916666666666 0.7240740740740741 0.3046875 0.7240740740740741 0.30416666666666664 0.725 0.30364583333333334 0.725 0.303125 0.7268518518518519 0.3020833333333333 0.7268518518518519 0.3015625 0.7277777777777777 0.30104166666666665 0.7277777777777777 0.30052083333333335 0.7287037037037037 0.3 0.7287037037037037 0.2994791666666667 0.7305555555555555 0.2984375 0.7305555555555555 0.29791666666666666 0.7351851851851852 0.2953125 0.7361111111111112 0.2953125 0.7398148148148148 0.29322916666666665 0.7444444444444445 0.29322916666666665 0.7462962962962963 0.2921875 0.7472222222222222 0.2921875 0.7490740740740741 0.2911458333333333 0.7490740740740741 0.290625 0.75 0.29010416666666666 0.75 0.28958333333333336 0.7518518518518519 0.28802083333333334 0.7518518518518519 0.2869791666666667 0.7527777777777778 0.2864583333333333 0.7527777777777778 0.2828125 0.7518518518518519 0.28229166666666666 0.7518518518518519 0.28177083333333336 0.7509259259259259 0.28125 0.7509259259259259 0.28072916666666664 0.7472222222222222 0.2786458333333333 0.7462962962962963 0.2786458333333333 0.7435185185185185 0.27708333333333335 0.7425925925925926 0.27708333333333335 0.7416666666666667 0.2765625 0.7407407407407407 0.2765625
1 0.8416666666666667 0.12760416666666666 0.8379629629629629 0.1296875 0.8379629629629629 0.13020833333333334 0.8361111111111111 0.13125 0.8361111111111111 0.13177083333333334 0.8342592592592593 0.1328125 0.8342592592592593 0.13385416666666666 0.8333333333333334 0.134375 0.8333333333333334 0.13541666666666666 0.8324074074074074 0.1359375 0.8324074074074074 0.13645833333333332 0.8314814814814815 0.13697916666666668 0.8314814814814815 0.1375 0.8305555555555556 0.13802083333333334 0.8305555555555556 0.1390625 0.8314814814814815 0.13958333333333334 0.8314814814814815 0.1421875 0.8324074074074074 0.14270833333333333 0.8324074074074074 0.14322916666666666 0.8333333333333334 0.14375 0.8333333333333334 0.14479166666666668 0.8342592592592593 0.1453125 0.8342592592592593 0.14583333333333334 0.8351851851851851 0.14635416666666667 0.8361111111111111 0.14635416666666667 0.837037037037037 0.146875 0.8379629629629629 0.146875 0.8388888888888889 0.14739583333333334 0.8398148148148148 0.14739583333333334 0.8416666666666667 0.1484375 0.8425925925925926 0.1484375 0.8435185185185186 0.14895833333333333 0.8444444444444444 0.14895833333333333 0.8453703703703703 0.14947916666666666 0.850925925925926 0.14947916666666666 0.8518518518518519 0.15 0.8574074074074074 0.15 0.8583333333333333 0.15052083333333333 0.8592592592592593 0.15052083333333333 0.8611111111111112 0.1515625 0.862037037037037 0.1515625 0.8648148148148148 0.153125 0.8657407407407407 0.153125 0.8675925925925926 0.15416666666666667 0.8685185185185185 0.15416666666666667 0.8694444444444445 0.1546875 0.8712962962962963 0.1546875 0.8722222222222222 0.15520833333333334 0.8824074074074074 0.15520833333333334 0.8833333333333333 0.1546875 0.8842592592592593 0.1546875 0.8851851851851852 0.15416666666666667 0.8851851851851852 0.15364583333333334 0.8861111111111111 0.153125 0.8861111111111111 0.15260416666666668 0.8870370370370371 0.15208333333333332 0.8870370370370371 0.15104166666666666 0.887962962962963 0.15052083333333333 0.887962962962963 0.14947916666666666 0.8870370370370371 0.14895833333333333 0.8870370370370371 0.146875 0.8861111111111111 0.14635416666666667 0.8861111111111111 0.1453125 0.8851851851851852 0.14479166666666668 0.8851851851851852 0.14375 0.8842592592592593 0.14322916666666666 0.8842592592592593 0.1421875 0.8787037037037037 0.1390625 0.8787037037037037 0.13854166666666667 0.8759259259259259 0.13697916666666668 0.875 0.13697916666666668 0.8731481481481481 0.1359375 0.8722222222222222 0.1359375 0.8712962962962963 0.13541666666666666 0.8703703703703703 0.13541666666666666 0.8694444444444445 0.13489583333333333 0.8685185185185185 0.13489583333333333 0.8675925925925926 0.134375 0.8675925925925926 0.13385416666666666 0.8638888888888889 0.13177083333333334 0.8629629629629629 0.13177083333333334 0.862037037037037 0.13125 0.8611111111111112 0.13125 0.8601851851851852 0.13072916666666667 0.8592592592592593 0.13072916666666667 0.8583333333333333 0.13020833333333334 0.8574074074074074 0.13020833333333334 0.8564814814814815 0.1296875 0.8555555555555555 0.1296875 0.8546296296296296 0.12916666666666668 0.8527777777777777 0.12916666666666668 0.8518518518518519 0.12864583333333332 0.850925925925926 0.12864583333333332 0.85 0.128125 0.8490740740740741 0.128125 0.8481481481481481 0.12760416666666666 0.8472222222222222 0.12760416666666666 0.8462962962962963 0.12708333333333333 0.8435185185185186 0.12708333333333333 0.8425925925925926 0.12760416666666666
3 0.8759259259259259 0.09166666666666666 0.875 0.0921875 0.8740740740740741 0.0921875 0.8731481481481481 0.09270833333333334 0.8722222222222222 0.09270833333333334 0.8712962962962963 0.09322916666666667 0.8703703703703703 0.09322916666666667 0.8694444444444445 0.09375 0.8685185185185185 0.09375 0.8666666666666667 0.09479166666666666 0.8657407407407407 0.09479166666666666 0.8592592592592593 0.0984375 0.8592592592592593 0.09895833333333333 0.8583333333333333 0.09947916666666666 0.8583333333333333 0.10104166666666667 0.8574074074074074 0.1015625 0.8574074074074074 0.10833333333333334 0.8583333333333333 0.10885416666666667 0.8583333333333333 0.109375 0.8592592592592593 0.10989583333333333 0.8592592592592593 0.1109375 0.8601851851851852 0.11145833333333334 0.8601851851851852 0.11197916666666667 0.8611111111111112 0.1125 0.8611111111111112 0.11302083333333333 0.862037037037037 0.11354166666666667 0.862037037037037 0.1140625 0.8629629629629629 0.11458333333333333 0.8629629629629629 0.11510416666666666 0.8648148148148148 0.11666666666666667 0.8648148148148148 0.11770833333333333 0.8657407407407407 0.11822916666666666 0.8657407407407407 0.11875 0.8675925925925926 0.11979166666666667 0.8675925925925926 0.1203125 0.8685185185185185 0.12083333333333333 0.8685185185185185 0.12135416666666667 0.8694444444444445 0.121875 0.8694444444444445 0.12239583333333333 0.8703703703703703 0.12291666666666666 0.8703703703703703 0.1234375 0.8712962962962963 0.12395833333333334 0.8712962962962963 0.12447916666666667 0.8722222222222222 0.125 0.8722222222222222 0.12552083333333333 0.875 0.12708333333333333 0.875 0.134375 0.8759259259259259 0.13489583333333333 0.8759259259259259 0.13541666666666666 0.8768518518518519 0.1359375 0.8768518518518519 0.13645833333333332 0.8777777777777778 0.13697916666666668 0.8777777777777778 0.1375 0.8796296296296297 0.13854166666666667 0.8796296296296297 0.1390625 0.8814814814814815 0.14010416666666667 0.8833333333333333 0.14010416666666667 0.8842592592592593 0.140625 0.8861111111111111 0.140625 0.8870370370370371 0.14010416666666667 0.8898148148148148 0.14010416666666667 0.8907407407407407 0.13958333333333334 0.8944444444444445 0.13958333333333334 0.8953703703703704 0.1390625 0.8981481481481481 0.1390625 0.899074074074074 0.13854166666666667 0.9009259259259259 0.13854166666666667 0.9018518518518519 0.13802083333333334 0.9037037037037037 0.13802083333333334 0.9037037037037037 0.1375 0.9074074074074074 0.13541666666666666 0.9083333333333333 0.13541666666666666 0.9101851851851852 0.134375 0.9111111111111111 0.134375 0.9138888888888889 0.1328125 0.9148148148148149 0.1328125 0.9175925925925926 0.13125 0.9185185185185185 0.13125 0.9222222222222223 0.12916666666666668 0.9231481481481482 0.12916666666666668 0.9231481481481482 0.12864583333333332 0.9277777777777778 0.12604166666666666 0.9277777777777778 0.125 0.9287037037037037 0.12447916666666667 0.9287037037037037 0.1234375 0.9296296296296296 0.12291666666666666 0.9296296296296296 0.1203125 0.9287037037037037 0.11979166666666667 0.9287037037037037 0.11822916666666666 0.9277777777777778 0.11770833333333333 0.9277777777777778 0.1171875 0.925 0.115625 0.925 0.11510416666666666 0.924074074074074 0.11458333333333333 0.9231481481481482 0.11458333333333333 0.9212962962962963 0.11354166666666667 0.9203703703703704 0.11354166666666667 0.9194444444444444 0.11302083333333333 0.9175925925925926 0.11302083333333333 0.9166666666666666 0.1125 0.9138888888888889 0.1125 0.912962962962963 0.11197916666666667 0.9120370370370371 0.11197916666666667 0.9111111111111111 0.11145833333333334 0.9101851851851852 0.11145833333333334 0.9092592592592592 0.1109375 0.9083333333333333 0.1109375 0.9055555555555556 0.109375 0.9046296296296297 0.109375 0.9037037037037037 0.10885416666666667 0.9027777777777778 0.10885416666666667 0.9009259259259259 0.1078125 0.9009259259259259 0.10729166666666666 0.9 0.10677083333333333 0.9 0.10625 0.899074074074074 0.10572916666666667 0.899074074074074 0.10520833333333333 0.8981481481481481 0.1046875 0.8981481481481481 0.10416666666666667 0.8972222222222223 0.10364583333333334 0.8972222222222223 0.103125 0.8953703703703704 0.10208333333333333 0.8953703703703704 0.1015625 0.8944444444444445 0.10104166666666667 0.8944444444444445 0.10052083333333334 0.8935185185185185 0.1 0.8935185185185185 0.09947916666666666 0.8925925925925926 0.09895833333333333 0.8925925925925926 0.0984375 0.8907407407407407 0.09739583333333333 0.8907407407407407 0.096875 0.8898148148148148 0.09635416666666667 0.8898148148148148 0.09583333333333334 0.8888888888888888 0.0953125 0.8888888888888888 0.09479166666666666 0.887962962962963 0.09427083333333333 0.887962962962963 0.09375 0.8870370370370371 0.09375 0.8851851851851852 0.09270833333333334 0.8842592592592593 0.09270833333333334 0.8814814814814815 0.09166666666666666
1 0.7425925925925926 0.4739583333333333 0.7425925925925926 0.475 0.7416666666666667 0.47552083333333334 0.7416666666666667 0.47760416666666666 0.7407407407407407 0.478125 0.7407407407407407 0.4786458333333333 0.7416666666666667 0.4791666666666667 0.7416666666666667 0.48020833333333335 0.7425925925925926 0.48072916666666665 0.7425925925925926 0.4817708333333333 0.7444444444444445 0.4828125 0.7444444444444445 0.48333333333333334 0.7481481481481481 0.48541666666666666 0.7490740740740741 0.48541666666666666 0.7509259259259259 0.4864583333333333 0.7537037037037037 0.4864583333333333 0.7546296296296297 0.4869791666666667 0.7574074074074074 0.4869791666666667 0.7583333333333333 0.4875 0.7611111111111111 0.4875 0.7620370370370371 0.48802083333333335 0.7638888888888888 0.48802083333333335 0.7657407407407407 0.4890625 0.7666666666666667 0.4890625 0.7675925925925926 0.4895833333333333 0.7685185185185185 0.4890625 0.7731481481481481 0.4890625 0.774074074074074 0.4895833333333333 0.775 0.4895833333333333 0.7768518518518519 0.48854166666666665 0.7796296296296297 0.48854166666666665 0.7805555555555556 0.4890625 0.7824074074074074 0.4890625 0.7833333333333333 0.4895833333333333 0.7870370370370371 0.4895833333333333 0.787962962962963 0.4901041666666667 0.799074074074074 0.4901041666666667 0.8009259259259259 0.4890625 0.8018518518518518 0.4890625 0.8027777777777778 0.48854166666666665 0.8027777777777778 0.48802083333333335 0.8037037037037037 0.4875 0.8037037037037037 0.48385416666666664 0.8027777777777778 0.48333333333333334 0.8027777777777778 0.4822916666666667 0.8009259259259259 0.48125 0.8 0.48125 0.799074074074074 0.48072916666666665 0.7981481481481482 0.48072916666666665 0.7972222222222223 0.48020833333333335 0.7962962962962963 0.48020833333333335 0.7953703703703704 0.4796875 0.7944444444444444 0.4796875 0.7935185185185185 0.4791666666666667 0.7925925925925926 0.4791666666666667 0.7916666666666666 0.4786458333333333 0.7898148148148149 0.4786458333333333 0.787962962962963 0.47760416666666666 0.7861111111111111 0.47760416666666666 0.7842592592592592 0.4765625 0.7833333333333333 0.4765625 0.7814814814814814 0.47552083333333334 0.7814814814814814 0.475 0.7805555555555556 0.4744791666666667 0.7805555555555556 0.4739583333333333 0.7796296296296297 0.4734375 0.7796296296296297 0.47291666666666665 0.7759259259259259 0.4708333333333333 0.775 0.4708333333333333 0.774074074074074 0.4703125 0.7722222222222223 0.4703125 0.7712962962962963 0.46979166666666666 0.7657407407407407 0.46979166666666666 0.7648148148148148 0.46927083333333336 0.7638888888888888 0.46927083333333336 0.762962962962963 0.46875 0.7601851851851852 0.46875 0.7592592592592593 0.46822916666666664 0.7574074074074074 0.46822916666666664 0.7564814814814815 0.46770833333333334 0.7546296296296297 0.46770833333333334 0.7537037037037037 0.46822916666666664 0.7509259259259259 0.46822916666666664 0.7490740740740741 0.46927083333333336 0.7481481481481481 0.46927083333333336 0.7462962962962963 0.4703125 0.7462962962962963 0.4708333333333333 0.7453703703703703 0.4713541666666667 0.7453703703703703 0.471875 0.7435185185185185 0.47291666666666665 0.7435185185185185 0.4734375
4 0.7222222222222222 0.49375 0.725925925925926 0.49583333333333335 0.725925925925926 0.49635416666666665 0.7277777777777777 0.4973958333333333 0.7277777777777777 0.4979166666666667 0.7296296296296296 0.49895833333333334 0.7305555555555555 0.49895833333333334 0.7361111111111112 0.5020833333333333 0.7379629629629629 0.5020833333333333 0.7388888888888889 0.5026041666666666 0.7518518518518519 0.5026041666666666 0.7527777777777778 0.503125 0.7574074074074074 0.503125 0.7583333333333333 0.5036458333333333 0.7620370370370371 0.5036458333333333 0.762962962962963 0.5041666666666667 0.7657407407407407 0.5041666666666667 0.7666666666666667 0.5046875 0.7694444444444445 0.5046875 0.7703703703703704 0.5052083333333334 0.775 0.5052083333333334 0.7759259259259259 0.5057291666666667 0.7777777777777778 0.5057291666666667 0.7787037037037037 0.50625 0.7805555555555556 0.50625 0.7833333333333333 0.5072916666666667 0.7861111111111111 0.5072916666666667 0.7870370370370371 0.5078125 0.787962962962963 0.5078125 0.7888888888888889 0.5083333333333333 0.7898148148148149 0.5083333333333333 0.7916666666666666 0.509375 0.7925925925925926 0.509375 0.7935185185185185 0.5098958333333333 0.7944444444444444 0.5098958333333333 0.7972222222222223 0.5114583333333333 0.7972222222222223 0.5119791666666667 0.8027777777777778 0.5151041666666667 0.8037037037037037 0.5151041666666667 0.8046296296296296 0.515625 0.8111111111111111 0.515625 0.812037037037037 0.5151041666666667 0.812962962962963 0.5151041666666667 0.8157407407407408 0.5135416666666667 0.8166666666666667 0.5135416666666667 0.8166666666666667 0.5130208333333334 0.8185185185185185 0.5119791666666667 0.8185185185185185 0.5114583333333333 0.8203703703703704 0.5104166666666666 0.8203703703703704 0.5098958333333333 0.8212962962962963 0.509375 0.8212962962962963 0.5083333333333333 0.8222222222222222 0.5078125 0.8222222222222222 0.50625 0.8231481481481482 0.5057291666666667 0.8231481481481482 0.4973958333333333 0.8222222222222222 0.496875 0.8222222222222222 0.49635416666666665 0.8212962962962963 0.49583333333333335 0.8194444444444444 0.49583333333333335 0.8185185185185185 0.4953125 0.8166666666666667 0.4953125 0.8138888888888889 0.49375 0.812962962962963 0.49375 0.8101851851851852 0.4921875 0.8083333333333333 0.4921875 0.8074074074074075 0.49270833333333336 0.8064814814814815 0.49270833333333336 0.8055555555555556 0.49322916666666666 0.8046296296296296 0.49322916666666666 0.8009259259259259 0.4953125 0.799074074074074 0.4953125 0.7981481481481482 0.49583333333333335 0.7935185185185185 0.49583333333333335 0.7925925925925926 0.4953125 0.7888888888888889 0.4953125 0.787962962962963 0.4947916666666667 0.7824074074074074 0.4947916666666667 0.7814814814814814 0.4942708333333333 0.7796296296296297 0.4942708333333333 0.7787037037037037 0.49375 0.774074074074074 0.49375 0.7731481481481481 0.49322916666666666 0.7666666666666667 0.49322916666666666 0.7657407407407407 0.49270833333333336 0.7601851851851852 0.49270833333333336 0.7592592592592593 0.4921875 0.7527777777777778 0.4921875 0.7518518518518519 0.49166666666666664 0.7509259259259259 0.49166666666666664 0.7481481481481481 0.490625 0.7462962962962963 0.490625 0.7453703703703703 0.4901041666666667 0.7425925925925926 0.4901041666666667 0.7416666666666667 0.4895833333333333 0.7361111111111112 0.4895833333333333 0.7351851851851852 0.4890625 0.7333333333333333 0.4890625 0.7324074074074074 0.48854166666666665 0.7314814814814815 0.48854166666666665 0.7305555555555555 0.4890625 0.7287037037037037 0.4890625 0.7277777777777777 0.4895833333333333 0.7268518518518519 0.4895833333333333 0.725925925925926 0.4901041666666667 0.725925925925926 0.490625 0.725 0.49114583333333334 0.725 0.49166666666666664 0.7240740740740741 0.4921875 0.7240740740740741 0.49270833333333336
4 0.5648148148148148 0.4765625 0.5648148148148148 0.48072916666666665 0.5657407407407408 0.48125 0.5657407407407408 0.48385416666666664 0.5666666666666667 0.484375 0.5666666666666667 0.4859375 0.5675925925925925 0.4864583333333333 0.5675925925925925 0.4869791666666667 0.5694444444444444 0.48802083333333335 0.5694444444444444 0.48854166666666665 0.5740740740740741 0.49114583333333334 0.575 0.49114583333333334 0.575925925925926 0.49166666666666664 0.5777777777777777 0.49166666666666664 0.5787037037037037 0.4921875 0.5842592592592593 0.4921875 0.5851851851851851 0.49166666666666664 0.587037037037037 0.49166666666666664 0.5879629629629629 0.49114583333333334 0.5898148148148148 0.49114583333333334 0.5907407407407408 0.490625 0.5916666666666667 0.490625 0.5925925925925926 0.4901041666666667 0.5935185185185186 0.4901041666666667 0.5962962962962963 0.48854166666666665 0.5972222222222222 0.48854166666666665 0.5981481481481481 0.48802083333333335 0.5990740740740741 0.48802083333333335 0.6018518518518519 0.4869791666666667 0.6055555555555555 0.4869791666666667 0.6064814814814815 0.4864583333333333 0.6111111111111112 0.4864583333333333 0.612037037037037 0.4859375 0.6259259259259259 0.4859375 0.6268518518518519 0.48541666666666666 0.6287037037037037 0.48541666666666666 0.6296296296296297 0.48489583333333336 0.6407407407407407 0.48489583333333336 0.6416666666666667 0.484375 0.6472222222222223 0.484375 0.6481481481481481 0.48385416666666664 0.6537037037037037 0.48385416666666664 0.6546296296296297 0.48333333333333334 0.6555555555555556 0.48333333333333334 0.6583333333333333 0.4822916666666667 0.6601851851851852 0.4822916666666667 0.6611111111111111 0.4817708333333333 0.6620370370370371 0.4817708333333333 0.6648148148148149 0.48020833333333335 0.6648148148148149 0.4791666666666667 0.6657407407407407 0.4786458333333333 0.6657407407407407 0.4744791666666667 0.6648148148148149 0.4739583333333333 0.6648148148148149 0.4734375 0.6638888888888889 0.47291666666666665 0.6638888888888889 0.47239583333333335 0.6620370370370371 0.4713541666666667 0.6611111111111111 0.4713541666666667 0.6601851851851852 0.4708333333333333 0.6583333333333333 0.4708333333333333 0.6574074074074074 0.4703125 0.6444444444444445 0.4703125 0.6435185185185185 0.4708333333333333 0.6314814814814815 0.4708333333333333 0.6305555555555555 0.4713541666666667 0.6166666666666667 0.4713541666666667 0.6157407407407407 0.471875 0.5990740740740741 0.471875 0.5981481481481481 0.4713541666666667 0.5962962962962963 0.4713541666666667 0.5944444444444444 0.4703125 0.5935185185185186 0.4703125 0.5916666666666667 0.46927083333333336 0.5898148148148148 0.46927083333333336 0.5888888888888889 0.46875 0.587037037037037 0.46875 0.5842592592592593 0.46770833333333334 0.5787037037037037 0.46770833333333334 0.5777777777777777 0.4671875 0.575925925925926 0.4671875 0.575 0.46770833333333334 0.5740740740740741 0.46770833333333334 0.5694444444444444 0.4703125 0.5694444444444444 0.4708333333333333 0.5675925925925925 0.471875 0.5675925925925925 0.47239583333333335 0.5657407407407408 0.4739583333333333 0.5657407407407408 0.47604166666666664
2 0.6925925925925925 0.49375 0.6935185185185185 0.4942708333333333 0.6944444444444444 0.4979166666666667 0.7018518518518518 0.5020833333333333 0.7027777777777777 0.5020833333333333 0.7101851851851851 0.50625 0.7111111111111111 0.50625 0.7175925925925926 0.5098958333333333 0.7175925925925926 0.5104166666666666 0.7203703703703703 0.5119791666666667 0.7203703703703703 0.5125 0.7212962962962963 0.5125 0.725 0.5145833333333333 0.725925925925926 0.5145833333333333 0.7314814814814815 0.5177083333333333 0.7351851851851852 0.51875 0.7574074074074074 0.5307291666666667 0.7583333333333333 0.5307291666666667 0.762962962962963 0.5333333333333333 0.7638888888888888 0.5333333333333333 0.7666666666666667 0.5348958333333333 0.7675925925925926 0.5348958333333333 0.774074074074074 0.5390625 0.775 0.5390625 0.7777777777777778 0.540625 0.7796296296296297 0.5411458333333333 0.7842592592592592 0.5416666666666666 0.7898148148148149 0.5432291666666667 0.7953703703703704 0.5463541666666667 0.7972222222222223 0.5484375 0.7972222222222223 0.5494791666666666 0.8009259259259259 0.553125 0.8009259259259259 0.5546875 0.8018518518518518 0.5557291666666667 0.8046296296296296 0.5572916666666666 0.8064814814814815 0.5604166666666667 0.8092592592592592 0.5614583333333333 0.8092592592592592 0.5619791666666667 0.812037037037037 0.5640625 0.8175925925925925 0.5640625 0.8203703703703704 0.5630208333333333 0.8222222222222222 0.5630208333333333 0.825925925925926 0.5619791666666667 0.8277777777777777 0.5609375 0.8305555555555556 0.5604166666666667 0.8361111111111111 0.5572916666666666 0.8398148148148148 0.553125 0.8398148148148148 0.5510416666666667 0.8388888888888889 0.5505208333333333 0.8388888888888889 0.5494791666666666 0.8379629629629629 0.5484375 0.8342592592592593 0.5463541666666667 0.8333333333333334 0.5463541666666667 0.8296296296296296 0.5447916666666667 0.8203703703703704 0.5447916666666667 0.8148148148148148 0.5432291666666667 0.8046296296296296 0.5375 0.8037037037037037 0.5375 0.8009259259259259 0.5359375 0.8 0.5359375 0.7953703703703704 0.5333333333333333 0.7953703703703704 0.5328125 0.7935185185185185 0.5322916666666667 0.7898148148148149 0.5302083333333333 0.7898148148148149 0.5296875 0.787962962962963 0.5286458333333334 0.7870370370370371 0.5286458333333334 0.7805555555555556 0.5255208333333333 0.7796296296296297 0.5255208333333333 0.7537037037037037 0.5114583333333333 0.7527777777777778 0.5114583333333333 0.7481481481481481 0.5088541666666667 0.7472222222222222 0.5088541666666667 0.7453703703703703 0.5072916666666667 0.7444444444444445 0.5072916666666667 0.7361111111111112 0.503125 0.7351851851851852 0.503125 0.7333333333333333 0.5020833333333333 0.7314814814814815 0.5 0.7203703703703703 0.49375 0.7194444444444444 0.49375 0.7129629629629629 0.490625 0.7092592592592593 0.4895833333333333 0.7018518518518518 0.4895833333333333 0.6981481481481482 0.490625
3 0.7518518518518519 0.5458333333333333 0.7462962962962963 0.5489583333333333 0.7462962962962963 0.5494791666666666 0.7453703703703703 0.55 0.7453703703703703 0.5505208333333333 0.7444444444444445 0.5510416666666667 0.7444444444444445 0.5515625 0.7435185185185185 0.5520833333333334 0.7435185185185185 0.553125 0.7425925925925926 0.5536458333333333 0.7425925925925926 0.5578125 0.7435185185185185 0.5583333333333333 0.7435185185185185 0.559375 0.7444444444444445 0.5598958333333334 0.7444444444444445 0.5604166666666667 0.7453703703703703 0.5609375 0.7453703703703703 0.5614583333333333 0.7462962962962963 0.5619791666666667 0.7462962962962963 0.5625 0.7472222222222222 0.5630208333333333 0.7472222222222222 0.5635416666666667 0.7509259259259259 0.565625 0.7518518518518519 0.565625 0.7555555555555555 0.5677083333333334 0.7564814814814815 0.5677083333333334 0.7574074074074074 0.5682291666666667 0.7583333333333333 0.5682291666666667 0.7638888888888888 0.5713541666666667 0.7638888888888888 0.571875 0.7648148148148148 0.5723958333333333 0.7648148148148148 0.5734375 0.7657407407407407 0.5739583333333333 0.7657407407407407 0.5744791666666667 0.7666666666666667 0.575 0.7666666666666667 0.5755208333333334 0.7675925925925926 0.5760416666666667 0.7675925925925926 0.5770833333333333 0.7685185185185185 0.5776041666666667 0.7685185185185185 0.5791666666666667 0.7694444444444445 0.5796875 0.7694444444444445 0.5802083333333333 0.7703703703703704 0.5807291666666666 0.7703703703703704 0.58125 0.7712962962962963 0.5817708333333333 0.7712962962962963 0.5822916666666667 0.7722222222222223 0.5828125 0.7722222222222223 0.5838541666666667 0.774074074074074 0.5848958333333333 0.774074074074074 0.5854166666666667 0.775 0.5859375 0.775 0.5864583333333333 0.7796296296296297 0.5890625 0.7805555555555556 0.5890625 0.7814814814814814 0.5895833333333333 0.7824074074074074 0.5895833333333333 0.7833333333333333 0.5901041666666667 0.7925925925925926 0.5901041666666667 0.7935185185185185 0.5895833333333333 0.7981481481481482 0.5895833333333333 0.799074074074074 0.5890625 0.8 0.5890625 0.8009259259259259 0.5885416666666666 0.8018518518518518 0.5885416666666666 0.8037037037037037 0.5875 0.8037037037037037 0.5869791666666667 0.8046296296296296 0.5864583333333333 0.8046296296296296 0.5854166666666667 0.8055555555555556 0.5848958333333333 0.8055555555555556 0.5796875 0.8046296296296296 0.5791666666666667 0.8046296296296296 0.5776041666666667 0.8037037037037037 0.5770833333333333 0.8037037037037037 0.5755208333333334 0.8027777777777778 0.575 0.8027777777777778 0.5729166666666666 0.8018518518518518 0.5723958333333333 0.8018518518518518 0.5713541666666667 0.8009259259259259 0.5708333333333333 0.8009259259259259 0.5697916666666667 0.8 0.5692708333333333 0.8 0.5682291666666667 0.799074074074074 0.5677083333333334 0.799074074074074 0.5651041666666666 0.7981481481481482 0.5645833333333333 0.7981481481481482 0.5630208333333333 0.799074074074074 0.5625 0.799074074074074 0.5609375 0.8 0.5604166666666667 0.8 0.5572916666666666 0.8009259259259259 0.5567708333333333 0.8009259259259259 0.5526041666666667 0.799074074074074 0.5515625 0.799074074074074 0.5510416666666667 0.7981481481481482 0.5505208333333333 0.7981481481481482 0.55 0.7972222222222223 0.5494791666666666 0.7972222222222223 0.5484375 0.7962962962962963 0.5479166666666667 0.7962962962962963 0.546875 0.7953703703703704 0.5463541666666667 0.7953703703703704 0.5458333333333333 0.7916666666666666 0.54375 0.7907407407407407 0.54375 0.7898148148148149 0.5432291666666667 0.7888888888888889 0.5432291666666667 0.787962962962963 0.5427083333333333 0.7851851851851852 0.5427083333333333 0.7842592592592592 0.5421875 0.7777777777777778 0.5421875 0.7768518518518519 0.5427083333333333 0.7675925925925926 0.5427083333333333 0.7666666666666667 0.5432291666666667 0.7620370370370371 0.5432291666666667 0.7611111111111111 0.54375 0.7592592592592593 0.54375 0.7583333333333333 0.5442708333333334 0.7574074074074074 0.5442708333333334 0.7564814814814815 0.5447916666666667 0.7555555555555555 0.5447916666666667 0.7546296296296297 0.5453125 0.7537037037037037 0.5453125 0.7527777777777778 0.5458333333333333
1 0.4898148148148148 0.5651041666666666 0.487962962962963 0.5661458333333333 0.487962962962963 0.5666666666666667 0.4861111111111111 0.5677083333333334 0.4861111111111111 0.5692708333333333 0.48518518518518516 0.5697916666666667 0.48518518518518516 0.5723958333333333 0.4861111111111111 0.5729166666666666 0.4861111111111111 0.5734375 0.48703703703703705 0.5739583333333333 0.48703703703703705 0.575 0.487962962962963 0.5755208333333334 0.487962962962963 0.5760416666666667 0.4888888888888889 0.5765625 0.4888888888888889 0.5770833333333333 0.4925925925925926 0.5791666666666667 0.4925925925925926 0.5796875 0.5 0.5838541666666667 0.5 0.5848958333333333 0.5009259259259259 0.5854166666666667 0.5009259259259259 0.5864583333333333 0.5018518518518519 0.5869791666666667 0.5018518518518519 0.5875 0.5027777777777778 0.5875 0.5037037037037037 0.5880208333333333 0.5046296296296297 0.5880208333333333 0.5055555555555555 0.5885416666666666 0.5138888888888888 0.5885416666666666 0.5148148148148148 0.5890625 0.5175925925925926 0.5890625 0.5194444444444445 0.5901041666666667 0.5203703703703704 0.5901041666666667 0.5231481481481481 0.5916666666666667 0.5231481481481481 0.5921875 0.5305555555555556 0.5963541666666666 0.5342592592592592 0.5963541666666666 0.5351851851851852 0.5958333333333333 0.5361111111111111 0.5958333333333333 0.5370370370370371 0.5953125 0.5370370370370371 0.5942708333333333 0.537962962962963 0.59375 0.537962962962963 0.5927083333333333 0.5388888888888889 0.5921875 0.5388888888888889 0.590625 0.537962962962963 0.5901041666666667 0.537962962962963 0.5885416666666666 0.5370370370370371 0.5880208333333333 0.5370370370370371 0.5875 0.5361111111111111 0.5869791666666667 0.5361111111111111 0.5864583333333333 0.5342592592592592 0.5854166666666667 0.5342592592592592 0.5848958333333333 0.5333333333333333 0.584375 0.5333333333333333 0.5838541666666667 0.5314814814814814 0.5828125 0.5314814814814814 0.5822916666666667 0.5305555555555556 0.5817708333333333 0.5305555555555556 0.58125 0.5287037037037037 0.5802083333333333 0.5287037037037037 0.5796875 0.5277777777777778 0.5791666666666667 0.5277777777777778 0.5776041666666667 0.5268518518518519 0.5770833333333333 0.5268518518518519 0.575 0.5259259259259259 0.5744791666666667 0.5259259259259259 0.5729166666666666 0.525 0.5723958333333333 0.525 0.571875 0.5212962962962963 0.5697916666666667 0.5212962962962963 0.5692708333333333 0.5194444444444445 0.5682291666666667 0.5194444444444445 0.5677083333333334 0.5175925925925926 0.5666666666666667 0.5166666666666667 0.5666666666666667 0.512962962962963 0.5645833333333333 0.5120370370370371 0.5645833333333333 0.5074074074074074 0.5619791666666667 0.5064814814814815 0.5619791666666667 0.5055555555555555 0.5614583333333333 0.5009259259259259 0.5614583333333333 0.5 0.5619791666666667 0.49907407407407406 0.5619791666666667 0.4981481481481482 0.5625 0.49722222222222223 0.5625 0.4962962962962963 0.5630208333333333 0.49537037037037035 0.5630208333333333 0.4935185185185185 0.5640625 0.4925925925925926 0.5640625 0.49074074074074076 0.5651041666666666
1 0.5268518518518519 0.5640625 0.5268518518518519 0.565625 0.5259259259259259 0.5661458333333333 0.5259259259259259 0.5703125 0.5268518518518519 0.5708333333333333 0.5268518518518519 0.5723958333333333 0.5287037037037037 0.5734375 0.5287037037037037 0.5739583333333333 0.5333333333333333 0.5765625 0.5342592592592592 0.5765625 0.5351851851851852 0.5770833333333333 0.537962962962963 0.5770833333333333 0.5388888888888889 0.5776041666666667 0.5407407407407407 0.5776041666666667 0.5416666666666666 0.578125 0.5425925925925926 0.578125 0.5435185185185185 0.5786458333333333 0.5444444444444444 0.5786458333333333 0.5453703703703704 0.5791666666666667 0.5462962962962963 0.5791666666666667 0.5472222222222223 0.5796875 0.5537037037037037 0.5796875 0.5546296296296296 0.5791666666666667 0.5564814814814815 0.5791666666666667 0.5574074074074075 0.5786458333333333 0.5592592592592592 0.5786458333333333 0.5601851851851852 0.578125 0.5611111111111111 0.5786458333333333 0.562962962962963 0.5786458333333333 0.5638888888888889 0.5791666666666667 0.5657407407407408 0.5791666666666667 0.5666666666666667 0.5796875 0.5694444444444444 0.5796875 0.5703703703703704 0.5802083333333333 0.575 0.5802083333333333 0.575925925925926 0.5807291666666666 0.5805555555555556 0.5807291666666666 0.5814814814814815 0.58125 0.5842592592592593 0.58125 0.5851851851851851 0.5807291666666666 0.5879629629629629 0.5807291666666666 0.5898148148148148 0.5796875 0.5907407407407408 0.5796875 0.5907407407407408 0.5786458333333333 0.5916666666666667 0.578125 0.5916666666666667 0.5765625 0.5925925925925926 0.5760416666666667 0.5916666666666667 0.5755208333333334 0.5916666666666667 0.5734375 0.5907407407407408 0.5729166666666666 0.5907407407407408 0.5723958333333333 0.5888888888888889 0.5713541666666667 0.5879629629629629 0.5713541666666667 0.587037037037037 0.5708333333333333 0.5861111111111111 0.5708333333333333 0.5851851851851851 0.5703125 0.5842592592592593 0.5703125 0.5833333333333334 0.5697916666666667 0.5824074074074074 0.5697916666666667 0.5814814814814815 0.5692708333333333 0.5796296296296296 0.5692708333333333 0.5787037037037037 0.56875 0.5768518518518518 0.56875 0.575925925925926 0.5682291666666667 0.5740740740740741 0.5682291666666667 0.5731481481481482 0.5677083333333334 0.5722222222222222 0.5677083333333334 0.5712962962962963 0.5671875 0.5703703703703704 0.5671875 0.5675925925925925 0.565625 0.5666666666666667 0.565625 0.5648148148148148 0.5645833333333333 0.5648148148148148 0.5640625 0.5638888888888889 0.5640625 0.562962962962963 0.5635416666666667 0.562962962962963 0.5630208333333333 0.5611111111111111 0.5619791666666667 0.5611111111111111 0.5614583333333333 0.5592592592592592 0.5604166666666667 0.5583333333333333 0.5604166666666667 0.5574074074074075 0.5598958333333334 0.5546296296296296 0.5598958333333334 0.5537037037037037 0.559375 0.5481481481481482 0.559375 0.5472222222222223 0.5588541666666667 0.5453703703703704 0.5588541666666667 0.5444444444444444 0.5583333333333333 0.5435185185185185 0.5583333333333333 0.5425925925925926 0.5578125 0.5416666666666666 0.5578125 0.5407407407407407 0.5572916666666666 0.537962962962963 0.5572916666666666 0.5370370370370371 0.5578125 0.5361111111111111 0.5578125 0.5351851851851852 0.5583333333333333 0.5342592592592592 0.5583333333333333 0.5296296296296297 0.5609375 0.5296296296296297 0.5614583333333333 0.5287037037037037 0.5619791666666667 0.5287037037037037 0.5625 0.5277777777777778 0.5630208333333333 0.5277777777777778 0.5635416666666667
3 0.4861111111111111 0.5916666666666667 0.48333333333333334 0.5932291666666667 0.4824074074074074 0.5932291666666667 0.4740740740740741 0.5979166666666667 0.4740740740740741 0.5989583333333334 0.47314814814814815 0.5994791666666667 0.47314814814814815 0.6057291666666667 0.4740740740740741 0.60625 0.4740740740740741 0.6078125 0.475 0.6083333333333333 0.475 0.6088541666666667 0.4759259259259259 0.609375 0.4759259259259259 0.6098958333333333 0.4777777777777778 0.6109375 0.4777777777777778 0.6114583333333333 0.4824074074074074 0.6140625 0.48333333333333334 0.6140625 0.48518518518518516 0.6151041666666667 0.4861111111111111 0.6151041666666667 0.48703703703703705 0.615625 0.487962962962963 0.615625 0.4888888888888889 0.6161458333333333 0.4898148148148148 0.6161458333333333 0.49444444444444446 0.61875 0.49444444444444446 0.6192708333333333 0.49537037037037035 0.6197916666666666 0.49537037037037035 0.6203125 0.49722222222222223 0.621875 0.49722222222222223 0.6229166666666667 0.4981481481481482 0.6234375 0.4981481481481482 0.6244791666666667 0.49907407407407406 0.625 0.49907407407407406 0.6265625 0.5 0.6270833333333333 0.5 0.628125 0.5009259259259259 0.6286458333333333 0.5009259259259259 0.6296875 0.5018518518518519 0.6302083333333334 0.5018518518518519 0.6307291666666667 0.5027777777777778 0.63125 0.5027777777777778 0.6317708333333333 0.5037037037037037 0.6322916666666667 0.5037037037037037 0.6328125 0.5046296296296297 0.6333333333333333 0.5046296296296297 0.6338541666666667 0.5064814814814815 0.6348958333333333 0.5064814814814815 0.6354166666666666 0.5101851851851852 0.6375 0.5111111111111111 0.6375 0.512962962962963 0.6385416666666667 0.5157407407407407 0.6385416666666667 0.5166666666666667 0.6390625 0.5222222222222223 0.6390625 0.5231481481481481 0.6385416666666667 0.5287037037037037 0.6385416666666667 0.5305555555555556 0.6375 0.5314814814814814 0.6375 0.5361111111111111 0.6348958333333333 0.5361111111111111 0.634375 0.5370370370370371 0.6338541666666667 0.5370370370370371 0.6317708333333333 0.537962962962963 0.63125 0.537962962962963 0.6296875 0.5370370370370371 0.6291666666666667 0.5370370370370371 0.6265625 0.5361111111111111 0.6260416666666667 0.5361111111111111 0.625 0.5351851851851852 0.6244791666666667 0.5351851851851852 0.6234375 0.5342592592592592 0.6229166666666667 0.5342592592592592 0.6213541666666667 0.5333333333333333 0.6208333333333333 0.5333333333333333 0.6197916666666666 0.5324074074074074 0.6192708333333333 0.5324074074074074 0.6177083333333333 0.5314814814814814 0.6171875 0.5314814814814814 0.6151041666666667 0.5305555555555556 0.6145833333333334 0.5305555555555556 0.6114583333333333 0.5296296296296297 0.6109375 0.5296296296296297 0.5984375 0.5287037037037037 0.5979166666666667 0.5287037037037037 0.5963541666666666 0.5277777777777778 0.5958333333333333 0.5277777777777778 0.5947916666666667 0.5268518518518519 0.5942708333333333 0.5268518518518519 0.59375 0.5259259259259259 0.5932291666666667 0.5259259259259259 0.5927083333333333 0.5222222222222223 0.590625 0.5212962962962963 0.590625 0.5194444444444445 0.5895833333333333 0.5185185185185185 0.5895833333333333 0.5175925925925926 0.5890625 0.5083333333333333 0.5890625 0.5074074074074074 0.5895833333333333 0.4962962962962963 0.5895833333333333 0.49537037037037035 0.5901041666666667 0.4935185185185185 0.5901041666666667 0.49074074074074076 0.5911458333333334 0.4888888888888889 0.5911458333333334 0.487962962962963 0.5916666666666667