1 0.39444444444444443 0.09010416666666667 0.39351851851851855 0.090625 0.3925925925925926 0.090625 0.3888888888888889 0.09270833333333334 0.3888888888888889 0.09375 0.38796296296296295 0.09427083333333333 0.38796296296296295 0.0953125 0.387037037037037 0.09583333333333334 0.387037037037037 0.1 0.38796296296296295 0.10052083333333334 0.38796296296296295 0.10364583333333334 0.3888888888888889 0.10416666666666667 0.3888888888888889 0.10520833333333333 0.38981481481481484 0.10572916666666667 0.38981481481481484 0.10729166666666666 0.3907407407407407 0.1078125 0.3907407407407407 0.109375 0.39166666666666666 0.10989583333333333 0.39166666666666666 0.1109375 0.3925925925925926 0.11145833333333334 0.3925925925925926 0.11197916666666667 0.39351851851851855 0.1125 0.39351851851851855 0.1140625 0.39444444444444443 0.11458333333333333 0.39444444444444443 0.11614583333333334 0.39537037037037037 0.11666666666666667 0.39537037037037037 0.11770833333333333 0.3972222222222222 0.11875 0.3972222222222222 0.11927083333333334 0.4046296296296296 0.1234375 0.4046296296296296 0.12395833333333334 0.40555555555555556 0.12447916666666667 0.40555555555555556 0.125 0.4064814814814815 0.12552083333333333 0.4064814814814815 0.12604166666666666 0.4074074074074074 0.1265625 0.4074074074074074 0.12708333333333333 0.4083333333333333 0.12760416666666666 0.4083333333333333 0.12916666666666668 0.40925925925925927 0.1296875 0.40925925925925927 0.13072916666666667 0.4101851851851852 0.13125 0.4101851851851852 0.13229166666666667 0.4111111111111111 0.1328125 0.4111111111111111 0.13385416666666666 0.41203703703703703 0.134375 0.41203703703703703 0.1359375 0.412962962962963 0.1359375 0.41388888888888886 0.13645833333333332 0.4148148148148148 0.13645833333333332 0.41574074074074074 0.13697916666666668 0.42314814814814816 0.13697916666666668 0.42407407407407405 0.13645833333333332 0.42592592592592593 0.13645833333333332 0.42685185185185187 0.1359375 0.4287037037037037 0.1359375 0.42962962962962964 0.13541666666666666 0.4305555555555556 0.13541666666666666 0.43148148148148147 0.13489583333333333 0.4324074074074074 0.13489583333333333 0.43425925925925923 0.13385416666666666 0.4351851851851852 0.13385416666666666 0.43703703703703706 0.1328125 0.43703703703703706 0.13229166666666667 0.43796296296296294 0.13177083333333334 0.43796296296296294 0.13125 0.4388888888888889 0.13072916666666667 0.4388888888888889 0.125 0.43796296296296294 0.12447916666666667 0.43796296296296294 0.1234375 0.43703703703703706 0.12291666666666666 0.43703703703703706 0.121875 0.4361111111111111 0.12135416666666667 0.4361111111111111 0.12083333333333333 0.4351851851851852 0.1203125 0.4351851851851852 0.11875 0.43425925925925923 0.11822916666666666 0.43425925925925923 0.11614583333333334 0.43333333333333335 0.115625 0.43333333333333335 0.1140625 0.4324074074074074 0.11354166666666667 0.4324074074074074 0.11302083333333333 0.42777777777777776 0.11041666666666666 0.42685185185185187 0.11041666666666666 0.42592592592592593 0.10989583333333333 0.425 0.10989583333333333 0.4185185185185185 0.10625 0.4185185185185185 0.10572916666666667 0.41759259259259257 0.10520833333333333 0.41759259259259257 0.1046875 0.4166666666666667 0.10416666666666667 0.4166666666666667 0.103125 0.41574074074074074 0.10260416666666666 0.41574074074074074 0.10208333333333333 0.4148148148148148 0.1015625 0.4148148148148148 0.10104166666666667 0.41388888888888886 0.10052083333333334 0.41388888888888886 0.1 0.412962962962963 0.09947916666666666 0.412962962962963 0.0984375 0.41203703703703703 0.09791666666666667 0.41203703703703703 0.09739583333333333 0.4111111111111111 0.096875 0.4111111111111111 0.09635416666666667 0.4101851851851852 0.09583333333333334 0.4101851851851852 0.0953125 0.40925925925925927 0.09479166666666666 0.40925925925925927 0.09427083333333333 0.4083333333333333 0.09375 0.4083333333333333 0.09270833333333334 0.4074074074074074 0.0921875 0.4074074074074074 0.09166666666666666 0.4046296296296296 0.09010416666666667 0.40185185185185185 0.09010416666666667 0.4009259259259259 0.08958333333333333 0.4 0.08958333333333333 0.3990740740740741 0.09010416666666667
3 0.40555555555555556 0.12395833333333334 0.4 0.12083333333333333 0.39814814814814814 0.12083333333333333 0.3972222222222222 0.1203125 0.39166666666666666 0.1203125 0.3907407407407407 0.12083333333333333 0.38796296296296295 0.12083333333333333 0.387037037037037 0.12135416666666667 0.3861111111111111 0.12135416666666667 0.38333333333333336 0.12291666666666666 0.38333333333333336 0.12395833333333334 0.3824074074074074 0.12447916666666667 0.3824074074074074 0.12552083333333333 0.3814814814814815 0.12604166666666666 0.3814814814814815 0.1265625 0.37592592592592594 0.12864583333333332 0.3731481481481482 0.12864583333333332 0.37222222222222223 0.12916666666666668 0.37037037037037035 0.12916666666666668 0.36944444444444446 0.1296875 0.3638888888888889 0.1296875 0.362962962962963 0.13020833333333334 0.35462962962962963 0.13020833333333334 0.3537037037037037 0.13072916666666667 0.34444444444444444 0.13072916666666667 0.3435185185185185 0.13125 0.3296296296296296 0.13125 0.3287037037037037 0.13177083333333334 0.32407407407407407 0.13177083333333334 0.32314814814814813 0.13229166666666667 0.31851851851851853 0.13229166666666667 0.3175925925925926 0.1328125 0.31574074074074077 0.1328125 0.3148148148148148 0.13333333333333333 0.3138888888888889 0.13333333333333333 0.31203703703703706 0.134375 0.31203703703703706 0.13645833333333332 0.3111111111111111 0.13697916666666668 0.3111111111111111 0.14739583333333334 0.31203703703703706 0.14791666666666667 0.31203703703703706 0.15052083333333333 0.31296296296296294 0.15104166666666666 0.31296296296296294 0.15260416666666668 0.3138888888888889 0.153125 0.3138888888888889 0.15416666666666667 0.3148148148148148 0.15416666666666667 0.3175925925925926 0.15520833333333334 0.3194444444444444 0.15520833333333334 0.32037037037037036 0.15572916666666667 0.3416666666666667 0.15572916666666667 0.3425925925925926 0.15520833333333334 0.3537037037037037 0.15520833333333334 0.35462962962962963 0.1546875 0.37037037037037035 0.1546875 0.3712962962962963 0.15520833333333334 0.375 0.15520833333333334 0.37592592592592594 0.15572916666666667 0.37962962962962965 0.15572916666666667 0.3888888888888889 0.1609375 0.3907407407407407 0.1609375 0.39166666666666666 0.16145833333333334 0.39444444444444443 0.16145833333333334 0.39537037037037037 0.16197916666666667 0.40185185185185185 0.16197916666666667 0.4027777777777778 0.16145833333333334 0.4046296296296296 0.16145833333333334 0.40555555555555556 0.1609375 0.4074074074074074 0.1609375 0.4074074074074074 0.16041666666666668 0.40925925925925927 0.159375 0.40925925925925927 0.15885416666666666 0.4111111111111111 0.15729166666666666 0.4111111111111111 0.1546875 0.41203703703703703 0.15416666666666667 0.41203703703703703 0.13958333333333334 0.4111111111111111 0.1390625 0.4111111111111111 0.134375 0.4101851851851852 0.13385416666666666 0.4101851851851852 0.13177083333333334 0.40925925925925927 0.13125 0.40925925925925927 0.1296875 0.4083333333333333 0.12916666666666668 0.4083333333333333 0.128125 0.4074074074074074 0.12760416666666666 0.4074074074074074 0.12604166666666666 0.4064814814814815 0.12552083333333333
5 0.5416666666666666 0.15052083333333333 0.5407407407407407 0.15 0.5407407407407407 0.14947916666666666 0.5388888888888889 0.1484375 0.537962962962963 0.1484375 0.5361111111111111 0.14739583333333334 0.5342592592592592 0.14739583333333334 0.5333333333333333 0.146875 0.5314814814814814 0.146875 0.5305555555555556 0.14635416666666667 0.5259259259259259 0.14635416666666667 0.525 0.14583333333333334 0.524074074074074 0.14635416666666667 0.5231481481481481 0.14635416666666667 0.5203703703703704 0.14791666666666667 0.5203703703703704 0.1484375 0.5185185185185185 0.14947916666666666 0.5185185185185185 0.15 0.5166666666666667 0.15104166666666666 0.5157407407407407 0.15104166666666666 0.5148148148148148 0.1515625 0.5074074074074074 0.1515625 0.5064814814814815 0.15208333333333332 0.5037037037037037 0.15208333333333332 0.5027777777777778 0.1515625 0.4962962962962963 0.1515625 0.49537037037037035 0.15104166666666666 0.4888888888888889 0.15104166666666666 0.487962962962963 0.15052083333333333 0.47962962962962963 0.15052083333333333 0.4787037037037037 0.15 0.4759259259259259 0.15 0.475 0.14947916666666666 0.4722222222222222 0.14947916666666666 0.47129629629629627 0.14895833333333333 0.462037037037037 0.14895833333333333 0.46111111111111114 0.1484375 0.45925925925925926 0.1484375 0.4583333333333333 0.14895833333333333 0.4564814814814815 0.14895833333333333 0.4537037037037037 0.15 0.4537037037037037 0.15104166666666666 0.4527777777777778 0.1515625 0.4527777777777778 0.15260416666666668 0.45185185185185184 0.153125 0.45185185185185184 0.15416666666666667 0.45092592592592595 0.1546875 0.45092592592592595 0.15677083333333333 0.45 0.15729166666666666 0.45 0.16302083333333334 0.45092592592592595 0.16354166666666667 0.45092592592592595 0.165625 0.45185185185185184 0.16614583333333333 0.45185185185185184 0.16666666666666666 0.45555555555555555 0.16875 0.45740740740740743 0.16875 0.4583333333333333 0.16927083333333334 0.46111111111111114 0.16927083333333334 0.462037037037037 0.16979166666666667 0.4685185185185185 0.16979166666666667 0.46944444444444444 0.1703125 0.47685185185185186 0.1703125 0.4777777777777778 0.17083333333333334 0.4842592592592593 0.17083333333333334 0.48518518518518516 0.17135416666666667 0.49074074074074076 0.17135416666666667 0.49166666666666664 0.171875 0.4962962962962963 0.171875 0.49722222222222223 0.17239583333333333 0.49907407407407406 0.17239583333333333 0.5 0.17291666666666666 0.5009259259259259 0.17291666666666666 0.5018518518518519 0.1734375 0.5027777777777778 0.1734375 0.5037037037037037 0.17395833333333333 0.5046296296296297 0.17395833333333333 0.5092592592592593 0.1765625 0.5092592592592593 0.17708333333333334 0.5148148148148148 0.18020833333333333 0.5157407407407407 0.18020833333333333 0.5175925925925926 0.18125 0.5212962962962963 0.18125 0.5222222222222223 0.18177083333333333 0.5296296296296297 0.18177083333333333 0.5305555555555556 0.18125 0.5324074074074074 0.18125 0.5324074074074074 0.18072916666666666 0.5342592592592592 0.1796875 0.5342592592592592 0.17916666666666667 0.5361111111111111 0.178125 0.5361111111111111 0.17760416666666667 0.5370370370370371 0.17708333333333334 0.5370370370370371 0.17604166666666668 0.537962962962963 0.17552083333333332 0.537962962962963 0.17447916666666666 0.5388888888888889 0.17395833333333333 0.5388888888888889 0.17239583333333333 0.5398148148148149 0.171875 0.5398148148148149 0.1703125 0.5407407407407407 0.16979166666666667 0.5407407407407407 0.165625 0.5416666666666666 0.16510416666666666 0.5416666666666666 0.1625 0.5425925925925926 0.16197916666666667 0.5425925925925926 0.15364583333333334 0.5416666666666666 0.153125
4 0.5722222222222222 0.1859375 0.5694444444444444 0.184375 0.5685185185185185 0.184375 0.5657407407407408 0.18333333333333332 0.562037037037037 0.18333333333333332 0.5611111111111111 0.18385416666666668 0.5592592592592592 0.18385416666666668 0.5583333333333333 0.184375 0.5574074074074075 0.184375 0.5564814814814815 0.18489583333333334 0.5555555555555556 0.18489583333333334 0.5546296296296296 0.18541666666666667 0.5518518518518518 0.1859375 0.5444444444444444 0.19010416666666666 0.5435185185185185 0.19010416666666666 0.5407407407407407 0.19166666666666668 0.5398148148148149 0.19166666666666668 0.5370370370370371 0.19322916666666667 0.5361111111111111 0.19322916666666667 0.5305555555555556 0.19635416666666666 0.5296296296296297 0.19635416666666666 0.5277777777777778 0.19739583333333333 0.5268518518518519 0.19739583333333333 0.524074074074074 0.19895833333333332 0.5231481481481481 0.19895833333333332 0.5203703703703704 0.20052083333333334 0.5194444444444445 0.20052083333333334 0.5185185185185185 0.20104166666666667 0.5175925925925926 0.20104166666666667 0.5157407407407407 0.20208333333333334 0.512962962962963 0.20260416666666667 0.5101851851851852 0.20416666666666666 0.5074074074074074 0.2046875 0.5055555555555555 0.20572916666666666 0.5 0.20572916666666666 0.49907407407407406 0.20520833333333333 0.49537037037037035 0.20520833333333333 0.49444444444444446 0.20572916666666666 0.4925925925925926 0.20572916666666666 0.49166666666666664 0.20520833333333333 0.4898148148148148 0.20520833333333333 0.4888888888888889 0.2046875 0.48518518518518516 0.2046875 0.4842592592592593 0.20520833333333333 0.4824074074074074 0.20520833333333333 0.47962962962962963 0.20677083333333332 0.4787037037037037 0.20677083333333332 0.4759259259259259 0.20833333333333334 0.4759259259259259 0.20885416666666667 0.475 0.209375 0.475 0.21041666666666667 0.4740740740740741 0.2109375 0.4740740740740741 0.21302083333333333 0.47314814814814815 0.21354166666666666 0.47314814814814815 0.2171875 0.4740740740740741 0.21770833333333334 0.4740740740740741 0.21927083333333333 0.475 0.21979166666666666 0.475 0.22083333333333333 0.4759259259259259 0.22135416666666666 0.4759259259259259 0.221875 0.47685185185185186 0.22239583333333332 0.4777777777777778 0.22395833333333334 0.47962962962962963 0.225 0.47962962962962963 0.22552083333333334 0.4824074074074074 0.22708333333333333 0.4824074074074074 0.22760416666666666 0.4888888888888889 0.23125 0.4898148148148148 0.23125 0.49074074074074076 0.23177083333333334 0.4925925925925926 0.23177083333333334 0.4935185185185185 0.23229166666666667 0.49537037037037035 0.23229166666666667 0.4962962962962963 0.2328125 0.49907407407407406 0.2328125 0.5 0.23229166666666667 0.5037037037037037 0.23229166666666667 0.5046296296296297 0.23177083333333334 0.5055555555555555 0.23177083333333334 0.5101851851851852 0.22916666666666666 0.5101851851851852 0.22864583333333333 0.5120370370370371 0.22760416666666666 0.512962962962963 0.22604166666666667 0.5148148148148148 0.225 0.5148148148148148 0.22447916666666667 0.5166666666666667 0.22291666666666668 0.5166666666666667 0.221875 0.5175925925925926 0.22135416666666666 0.5175925925925926 0.22083333333333333 0.525 0.21666666666666667 0.5259259259259259 0.21666666666666667 0.5296296296296297 0.21458333333333332 0.5305555555555556 0.21458333333333332 0.5370370370370371 0.2109375 0.537962962962963 0.2109375 0.5398148148148149 0.20989583333333334 0.5407407407407407 0.20989583333333334 0.5425925925925926 0.20885416666666667 0.5435185185185185 0.20885416666666667 0.5472222222222223 0.20677083333333332 0.55 0.20625 0.5518518518518518 0.20520833333333333 0.5527777777777778 0.20520833333333333 0.5546296296296296 0.20416666666666666 0.5555555555555556 0.20416666666666666 0.5592592592592592 0.20208333333333334 0.5601851851851852 0.20208333333333334 0.5601851851851852 0.2015625 0.562962962962963 0.2 0.5638888888888889 0.2 0.5722222222222222 0.1953125 0.5722222222222222 0.19479166666666667 0.5740740740740741 0.19375 0.5740740740740741 0.19322916666666667 0.575 0.19270833333333334 0.575 0.1890625 0.5740740740740741 0.18854166666666666 0.5740740740740741 0.18802083333333333 0.5731481481481482 0.1875
4 0.6787037037037037 0.1484375 0.6731481481481482 0.1515625 0.6722222222222223 0.153125 0.6703703703703704 0.15416666666666667 0.6703703703703704 0.15625 0.6694444444444444 0.15677083333333333 0.6694444444444444 0.15833333333333333 0.6703703703703704 0.15885416666666666 0.6712962962962963 0.16041666666666668 0.6759259259259259 0.16302083333333334 0.6759259259259259 0.16354166666666667 0.6851851851851852 0.16875 0.6851851851851852 0.16927083333333334 0.687037037037037 0.1703125 0.687037037037037 0.17083333333333334 0.6990740740740741 0.17760416666666667 0.6990740740740741 0.178125 0.7046296296296296 0.18125 0.7046296296296296 0.18177083333333333 0.7092592592592593 0.184375 0.7092592592592593 0.18489583333333334 0.7129629629629629 0.18697916666666667 0.7129629629629629 0.1875 0.7157407407407408 0.1890625 0.7157407407407408 0.18958333333333333 0.7175925925925926 0.190625 0.7175925925925926 0.19114583333333332 0.7194444444444444 0.1921875 0.7194444444444444 0.19270833333333334 0.7212962962962963 0.19427083333333334 0.7212962962962963 0.1953125 0.7222222222222222 0.19583333333333333 0.7222222222222222 0.196875 0.7231481481481481 0.19739583333333333 0.7231481481481481 0.2 0.7240740740740741 0.20052083333333334 0.7240740740740741 0.2015625 0.725 0.20208333333333334 0.725 0.20260416666666667 0.7277777777777777 0.20416666666666666 0.7277777777777777 0.2046875 0.7287037037037037 0.2046875 0.7314814814814815 0.20572916666666666 0.7324074074074074 0.20572916666666666 0.7333333333333333 0.20520833333333333 0.7361111111111112 0.20520833333333333 0.7388888888888889 0.20364583333333333 0.7398148148148148 0.20364583333333333 0.7462962962962963 0.2 0.7462962962962963 0.19947916666666668 0.7481481481481481 0.1984375 0.75 0.1984375 0.7509259259259259 0.19791666666666666 0.7518518518518519 0.19791666666666666 0.7592592592592593 0.19375 0.7601851851851852 0.1921875 0.7620370370370371 0.19114583333333332 0.7620370370370371 0.190625 0.7638888888888888 0.1890625 0.7638888888888888 0.18854166666666666 0.762962962962963 0.18802083333333333 0.762962962962963 0.18541666666666667 0.7583333333333333 0.1828125 0.7564814814814815 0.1828125 0.7555555555555555 0.18229166666666666 0.7546296296296297 0.1828125 0.7527777777777778 0.1828125 0.7518518518518519 0.18333333333333332 0.7509259259259259 0.18333333333333332 0.7490740740740741 0.184375 0.7481481481481481 0.184375 0.7472222222222222 0.18489583333333334 0.7453703703703703 0.18385416666666668 0.7444444444444445 0.18385416666666668 0.7361111111111112 0.17916666666666667 0.7361111111111112 0.17864583333333334 0.725 0.17239583333333333 0.725 0.171875 0.7138888888888889 0.165625 0.7138888888888889 0.16510416666666666 0.7129629629629629 0.16458333333333333 0.712037037037037 0.16458333333333333 0.7092592592592593 0.16302083333333334 0.7092592592592593 0.1625 0.7018518518518518 0.15833333333333333 0.7018518518518518 0.1578125 0.7 0.15677083333333333 0.6990740740740741 0.15677083333333333 0.6981481481481482 0.15625 0.6981481481481482 0.15572916666666667 0.6953703703703704 0.15416666666666667 0.6953703703703704 0.15364583333333334 0.687962962962963 0.14947916666666666 0.687037037037037 0.14947916666666666 0.6851851851851852 0.1484375 0.6833333333333333 0.1484375 0.6824074074074075 0.14791666666666667 0.6805555555555556 0.14791666666666667 0.6796296296296296 0.1484375
1 0.37037037037037035 0.20885416666666667 0.36944444444444446 0.20885416666666667 0.3685185185185185 0.20833333333333334 0.36666666666666664 0.20833333333333334 0.36574074074074076 0.2078125 0.3648148148148148 0.2078125 0.3638888888888889 0.20729166666666668 0.36203703703703705 0.20729166666666668 0.3611111111111111 0.20677083333333332 0.36018518518518516 0.20729166666666668 0.35833333333333334 0.20729166666666668 0.3574074074074074 0.2078125 0.35648148148148145 0.2078125 0.3527777777777778 0.20989583333333334 0.3527777777777778 0.21041666666666667 0.35185185185185186 0.2109375 0.35185185185185186 0.21145833333333333 0.35 0.2125 0.35 0.21302083333333333 0.3490740740740741 0.21354166666666666 0.3490740740740741 0.2140625 0.3472222222222222 0.21510416666666668 0.3472222222222222 0.215625 0.3453703703703704 0.21666666666666667 0.3453703703703704 0.2171875 0.34444444444444444 0.21770833333333334 0.34444444444444444 0.21822916666666667 0.3425925925925926 0.21927083333333333 0.3425925925925926 0.21979166666666666 0.34074074074074073 0.22083333333333333 0.3398148148148148 0.22083333333333333 0.3388888888888889 0.22135416666666666 0.33796296296296297 0.22135416666666666 0.337037037037037 0.221875 0.33611111111111114 0.221875 0.3351851851851852 0.22239583333333332 0.33425925925925926 0.22239583333333332 0.3333333333333333 0.22291666666666668 0.33240740740740743 0.22291666666666668 0.3314814814814815 0.2234375 0.33055555555555555 0.2234375 0.3296296296296296 0.22395833333333334 0.3287037037037037 0.22395833333333334 0.325 0.22604166666666667 0.325 0.2265625 0.32407407407407407 0.22708333333333333 0.32407407407407407 0.22760416666666666 0.32314814814814813 0.228125 0.32314814814814813 0.22864583333333333 0.32222222222222224 0.22916666666666666 0.32222222222222224 0.23020833333333332 0.3212962962962963 0.23072916666666668 0.3212962962962963 0.23125 0.32037037037037036 0.23177083333333334 0.32037037037037036 0.23229166666666667 0.3194444444444444 0.2328125 0.3194444444444444 0.23333333333333334 0.31851851851851853 0.23385416666666667 0.31851851851851853 0.234375 0.3175925925925926 0.23489583333333333 0.3175925925925926 0.23697916666666666 0.31666666666666665 0.2375 0.31666666666666665 0.240625 0.3175925925925926 0.24114583333333334 0.3175925925925926 0.2421875 0.31851851851851853 0.24270833333333333 0.31851851851851853 0.24322916666666666 0.32037037037037036 0.24427083333333333 0.32037037037037036 0.24479166666666666 0.32407407407407407 0.246875 0.32407407407407407 0.24739583333333334 0.325 0.24791666666666667 0.32592592592592595 0.24791666666666667 0.32685185185185184 0.2484375 0.3296296296296296 0.2484375 0.33055555555555555 0.24895833333333334 0.3314814814814815 0.24895833333333334 0.33240740740740743 0.24947916666666667 0.337037037037037 0.24947916666666667 0.33796296296296297 0.25 0.3416666666666667 0.25 0.3425925925925926 0.24947916666666667 0.3435185185185185 0.24947916666666667 0.34444444444444444 0.24895833333333334 0.3453703703703704 0.24895833333333334 0.3490740740740741 0.246875 0.3490740740740741 0.24635416666666668 0.3537037037037037 0.24375 0.35462962962962963 0.24375 0.3574074074074074 0.2421875 0.3574074074074074 0.24166666666666667 0.3592592592592593 0.240625 0.3592592592592593 0.24010416666666667 0.36018518518518516 0.23958333333333334 0.36018518518518516 0.2375 0.3611111111111111 0.23697916666666666 0.3611111111111111 0.22760416666666666 0.36203703703703705 0.22708333333333333 0.36203703703703705 0.2265625 0.362962962962963 0.22604166666666667 0.362962962962963 0.22552083333333334 0.3638888888888889 0.225 0.3638888888888889 0.22447916666666667 0.3648148148148148 0.22395833333333334 0.3648148148148148 0.2234375 0.36666666666666664 0.22239583333333332 0.36666666666666664 0.22135416666666666 0.3675925925925926 0.22083333333333333 0.3675925925925926 0.2203125 0.3685185185185185 0.21979166666666666 0.3685185185185185 0.21927083333333333 0.36944444444444446 0.21875 0.36944444444444446 0.21770833333333334 0.37037037037037035 0.2171875 0.37037037037037035 0.21614583333333334 0.3712962962962963 0.215625 0.3712962962962963 0.2140625 0.37222222222222223 0.21354166666666666 0.37222222222222223 0.21145833333333333 0.3712962962962963 0.2109375 0.3712962962962963 0.20989583333333334 0.37037037037037035 0.209375
4 0.7277777777777777 0.24114583333333334 0.7268518518518519 0.24166666666666667 0.7240740740740741 0.24166666666666667 0.7231481481481481 0.2421875 0.7203703703703703 0.2421875 0.7185185185185186 0.24322916666666666 0.7175925925925926 0.24322916666666666 0.7166666666666667 0.24375 0.7138888888888889 0.24375 0.7129629629629629 0.24427083333333333 0.7111111111111111 0.24427083333333333 0.7101851851851851 0.24479166666666666 0.7092592592592593 0.24479166666666666 0.7083333333333334 0.2453125 0.7074074074074074 0.2453125 0.7064814814814815 0.24583333333333332 0.7037037037037037 0.24635416666666668 0.7018518518518518 0.24739583333333334 0.6990740740740741 0.24791666666666667 0.6972222222222222 0.24895833333333334 0.6962962962962963 0.24895833333333334 0.6935185185185185 0.25052083333333336 0.6925925925925925 0.25052083333333336 0.6925925925925925 0.25104166666666666 0.6907407407407408 0.2520833333333333 0.6916666666666667 0.2526041666666667 0.6916666666666667 0.2557291666666667 0.6935185185185185 0.25677083333333334 0.6935185185185185 0.25729166666666664 0.6972222222222222 0.2598958333333333 0.6990740740740741 0.2598958333333333 0.7 0.2604166666666667 0.7027777777777777 0.2609375 0.7046296296296296 0.26197916666666665 0.7055555555555556 0.26197916666666665 0.7074074074074074 0.2630208333333333 0.7083333333333334 0.2630208333333333 0.7092592592592593 0.2635416666666667 0.7092592592592593 0.26458333333333334 0.7111111111111111 0.26614583333333336 0.7111111111111111 0.2671875 0.712037037037037 0.2677083333333333 0.712037037037037 0.2682291666666667 0.7129629629629629 0.26875 0.7129629629629629 0.26927083333333335 0.7148148148148148 0.2708333333333333 0.7148148148148148 0.271875 0.7166666666666667 0.2734375 0.7166666666666667 0.27447916666666666 0.7175925925925926 0.275 0.7175925925925926 0.2760416666666667 0.7185185185185186 0.2765625 0.7185185185185186 0.27760416666666665 0.7194444444444444 0.278125 0.7194444444444444 0.2791666666666667 0.7203703703703703 0.2796875 0.7203703703703703 0.28072916666666664 0.7212962962962963 0.28125 0.7212962962962963 0.28229166666666666 0.7222222222222222 0.2828125 0.7222222222222222 0.2838541666666667 0.7231481481481481 0.284375 0.7231481481481481 0.28541666666666665 0.7240740740740741 0.2859375 0.7240740740740741 0.2869791666666667 0.725 0.2875 0.725 0.28802083333333334 0.725925925925926 0.28854166666666664 0.725925925925926 0.28958333333333336 0.7268518518518519 0.29010416666666666 0.7268518518518519 0.290625 0.7277777777777777 0.2911458333333333 0.7277777777777777 0.2916666666666667 0.7296296296296296 0.29322916666666665 0.7296296296296296 0.2942708333333333 0.7305555555555555 0.2947916666666667 0.7305555555555555 0.2953125 0.7324074074074074 0.296875 0.7324074074074074 0.29791666666666666 0.7361111111111112 0.30104166666666665 0.7361111111111112 0.3020833333333333 0.7407407407407407 0.3046875 0.7416666666666667 0.3046875 0.7425925925925926 0.30520833333333336 0.7490740740740741 0.30520833333333336 0.75 0.3046875 0.7518518518518519 0.3046875 0.7527777777777778 0.30416666666666664 0.7537037037037037 0.30416666666666664 0.7564814814814815 0.3026041666666667 0.7564814814814815 0.3020833333333333 0.7574074074074074 0.3015625 0.7574074074074074 0.3 0.7583333333333333 0.2994791666666667 0.7583333333333333 0.29791666666666666 0.7574074074074074 0.29739583333333336 0.7574074074074074 0.2947916666666667 0.7564814814814815 0.2942708333333333 0.7564814814814815 0.29322916666666665 0.7555555555555555 0.29270833333333335 0.7555555555555555 0.2916666666666667 0.7546296296296297 0.2911458333333333 0.7546296296296297 0.29010416666666666 0.7527777777777778 0.28854166666666664 0.7527777777777778 0.2875 0.7518518518518519 0.2869791666666667 0.7518518518518519 0.2859375 0.7509259259259259 0.28541666666666665 0.7509259259259259 0.284375 0.75 0.2838541666666667 0.75 0.2828125 0.7490740740740741 0.28229166666666666 0.7490740740740741 0.28125 0.7472222222222222 0.2796875 0.7472222222222222 0.2786458333333333 0.7462962962962963 0.278125 0.7462962962962963 0.27708333333333335 0.7453703703703703 0.2765625 0.7453703703703703 0.2755208333333333 0.7444444444444445 0.275 0.7444444444444445 0.27395833333333336 0.7435185185185185 0.2734375 0.7435185185185185 0.27239583333333334 0.7425925925925926 0.271875 0.7425925925925926 0.2713541666666667 0.7416666666666667 0.2708333333333333 0.7416666666666667 0.2703125 0.7398148148148148 0.26875 0.7398148148148148 0.2677083333333333 0.7379629629629629 0.26614583333333336 0.7379629629629629 0.26510416666666664 0.737037037037037 0.26458333333333334 0.737037037037037 0.2635416666666667 0.7361111111111112 0.2630208333333333 0.7361111111111112 0.26145833333333335 0.7351851851851852 0.2609375 0.7351851851851852 0.2598958333333333 0.7342592592592593 0.259375 0.7342592592592593 0.2578125 0.7333333333333333 0.25729166666666664 0.7333333333333333 0.2515625 0.737037037037037 0.2484375 0.737037037037037 0.24583333333333332 0.7361111111111112 0.2453125 0.7361111111111112 0.24375 0.7314814814814815 0.24114583333333334
5 0.1814814814814815 0.32395833333333335 0.18055555555555555 0.32447916666666665 0.17777777777777778 0.325 0.175 0.3265625 0.175 0.32708333333333334 0.17407407407407408 0.32760416666666664 0.17407407407407408 0.32864583333333336 0.17314814814814813 0.32916666666666666 0.17314814814814813 0.33489583333333334 0.17407407407407408 0.33541666666666664 0.17407407407407408 0.3380208333333333 0.175 0.3385416666666667 0.175 0.34010416666666665 0.17592592592592593 0.340625 0.17592592592592593 0.34322916666666664 0.17685185185185184 0.34375 0.17685185185185184 0.34739583333333335 0.17777777777777778 0.34791666666666665 0.17777777777777778 0.3494791666666667 0.1787037037037037 0.35 0.1787037037037037 0.35260416666666666 0.17962962962962964 0.353125 0.17962962962962964 0.35625 0.18055555555555555 0.3567708333333333 0.18055555555555555 0.35833333333333334 0.17962962962962964 0.35885416666666664 0.17962962962962964 0.3609375 0.17777777777777778 0.3625 0.17777777777777778 0.36354166666666665 0.17685185185185184 0.3640625 0.17685185185185184 0.3651041666666667 0.17592592592592593 0.365625 0.17592592592592593 0.36614583333333334 0.175 0.36666666666666664 0.175 0.3671875 0.17314814814814813 0.36875 0.17314814814814813 0.3729166666666667 0.17407407407407408 0.3734375 0.17407407407407408 0.37447916666666664 0.175 0.375 0.175 0.37604166666666666 0.17592592592592593 0.3765625 0.17592592592592593 0.3770833333333333 0.17777777777777778 0.378125 0.17777777777777778 0.37864583333333335 0.1787037037037037 0.37864583333333335 0.1814814814814815 0.3802083333333333 0.1824074074074074 0.3802083333333333 0.18518518518518517 0.38125 0.2074074074074074 0.38125 0.20833333333333334 0.3807291666666667 0.21296296296296297 0.3807291666666667 0.21574074074074073 0.3796875 0.22037037037037038 0.3796875 0.2222222222222222 0.37864583333333335 0.22314814814814815 0.37864583333333335 0.22407407407407406 0.378125 0.225 0.378125 0.22592592592592592 0.3776041666666667 0.22685185185185186 0.3776041666666667 0.22777777777777777 0.3770833333333333 0.23055555555555557 0.3765625 0.2324074074074074 0.37552083333333336 0.2351851851851852 0.375 0.23981481481481481 0.3723958333333333 0.23981481481481481 0.371875 0.24074074074074073 0.37135416666666665 0.24074074074074073 0.3697916666666667 0.24166666666666667 0.3692708333333333 0.24166666666666667 0.36875 0.24074074074074073 0.36822916666666666 0.24074074074074073 0.3671875 0.23981481481481481 0.36666666666666664 0.23981481481481481 0.365625 0.2388888888888889 0.3651041666666667 0.2388888888888889 0.3645833333333333 0.23148148148148148 0.36041666666666666 0.23055555555555557 0.36041666666666666 0.22314814814814815 0.35625 0.22314814814814815 0.35572916666666665 0.2222222222222222 0.35520833333333335 0.2222222222222222 0.3546875 0.2212962962962963 0.3541666666666667 0.2212962962962963 0.3536458333333333 0.21944444444444444 0.35208333333333336 0.21944444444444444 0.35104166666666664 0.21851851851851853 0.35052083333333334 0.21851851851851853 0.3489583333333333 0.2175925925925926 0.3484375 0.2175925925925926 0.346875 0.21666666666666667 0.3463541666666667 0.21666666666666667 0.34479166666666666 0.21574074074074073 0.34427083333333336 0.21574074074074073 0.34270833333333334 0.21481481481481482 0.3421875 0.21481481481481482 0.34010416666666665 0.21388888888888888 0.33958333333333335 0.21388888888888888 0.3380208333333333 0.21296296296296297 0.3375 0.21296296296296297 0.3359375 0.21203703703703702 0.33541666666666664 0.21203703703703702 0.3338541666666667 0.2111111111111111 0.3333333333333333 0.2111111111111111 0.33229166666666665 0.2101851851851852 0.33177083333333335 0.2101851851851852 0.3302083333333333 0.20925925925925926 0.3296875 0.20925925925925926 0.32916666666666666 0.20833333333333334 0.32864583333333336 0.20833333333333334 0.328125 0.2074074074074074 0.32760416666666664 0.2064814814814815 0.3260416666666667 0.20462962962962963 0.325 0.2037037037037037 0.325 0.20092592592592592 0.32395833333333335 0.19907407407407407 0.32395833333333335 0.19814814814814816 0.3234375 0.1925925925925926 0.3234375 0.19166666666666668 0.3229166666666667 0.18796296296296297 0.3229166666666667 0.18703703703703703 0.3234375 0.18425925925925926 0.3234375 0.18333333333333332 0.32395833333333335
4 0.8074074074074075 0.25677083333333334 0.8064814814814815 0.25729166666666664 0.8055555555555556 0.25729166666666664 0.8046296296296296 0.2578125 0.8018518518518518 0.25833333333333336 0.8 0.259375 0.8 0.2598958333333333 0.7981481481481482 0.26145833333333335 0.7981481481481482 0.2625 0.7972222222222223 0.2630208333333333 0.7972222222222223 0.2677083333333333 0.7981481481481482 0.2682291666666667 0.7981481481481482 0.26979166666666665 0.799074074074074 0.2703125 0.799074074074074 0.2713541666666667 0.8 0.271875 0.8 0.2734375 0.8009259259259259 0.27395833333333336 0.8009259259259259 0.275 0.8018518518518518 0.2755208333333333 0.8018518518518518 0.2765625 0.8027777777777778 0.27708333333333335 0.8027777777777778 0.278125 0.8037037037037037 0.2786458333333333 0.8037037037037037 0.2796875 0.8046296296296296 0.28020833333333334 0.8046296296296296 0.28177083333333336 0.8055555555555556 0.28229166666666666 0.8055555555555556 0.2833333333333333 0.8064814814814815 0.2838541666666667 0.8064814814814815 0.28489583333333335 0.8074074074074075 0.28541666666666665 0.8074074074074075 0.2864583333333333 0.8083333333333333 0.2869791666666667 0.8083333333333333 0.28854166666666664 0.8092592592592592 0.2890625 0.8092592592592592 0.290625 0.8101851851851852 0.2911458333333333 0.8101851851851852 0.29270833333333335 0.8111111111111111 0.29322916666666665 0.8111111111111111 0.2942708333333333 0.812037037037037 0.2947916666666667 0.812037037037037 0.29739583333333336 0.812962962962963 0.29791666666666666 0.812962962962963 0.3 0.8138888888888889 0.30052083333333335 0.8138888888888889 0.303125 0.8148148148148148 0.30364583333333334 0.8148148148148148 0.30520833333333336 0.8157407407407408 0.30572916666666666 0.8157407407407408 0.30833333333333335 0.8148148148148148 0.30885416666666665 0.8148148148148148 0.3125 0.8138888888888889 0.31302083333333336 0.8138888888888889 0.3145833333333333 0.8148148148148148 0.3151041666666667 0.8148148148148148 0.31614583333333335 0.8157407407407408 0.31666666666666665 0.8157407407407408 0.3177083333333333 0.8175925925925925 0.31875 0.8175925925925925 0.31927083333333334 0.8203703703703704 0.31927083333333334 0.8212962962962963 0.31979166666666664 0.8222222222222222 0.31979166666666664 0.8231481481481482 0.31927083333333334 0.8277777777777777 0.31927083333333334 0.8287037037037037 0.31875 0.8324074074074074 0.31875 0.8333333333333334 0.3182291666666667 0.8361111111111111 0.3182291666666667 0.837037037037037 0.3177083333333333 0.8379629629629629 0.3177083333333333 0.8407407407407408 0.31666666666666665 0.8453703703703703 0.31666666666666665 0.8462962962962963 0.31614583333333335 0.8481481481481481 0.31614583333333335 0.8490740740740741 0.315625 0.85 0.315625 0.850925925925926 0.3151041666666667 0.8518518518518519 0.3151041666666667 0.8527777777777777 0.3145833333333333 0.8555555555555555 0.3140625 0.8574074074074074 0.31302083333333336 0.8574074074074074 0.3125 0.8583333333333333 0.31197916666666664 0.8583333333333333 0.31145833333333334 0.8601851851851852 0.3098958333333333 0.8592592592592593 0.309375 0.8592592592592593 0.30625 0.8574074074074074 0.30520833333333336 0.8574074074074074 0.3046875 0.8564814814814815 0.30416666666666664 0.8555555555555555 0.30416666666666664 0.8546296296296296 0.30364583333333334 0.8527777777777777 0.30364583333333334 0.8518518518518519 0.303125 0.8490740740740741 0.303125 0.8444444444444444 0.30052083333333335 0.8444444444444444 0.2994791666666667 0.8435185185185186 0.2989583333333333 0.8435185185185186 0.29791666666666666 0.8425925925925926 0.29739583333333336 0.8425925925925926 0.29635416666666664 0.8407407407407408 0.2947916666666667 0.8407407407407408 0.29375 0.8398148148148148 0.29322916666666665 0.8398148148148148 0.2921875 0.8388888888888889 0.2916666666666667 0.8388888888888889 0.290625 0.8379629629629629 0.29010416666666666 0.8379629629629629 0.2890625 0.837037037037037 0.28854166666666664 0.837037037037037 0.2875 0.8361111111111111 0.2869791666666667 0.8361111111111111 0.2859375 0.8351851851851851 0.28541666666666665 0.8351851851851851 0.284375 0.8342592592592593 0.2838541666666667 0.8342592592592593 0.2828125 0.8333333333333334 0.28229166666666666 0.8333333333333334 0.28125 0.8324074074074074 0.28072916666666664 0.8324074074074074 0.2796875 0.8314814814814815 0.2791666666666667 0.8314814814814815 0.278125 0.8305555555555556 0.27760416666666665 0.8305555555555556 0.2765625 0.8296296296296296 0.2760416666666667 0.8296296296296296 0.275 0.8287037037037037 0.27447916666666666 0.8287037037037037 0.2734375 0.8277777777777777 0.27291666666666664 0.8277777777777777 0.2713541666666667 0.8268518518518518 0.2708333333333333 0.8268518518518518 0.26927083333333335 0.825925925925926 0.26875 0.825925925925926 0.2671875 0.8240740740740741 0.26614583333333336 0.8240740740740741 0.265625 0.8231481481481482 0.26510416666666664 0.8231481481481482 0.2640625 0.8222222222222222 0.2635416666666667 0.8222222222222222 0.2630208333333333 0.8212962962962963 0.2625 0.8212962962962963 0.26197916666666665 0.8203703703703704 0.26145833333333335 0.8203703703703704 0.2609375 0.8194444444444444 0.2604166666666667 0.8185185185185185 0.25885416666666666 0.8148148148148148 0.25677083333333334
2 0.36203703703703705 0.3296875 0.36203703703703705 0.3307291666666667 0.36018518518518516 0.3328125 0.36018518518518516 0.33489583333333334 0.36203703703703705 0.3375 0.3685185185185185 0.3411458333333333 0.37407407407407406 0.34322916666666664 0.3787037037037037 0.34427083333333336 0.3907407407407407 0.3489583333333333 0.40370370370370373 0.35208333333333336 0.4074074074074074 0.3541666666666667 0.4111111111111111 0.3546875 0.41574074074074074 0.3567708333333333 0.41759259259259257 0.3567708333333333 0.4212962962962963 0.3578125 0.4305555555555556 0.3614583333333333 0.43703703703703706 0.36302083333333335 0.44166666666666665 0.3651041666666667 0.44351851851851853 0.3651041666666667 0.44907407407407407 0.36666666666666664 0.4527777777777778 0.36875 0.46574074074074073 0.3723958333333333 0.4777777777777778 0.3770833333333333 0.4824074074074074 0.378125 0.4925925925925926 0.38229166666666664 0.4981481481481482 0.38333333333333336 0.5092592592592593 0.3890625 0.5120370370370371 0.38958333333333334 0.5166666666666667 0.3921875 0.5194444444444445 0.3953125 0.524074074074074 0.3984375 0.525 0.4 0.5305555555555556 0.4005208333333333 0.5314814814814814 0.4010416666666667 0.5361111111111111 0.4005208333333333 0.5398148148148149 0.39947916666666666 0.549074074074074 0.39375 0.5555555555555556 0.3859375 0.5555555555555556 0.3802083333333333 0.5537037037037037 0.37916666666666665 0.5509259259259259 0.37864583333333335 0.5453703703703704 0.3765625 0.5435185185185185 0.3765625 0.5398148148148149 0.378125 0.537962962962963 0.378125 0.5370370370370371 0.37864583333333335 0.5324074074074074 0.378125 0.524074074074074 0.375 0.5092592592592593 0.37083333333333335 0.5064814814814815 0.3692708333333333 0.5037037037037037 0.36875 0.5018518518518519 0.36770833333333336 0.5 0.36770833333333336 0.4962962962962963 0.36666666666666664 0.4935185185185185 0.3651041666666667 0.4861111111111111 0.36354166666666665 0.4824074074074074 0.3614583333333333 0.47962962962962963 0.3609375 0.4777777777777778 0.35989583333333336 0.47314814814814815 0.35885416666666664 0.47129629629629627 0.3578125 0.462037037037037 0.35520833333333335 0.4601851851851852 0.3541666666666667 0.4537037037037037 0.35260416666666666 0.44722222222222224 0.35 0.4388888888888889 0.34791666666666665 0.4351851851851852 0.3458333333333333 0.4166666666666667 0.340625 0.4111111111111111 0.3380208333333333 0.4046296296296296 0.33645833333333336 0.4 0.334375 0.39166666666666666 0.33229166666666665 0.387037037037037 0.3302083333333333 0.37777777777777777 0.32760416666666664 0.37592592592592594 0.32760416666666664 0.3731481481481482 0.3265625 0.3685185185185185 0.3265625
4 0.3416666666666667 0.35052083333333334 0.34074074074074073 0.35052083333333334 0.33796296296296297 0.3494791666666667 0.33240740740740743 0.3494791666666667 0.3314814814814815 0.35 0.33055555555555555 0.35 0.3287037037037037 0.35104166666666664 0.32592592592592595 0.3515625 0.32407407407407407 0.35260416666666666 0.32407407407407407 0.353125 0.3212962962962963 0.3546875 0.3212962962962963 0.35520833333333335 0.3175925925925926 0.3572916666666667 0.3175925925925926 0.3578125 0.31203703703703706 0.3609375 0.31203703703703706 0.3614583333333333 0.30925925925925923 0.36302083333333335 0.30925925925925923 0.36354166666666665 0.3074074074074074 0.3645833333333333 0.3074074074074074 0.3651041666666667 0.3055555555555556 0.36614583333333334 0.3055555555555556 0.36666666666666664 0.30277777777777776 0.36822916666666666 0.30277777777777776 0.36875 0.30092592592592593 0.3697916666666667 0.30092592592592593 0.3703125 0.2972222222222222 0.3723958333333333 0.2962962962962963 0.37395833333333334 0.29259259259259257 0.37604166666666666 0.29259259259259257 0.3765625 0.29074074074074074 0.3776041666666667 0.29074074074074074 0.378125 0.28888888888888886 0.37916666666666665 0.28888888888888886 0.3796875 0.2861111111111111 0.38125 0.2861111111111111 0.38177083333333334 0.28425925925925927 0.3828125 0.28425925925925927 0.38333333333333336 0.2814814814814815 0.3848958333333333 0.2814814814814815 0.3854166666666667 0.2777777777777778 0.3875 0.27685185185185185 0.3875 0.275 0.3885416666666667 0.2638888888888889 0.3885416666666667 0.2611111111111111 0.38958333333333334 0.25925925925925924 0.38958333333333334 0.2574074074074074 0.390625 0.2574074074074074 0.39114583333333336 0.25555555555555554 0.3921875 0.25555555555555554 0.39375 0.25462962962962965 0.39427083333333335 0.25462962962962965 0.396875 0.25555555555555554 0.39739583333333334 0.25555555555555554 0.3984375 0.2564814814814815 0.39895833333333336 0.2564814814814815 0.4 0.2574074074074074 0.4005208333333333 0.2574074074074074 0.4010416666666667 0.25833333333333336 0.4015625 0.25925925925925924 0.403125 0.262037037037037 0.4046875 0.26296296296296295 0.4046875 0.26666666666666666 0.40677083333333336 0.2675925925925926 0.40677083333333336 0.26851851851851855 0.40729166666666666 0.2712962962962963 0.4078125 0.27314814814814814 0.4088541666666667 0.2740740740740741 0.4088541666666667 0.275 0.409375 0.27685185185185185 0.409375 0.2777777777777778 0.40989583333333335 0.2796296296296296 0.40989583333333335 0.2824074074074074 0.4109375 0.2851851851851852 0.4109375 0.2861111111111111 0.4114583333333333 0.2916666666666667 0.4114583333333333 0.29259259259259257 0.4119791666666667 0.29444444444444445 0.4119791666666667 0.29907407407407405 0.41041666666666665 0.29907407407407405 0.40989583333333335 0.30092592592592593 0.4088541666666667 0.30092592592592593 0.4078125 0.30185185185185187 0.40729166666666666 0.30185185185185187 0.40572916666666664 0.30277777777777776 0.40520833333333334 0.30277777777777776 0.4041666666666667 0.3037037037037037 0.4036458333333333 0.3037037037037037 0.39947916666666666 0.30462962962962964 0.39895833333333336 0.30462962962962964 0.39791666666666664 0.30648148148148147 0.3963541666666667 0.30648148148148147 0.3953125 0.3074074074074074 0.39479166666666665 0.3074074074074074 0.39375 0.30833333333333335 0.3932291666666667 0.30833333333333335 0.3927083333333333 0.3101851851851852 0.39166666666666666 0.3111111111111111 0.39010416666666664 0.31296296296296294 0.3890625 0.3138888888888889 0.3875 0.31574074074074077 0.38645833333333335 0.31574074074074077 0.3859375 0.3175925925925926 0.3848958333333333 0.3175925925925926 0.384375 0.3194444444444444 0.38333333333333336 0.3194444444444444 0.3828125 0.32314814814814813 0.3807291666666667 0.32314814814814813 0.3802083333333333 0.325 0.37916666666666665 0.325 0.37864583333333335 0.3277777777777778 0.3770833333333333 0.3277777777777778 0.3765625 0.33055555555555555 0.375 0.33055555555555555 0.37447916666666664 0.33425925925925926 0.3723958333333333 0.3351851851851852 0.37083333333333335 0.337037037037037 0.3697916666666667 0.337037037037037 0.3692708333333333 0.3388888888888889 0.36822916666666666 0.3388888888888889 0.36770833333333336 0.3416666666666667 0.36614583333333334 0.3416666666666667 0.365625 0.3425925925925926 0.3651041666666667 0.3425925925925926 0.3640625 0.3453703703703704 0.3614583333333333 0.3453703703703704 0.36041666666666666 0.34629629629629627 0.35989583333333336 0.34629629629629627 0.3578125 0.3472222222222222 0.3572916666666667 0.34629629629629627 0.3567708333333333 0.34629629629629627 0.3536458333333333 0.3453703703703704 0.353125 0.3453703703703704 0.35260416666666666
4 0.5444444444444444 0.32135416666666666 0.5435185185185185 0.321875 0.5425925925925926 0.321875 0.5342592592592592 0.3265625 0.5342592592592592 0.32760416666666664 0.5333333333333333 0.328125 0.5333333333333333 0.32916666666666666 0.5324074074074074 0.3296875 0.5333333333333333 0.3302083333333333 0.5333333333333333 0.33125 0.5342592592592592 0.33177083333333335 0.5342592592592592 0.3328125 0.5361111111111111 0.334375 0.5361111111111111 0.33541666666666664 0.5370370370370371 0.3359375 0.537962962962963 0.3375 0.5398148148148149 0.3385416666666667 0.5407407407407407 0.34010416666666665 0.5444444444444444 0.34270833333333334 0.5453703703703704 0.34427083333333336 0.5472222222222223 0.3453125 0.5472222222222223 0.3458333333333333 0.5481481481481482 0.3463541666666667 0.5481481481481482 0.346875 0.549074074074074 0.34739583333333335 0.549074074074074 0.34791666666666665 0.55 0.3484375 0.55 0.3489583333333333 0.5509259259259259 0.3494791666666667 0.5518518518518518 0.35104166666666664 0.5537037037037037 0.35208333333333336 0.5537037037037037 0.35260416666666666 0.5555555555555556 0.3536458333333333 0.5555555555555556 0.3541666666666667 0.5574074074074075 0.35520833333333335 0.5574074074074075 0.35572916666666665 0.5592592592592592 0.3567708333333333 0.5592592592592592 0.3572916666666667 0.562962962962963 0.35989583333333336 0.562962962962963 0.36041666666666666 0.5638888888888889 0.3609375 0.5638888888888889 0.3614583333333333 0.5648148148148148 0.3619791666666667 0.5648148148148148 0.3625 0.5666666666666667 0.3640625 0.5666666666666667 0.3651041666666667 0.5685185185185185 0.36666666666666664 0.5685185185185185 0.36770833333333336 0.5703703703703704 0.3692708333333333 0.5703703703703704 0.37083333333333335 0.5712962962962963 0.37135416666666665 0.5712962962962963 0.37395833333333334 0.5722222222222222 0.37447916666666664 0.5722222222222222 0.37864583333333335 0.5731481481481482 0.37916666666666665 0.5731481481481482 0.3807291666666667 0.5768518518518518 0.3828125 0.5861111111111111 0.3828125 0.587037037037037 0.38229166666666664 0.5888888888888889 0.38229166666666664 0.5898148148148148 0.38177083333333334 0.5907407407407408 0.38177083333333334 0.5916666666666667 0.38125 0.5944444444444444 0.3807291666666667 0.5962962962962963 0.3796875 0.5990740740740741 0.37916666666666665 0.600925925925926 0.378125 0.6018518518518519 0.378125 0.6027777777777777 0.3776041666666667 0.6055555555555555 0.3770833333333333 0.6074074074074074 0.37604166666666666 0.6083333333333333 0.37604166666666666 0.6148148148148148 0.3723958333333333 0.6148148148148148 0.37135416666666665 0.6157407407407407 0.37083333333333335 0.6157407407407407 0.36822916666666666 0.6148148148148148 0.36770833333333336 0.6148148148148148 0.36666666666666664 0.6111111111111112 0.3645833333333333 0.6092592592592593 0.3645833333333333 0.6083333333333333 0.3640625 0.6027777777777777 0.3640625 0.5981481481481481 0.3619791666666667 0.5981481481481481 0.3614583333333333 0.5953703703703703 0.35989583333333336 0.5953703703703703 0.359375 0.5898148148148148 0.35625 0.5898148148148148 0.35572916666666665 0.5879629629629629 0.3546875 0.5879629629629629 0.3541666666666667 0.587037037037037 0.3536458333333333 0.587037037037037 0.353125 0.5851851851851851 0.35208333333333336 0.5842592592592593 0.35052083333333334 0.5824074074074074 0.3494791666666667 0.5824074074074074 0.3489583333333333 0.5787037037037037 0.3463541666666667 0.5787037037037037 0.3458333333333333 0.5777777777777777 0.3453125 0.5777777777777777 0.34479166666666666 0.5768518518518518 0.34427083333333336 0.575925925925926 0.34270833333333334 0.5740740740740741 0.3416666666666667 0.5740740740740741 0.3411458333333333 0.5722222222222222 0.34010416666666665 0.5712962962962963 0.3385416666666667 0.5685185185185185 0.33697916666666666 0.5685185185185185 0.33645833333333336 0.5666666666666667 0.33541666666666664 0.5666666666666667 0.33489583333333334 0.562962962962963 0.33229166666666665 0.562962962962963 0.33177083333333335 0.562037037037037 0.33125 0.562037037037037 0.3307291666666667 0.5611111111111111 0.3302083333333333 0.5601851851851852 0.32864583333333336 0.5574074074074075 0.32708333333333334 0.5564814814814815 0.3255208333333333 0.5509259259259259 0.3223958333333333 0.55 0.3223958333333333 0.5472222222222223 0.32135416666666666
4 0.3888888888888889 0.4114583333333333 0.38796296296296295 0.4119791666666667 0.3851851851851852 0.4125 0.38333333333333336 0.41354166666666664 0.3824074074074074 0.41354166666666664 0.37962962962962965 0.41510416666666666 0.37962962962962965 0.41875 0.3787037037037037 0.4192708333333333 0.3787037037037037 0.4197916666666667 0.37962962962962965 0.4203125 0.37962962962962965 0.42291666666666666 0.38055555555555554 0.4234375 0.38055555555555554 0.425 0.3814814814814815 0.42552083333333335 0.3814814814814815 0.4265625 0.3824074074074074 0.4270833333333333 0.3824074074074074 0.42864583333333334 0.38333333333333336 0.42916666666666664 0.38333333333333336 0.43020833333333336 0.3851851851851852 0.4317708333333333 0.3851851851851852 0.4328125 0.3861111111111111 0.43333333333333335 0.3861111111111111 0.434375 0.387037037037037 0.4348958333333333 0.387037037037037 0.4359375 0.38796296296296295 0.43645833333333334 0.38796296296296295 0.43697916666666664 0.3888888888888889 0.4375 0.3888888888888889 0.43854166666666666 0.3907407407407407 0.4401041666666667 0.3907407407407407 0.44114583333333335 0.39166666666666666 0.44166666666666665 0.39166666666666666 0.4427083333333333 0.3925925925925926 0.4432291666666667 0.3925925925925926 0.44427083333333334 0.39444444444444443 0.44583333333333336 0.39444444444444443 0.446875 0.39537037037037037 0.4473958333333333 0.39537037037037037 0.4484375 0.3962962962962963 0.44895833333333335 0.3962962962962963 0.45 0.39814814814814814 0.4515625 0.39814814814814814 0.45260416666666664 0.3990740740740741 0.453125 0.3990740740740741 0.45416666666666666 0.4 0.4546875 0.4 0.4557291666666667 0.40185185185185185 0.45729166666666665 0.40185185185185185 0.4588541666666667 0.4027777777777778 0.459375 0.4027777777777778 0.46041666666666664 0.40370370370370373 0.4609375 0.40370370370370373 0.4625 0.4046296296296296 0.4630208333333333 0.4046296296296296 0.471875 0.40555555555555556 0.47239583333333335 0.40555555555555556 0.4739583333333333 0.4074074074074074 0.475 0.4111111111111111 0.475 0.41203703703703703 0.47552083333333334 0.41944444444444445 0.47552083333333334 0.4203703703703704 0.475 0.42777777777777776 0.475 0.4287037037037037 0.4744791666666667 0.4305555555555556 0.4744791666666667 0.43148148148148147 0.4739583333333333 0.43333333333333335 0.4739583333333333 0.43425925925925923 0.4734375 0.4351851851851852 0.4734375 0.43703703703703706 0.47239583333333335 0.43796296296296294 0.47239583333333335 0.4388888888888889 0.471875 0.4398148148148148 0.471875 0.44074074074074077 0.4713541666666667 0.44166666666666665 0.4713541666666667 0.4444444444444444 0.4703125 0.4444444444444444 0.46979166666666666 0.4462962962962963 0.46822916666666664 0.4462962962962963 0.465625 0.44537037037037036 0.46510416666666665 0.44537037037037036 0.46458333333333335 0.44351851851851853 0.4635416666666667 0.44351851851851853 0.4630208333333333 0.44074074074074077 0.46145833333333336 0.4398148148148148 0.46145833333333336 0.43796296296296294 0.46041666666666664 0.4351851851851852 0.45989583333333334 0.4324074074074074 0.4583333333333333 0.4324074074074074 0.4578125 0.43148148148148147 0.45729166666666665 0.43148148148148147 0.45677083333333335 0.4305555555555556 0.45625 0.4305555555555556 0.4557291666666667 0.42962962962962964 0.4552083333333333 0.42962962962962964 0.4546875 0.4287037037037037 0.45416666666666666 0.42777777777777776 0.45260416666666664 0.42592592592592593 0.4515625 0.42592592592592593 0.4505208333333333 0.425 0.45 0.425 0.44895833333333335 0.42407407407407405 0.4484375 0.42407407407407405 0.4473958333333333 0.42314814814814816 0.446875 0.42314814814814816 0.44583333333333336 0.4222222222222222 0.4453125 0.4222222222222222 0.44427083333333334 0.4212962962962963 0.44375 0.4212962962962963 0.4427083333333333 0.4203703703703704 0.4421875 0.4203703703703704 0.440625 0.41944444444444445 0.4401041666666667 0.41944444444444445 0.43854166666666666 0.4185185185185185 0.43802083333333336 0.4185185185185185 0.4375 0.4166666666666667 0.4359375 0.4166666666666667 0.434375 0.41574074074074074 0.43385416666666665 0.41574074074074074 0.4328125 0.4148148148148148 0.4322916666666667 0.4148148148148148 0.43125 0.412962962962963 0.4296875 0.412962962962963 0.42864583333333334 0.41203703703703703 0.428125 0.41203703703703703 0.4270833333333333 0.4111111111111111 0.4265625 0.4111111111111111 0.42552083333333335 0.4101851851851852 0.425 0.4101851851851852 0.4244791666666667 0.40925925925925927 0.4239583333333333 0.40925925925925927 0.4234375 0.4074074074074074 0.421875 0.4074074074074074 0.42083333333333334 0.4064814814814815 0.4203125 0.4064814814814815 0.4197916666666667 0.40555555555555556 0.4192708333333333 0.40555555555555556 0.41875 0.4046296296296296 0.41822916666666665 0.4046296296296296 0.41770833333333335 0.40370370370370373 0.4171875 0.40370370370370373 0.4166666666666667 0.4027777777777778 0.4161458333333333 0.40185185185185185 0.41458333333333336 0.4 0.41354166666666664 0.4 0.41302083333333334 0.3990740740740741 0.41302083333333334 0.3972222222222222 0.4119791666666667 0.3962962962962963 0.4119791666666667 0.39537037037037037 0.4114583333333333
4 0.8416666666666667 0.36875 0.8388888888888889 0.36875 0.8379629629629629 0.36822916666666666 0.8361111111111111 0.36822916666666666 0.8351851851851851 0.36875 0.8324074074074074 0.36875 0.8314814814814815 0.3692708333333333 0.8296296296296296 0.3692708333333333 0.825925925925926 0.37135416666666665 0.825925925925926 0.371875 0.825 0.3723958333333333 0.825 0.3729166666666667 0.8240740740740741 0.3734375 0.8240740740740741 0.37395833333333334 0.8231481481481482 0.37447916666666664 0.8231481481481482 0.375 0.8212962962962963 0.3765625 0.8212962962962963 0.3776041666666667 0.8203703703703704 0.378125 0.8203703703703704 0.3796875 0.8194444444444444 0.3802083333333333 0.8194444444444444 0.38229166666666664 0.8185185185185185 0.3828125 0.8185185185185185 0.3854166666666667 0.8175925925925925 0.3859375 0.8175925925925925 0.3885416666666667 0.8166666666666667 0.3890625 0.8166666666666667 0.39114583333333336 0.8157407407407408 0.39166666666666666 0.8157407407407408 0.39427083333333335 0.8148148148148148 0.39479166666666665 0.8148148148148148 0.39739583333333334 0.8138888888888889 0.39791666666666664 0.8138888888888889 0.4015625 0.812962962962963 0.40208333333333335 0.812962962962963 0.40572916666666664 0.812037037037037 0.40625 0.812037037037037 0.4083333333333333 0.8111111111111111 0.4088541666666667 0.8111111111111111 0.4114583333333333 0.8101851851851852 0.4119791666666667 0.8101851851851852 0.41302083333333334 0.8027777777777778 0.4171875 0.8027777777777778 0.41770833333333335 0.8009259259259259 0.4192708333333333 0.8009259259259259 0.42083333333333334 0.8 0.42135416666666664 0.8 0.42291666666666666 0.799074074074074 0.4234375 0.799074074074074 0.4244791666666667 0.8 0.425 0.8 0.4276041666666667 0.8009259259259259 0.428125 0.8009259259259259 0.42864583333333334 0.8027777777777778 0.4296875 0.8046296296296296 0.4296875 0.8055555555555556 0.43020833333333336 0.8111111111111111 0.43020833333333336 0.812037037037037 0.43072916666666666 0.8166666666666667 0.43072916666666666 0.8175925925925925 0.43125 0.8194444444444444 0.43125 0.8203703703703704 0.43072916666666666 0.8351851851851851 0.43072916666666666 0.8361111111111111 0.43020833333333336 0.8379629629629629 0.43020833333333336 0.8388888888888889 0.4296875 0.8407407407407408 0.4296875 0.8435185185185186 0.428125 0.8435185185185186 0.4276041666666667 0.8444444444444444 0.4270833333333333 0.8444444444444444 0.42552083333333335 0.8453703703703703 0.425 0.8453703703703703 0.4203125 0.8444444444444444 0.4197916666666667 0.8444444444444444 0.4192708333333333 0.8416666666666667 0.41770833333333335 0.8416666666666667 0.4171875 0.8398148148148148 0.415625 0.8398148148148148 0.40729166666666666 0.8407407407407408 0.40677083333333336 0.8407407407407408 0.40520833333333334 0.8416666666666667 0.4046875 0.8416666666666667 0.40260416666666665 0.8425925925925926 0.40208333333333335 0.8425925925925926 0.39895833333333336 0.8435185185185186 0.3984375 0.8435185185185186 0.39479166666666665 0.8444444444444444 0.39427083333333335 0.8444444444444444 0.390625 0.8453703703703703 0.39010416666666664 0.8453703703703703 0.38697916666666665 0.8462962962962963 0.38645833333333335 0.8462962962962963 0.38229166666666664 0.8472222222222222 0.38177083333333334 0.8472222222222222 0.37395833333333334 0.8462962962962963 0.3734375 0.8462962962962963 0.371875 0.8453703703703703 0.37135416666666665 0.8444444444444444 0.3697916666666667 0.8435185185185186 0.3697916666666667
2 0.5287037037037037 0.4890625 0.5222222222222223 0.48489583333333336 0.5222222222222223 0.484375 0.5166666666666667 0.48125 0.5148148148148148 0.48125 0.5120370370370371 0.48020833333333335 0.5083333333333333 0.4796875 0.5009259259259259 0.4817708333333333 0.49722222222222223 0.4859375 0.49722222222222223 0.4895833333333333 0.4962962962962963 0.490625 0.49074074074074076 0.49375 0.4898148148148148 0.49375 0.4824074074074074 0.4973958333333333 0.4787037037037037 0.4984375 0.475 0.5005208333333333 0.4722222222222222 0.5010416666666667 0.4666666666666667 0.5036458333333333 0.4601851851851852 0.5057291666666667 0.4546296296296296 0.5088541666666667 0.4537037037037037 0.5088541666666667 0.4462962962962963 0.5125 0.44351851851851853 0.5130208333333334 0.4398148148148148 0.5151041666666667 0.4324074074074074 0.5177083333333333 0.4287037037037037 0.5197916666666667 0.425 0.5208333333333334 0.4083333333333333 0.528125 0.39537037037037037 0.5328125 0.3824074074074074 0.5390625 0.37592592592592594 0.5411458333333333 0.3648148148148148 0.5463541666666667 0.35833333333333334 0.5484375 0.35185185185185186 0.5520833333333334 0.3509259259259259 0.553125 0.35 0.5567708333333333 0.3527777777777778 0.5598958333333334 0.3574074074074074 0.5625 0.3611111111111111 0.5635416666666667 0.36944444444444446 0.5619791666666667 0.37777777777777777 0.5588541666666667 0.38055555555555554 0.5572916666666666 0.38425925925925924 0.55625 0.39814814814814814 0.55 0.40185185185185185 0.5489583333333333 0.40555555555555556 0.546875 0.4111111111111111 0.5453125 0.41388888888888886 0.54375 0.41759259259259257 0.5427083333333333 0.4287037037037037 0.5375 0.43148148148148147 0.5369791666666667 0.43425925925925923 0.5354166666666667 0.44074074074074077 0.5333333333333333 0.44537037037037036 0.5307291666666667 0.44907407407407407 0.5296875 0.462037037037037 0.5234375 0.46296296296296297 0.5234375 0.46574074074074073 0.521875 0.46944444444444444 0.5213541666666667 0.4861111111111111 0.5135416666666667 0.48703703703703705 0.5135416666666667 0.49537037037037035 0.5098958333333333 0.4981481481481482 0.509375 0.5018518518518519 0.5072916666666667 0.5027777777777778 0.5072916666666667 0.512962962962963 0.503125 0.5166666666666667 0.503125 0.5212962962962963 0.5052083333333334 0.524074074074074 0.5052083333333334 0.525 0.5057291666666667 0.5287037037037037 0.5046875 0.5342592592592592 0.5015625 0.5351851851851852 0.5005208333333333 0.5351851851851852 0.496875 0.5342592592592592 0.49635416666666665 0.5342592592592592 0.4947916666666667
1 0.7222222222222222 0.45989583333333334 0.7212962962962963 0.46041666666666664 0.7185185185185186 0.46041666666666664 0.7175925925925926 0.4609375 0.7157407407407408 0.4609375 0.7148148148148148 0.46145833333333336 0.7129629629629629 0.46145833333333336 0.7129629629629629 0.46197916666666666 0.7111111111111111 0.4630208333333333 0.7111111111111111 0.4635416666666667 0.7101851851851851 0.4640625 0.7101851851851851 0.46458333333333335 0.7092592592592593 0.46510416666666665 0.7092592592592593 0.465625 0.7083333333333334 0.4661458333333333 0.7083333333333334 0.46770833333333334 0.7074074074074074 0.46822916666666664 0.7074074074074074 0.475 0.7083333333333334 0.47552083333333334 0.7083333333333334 0.4765625 0.7092592592592593 0.47708333333333336 0.7092592592592593 0.478125 0.7101851851851851 0.4786458333333333 0.7101851851851851 0.4791666666666667 0.7138888888888889 0.48125 0.7148148148148148 0.48125 0.7175925925925926 0.4828125 0.7175925925925926 0.48333333333333334 0.7194444444444444 0.484375 0.7194444444444444 0.48489583333333336 0.7203703703703703 0.48541666666666666 0.7203703703703703 0.4859375 0.7212962962962963 0.4864583333333333 0.7212962962962963 0.4875 0.7222222222222222 0.48802083333333335 0.7222222222222222 0.4890625 0.7231481481481481 0.4895833333333333 0.7231481481481481 0.49114583333333334 0.7240740740740741 0.49166666666666664 0.7240740740740741 0.49270833333333336 0.725 0.49322916666666666 0.725 0.4947916666666667 0.725925925925926 0.4953125 0.725925925925926 0.49635416666666665 0.7268518518518519 0.496875 0.7268518518518519 0.4973958333333333 0.7277777777777777 0.4979166666666667 0.7277777777777777 0.49895833333333334 0.7296296296296296 0.5 0.7296296296296296 0.5005208333333333 0.7314814814814815 0.5015625 0.7333333333333333 0.5015625 0.7342592592592593 0.5020833333333333 0.7388888888888889 0.5020833333333333 0.7398148148148148 0.5015625 0.7425925925925926 0.5015625 0.7453703703703703 0.5 0.7453703703703703 0.49895833333333334 0.7462962962962963 0.4984375 0.7462962962962963 0.49583333333333335 0.7453703703703703 0.4953125 0.7453703703703703 0.49322916666666666 0.7444444444444445 0.49270833333333336 0.7444444444444445 0.49166666666666664 0.7435185185185185 0.49114583333333334 0.7435185185185185 0.4895833333333333 0.7425925925925926 0.4890625 0.7425925925925926 0.4875 0.7416666666666667 0.4869791666666667 0.7416666666666667 0.484375 0.7407407407407407 0.48385416666666664 0.7407407407407407 0.48125 0.7416666666666667 0.48072916666666665 0.7416666666666667 0.48020833333333335 0.7425925925925926 0.4796875 0.7425925925925926 0.4791666666666667 0.7435185185185185 0.4786458333333333 0.7435185185185185 0.47760416666666666 0.7444444444444445 0.47708333333333336 0.7444444444444445 0.4734375 0.7435185185185185 0.47291666666666665 0.7435185185185185 0.471875 0.7407407407407407 0.4703125 0.7407407407407407 0.46979166666666666 0.7398148148148148 0.46927083333333336 0.7398148148148148 0.46875 0.7388888888888889 0.46822916666666664 0.7388888888888889 0.4661458333333333 0.7379629629629629 0.465625 0.7379629629629629 0.4640625 0.737037037037037 0.4635416666666667 0.737037037037037 0.4625 0.7342592592592593 0.4609375 0.7333333333333333 0.4609375 0.7314814814814815 0.45989583333333334
1 0.700925925925926 0.43333333333333335 0.6935185185185185 0.43333333333333335 0.6925925925925925 0.43385416666666665 0.6907407407407408 0.43385416666666665 0.6898148148148148 0.434375 0.6888888888888889 0.434375 0.687962962962963 0.4348958333333333 0.687962962962963 0.4354166666666667 0.687037037037037 0.4359375 0.687037037037037 0.43697916666666664 0.6861111111111111 0.4375 0.6861111111111111 0.43854166666666666 0.6851851851851852 0.4390625 0.6851851851851852 0.44114583333333335 0.6842592592592592 0.44166666666666665 0.6842592592592592 0.4453125 0.6833333333333333 0.44583333333333336 0.6833333333333333 0.4505208333333333 0.6824074074074075 0.4510416666666667 0.6824074074074075 0.45364583333333336 0.6814814814814815 0.45416666666666666 0.6814814814814815 0.4546875 0.6768518518518518 0.45729166666666665 0.6768518518518518 0.4578125 0.6759259259259259 0.4583333333333333 0.6759259259259259 0.459375 0.675 0.45989583333333334 0.675 0.46197916666666666 0.674074074074074 0.4625 0.675 0.4630208333333333 0.675 0.4661458333333333 0.6759259259259259 0.4666666666666667 0.6759259259259259 0.46770833333333334 0.675 0.46822916666666664 0.675 0.4703125 0.6759259259259259 0.4708333333333333 0.6759259259259259 0.471875 0.6768518518518518 0.47239583333333335 0.6768518518518518 0.47291666666666665 0.6805555555555556 0.475 0.6814814814814815 0.475 0.6824074074074075 0.47552083333333334 0.6842592592592592 0.47552083333333334 0.6851851851851852 0.47604166666666664 0.6916666666666667 0.47604166666666664 0.6925925925925925 0.4765625 0.6962962962962963 0.4765625 0.6972222222222222 0.47604166666666664 0.7 0.47604166666666664 0.700925925925926 0.47552083333333334 0.7018518518518518 0.47552083333333334 0.7027777777777777 0.475 0.7037037037037037 0.475 0.7046296296296296 0.4744791666666667 0.7055555555555556 0.4744791666666667 0.7074074074074074 0.4734375 0.7074074074074074 0.47291666666666665 0.7083333333333334 0.47239583333333335 0.7083333333333334 0.471875 0.7092592592592593 0.4713541666666667 0.7092592592592593 0.46979166666666666 0.7101851851851851 0.46927083333333336 0.7101851851851851 0.4671875 0.7111111111111111 0.4666666666666667 0.7111111111111111 0.46510416666666665 0.712037037037037 0.46458333333333335 0.712037037037037 0.4635416666666667 0.7129629629629629 0.4630208333333333 0.7129629629629629 0.46197916666666666 0.712037037037037 0.46145833333333336 0.712037037037037 0.4588541666666667 0.7101851851851851 0.4578125 0.7101851851851851 0.45729166666666665 0.7083333333333334 0.45625 0.7074074074074074 0.45625 0.7046296296296296 0.4546875 0.7046296296296296 0.4453125 0.7055555555555556 0.44479166666666664 0.7055555555555556 0.4395833333333333 0.7046296296296296 0.4390625 0.7046296296296296 0.4359375 0.7037037037037037 0.4354166666666667 0.7037037037037037 0.4348958333333333
4 0.5425925925925926 0.5520833333333334 0.5425925925925926 0.5526041666666667 0.5435185185185185 0.553125 0.5435185185185185 0.5572916666666666 0.5444444444444444 0.5578125 0.5444444444444444 0.559375 0.5453703703703704 0.5598958333333334 0.5453703703703704 0.5609375 0.5462962962962963 0.5614583333333333 0.5472222222222223 0.5630208333333333 0.549074074074074 0.5640625 0.549074074074074 0.5645833333333333 0.55 0.5651041666666666 0.5509259259259259 0.5651041666666666 0.5527777777777778 0.5661458333333333 0.5546296296296296 0.5661458333333333 0.5555555555555556 0.5666666666666667 0.5574074074074075 0.5666666666666667 0.5583333333333333 0.5661458333333333 0.562037037037037 0.5661458333333333 0.562962962962963 0.5666666666666667 0.5638888888888889 0.5666666666666667 0.5648148148148148 0.5661458333333333 0.5666666666666667 0.5661458333333333 0.5694444444444444 0.5645833333333333 0.5703703703703704 0.5645833333333333 0.5777777777777777 0.5604166666666667 0.5787037037037037 0.5604166666666667 0.5796296296296296 0.5598958333333334 0.5842592592592593 0.5598958333333334 0.5851851851851851 0.559375 0.5944444444444444 0.559375 0.5953703703703703 0.5588541666666667 0.5990740740740741 0.5588541666666667 0.6 0.559375 0.6027777777777777 0.559375 0.6037037037037037 0.5598958333333334 0.6092592592592593 0.5598958333333334 0.6101851851851852 0.559375 0.6111111111111112 0.559375 0.612037037037037 0.5598958333333334 0.6157407407407407 0.5598958333333334 0.6166666666666667 0.559375 0.6231481481481481 0.559375 0.6240740740740741 0.5588541666666667 0.6398148148148148 0.5588541666666667 0.6407407407407407 0.5583333333333333 0.6444444444444445 0.5583333333333333 0.6453703703703704 0.5578125 0.6472222222222223 0.5578125 0.6481481481481481 0.5572916666666666 0.6509259259259259 0.5567708333333333 0.6518518518518519 0.55625 0.6518518518518519 0.5557291666666667 0.6537037037037037 0.5541666666666667 0.6537037037037037 0.5489583333333333 0.6527777777777778 0.5484375 0.6527777777777778 0.5479166666666667 0.6481481481481481 0.5453125 0.6472222222222223 0.5453125 0.6462962962962963 0.5447916666666667 0.6444444444444445 0.5447916666666667 0.6435185185185185 0.5442708333333334 0.6370370370370371 0.5442708333333334 0.6361111111111111 0.54375 0.6268518518518519 0.54375 0.6259259259259259 0.5432291666666667 0.6240740740740741 0.5432291666666667 0.6231481481481481 0.5427083333333333 0.6212962962962963 0.5427083333333333 0.6203703703703703 0.5432291666666667 0.6157407407407407 0.5432291666666667 0.6148148148148148 0.54375 0.6111111111111112 0.54375 0.6101851851851852 0.5442708333333334 0.6074074074074074 0.5442708333333334 0.6064814814814815 0.5447916666666667 0.6046296296296296 0.5447916666666667 0.6037037037037037 0.5453125 0.6 0.5453125 0.5990740740740741 0.5447916666666667 0.5953703703703703 0.5447916666666667 0.5944444444444444 0.5453125 0.5796296296296296 0.5453125 0.5787037037037037 0.5447916666666667 0.575925925925926 0.5447916666666667 0.5675925925925925 0.5401041666666667 0.5657407407407408 0.5401041666666667 0.5648148148148148 0.5395833333333333 0.5601851851851852 0.5395833333333333 0.5592592592592592 0.5390625 0.5555555555555556 0.5390625 0.5546296296296296 0.5395833333333333 0.5537037037037037 0.5395833333333333 0.5518518518518518 0.540625 0.5509259259259259 0.540625 0.5509259259259259 0.5411458333333333 0.5462962962962963 0.54375 0.5462962962962963 0.5442708333333334 0.5444444444444444 0.5458333333333333 0.5444444444444444 0.5473958333333333 0.5435185185185185 0.5479166666666667 0.5435185185185185 0.5515625
4 0.4185185185185185 0.5630208333333333 0.4166666666666667 0.5640625 0.41574074074074074 0.5640625 0.41574074074074074 0.5645833333333333 0.41388888888888886 0.565625 0.41388888888888886 0.5661458333333333 0.41203703703703703 0.5671875 0.41203703703703703 0.5677083333333334 0.4111111111111111 0.5682291666666667 0.4111111111111111 0.5697916666666667 0.4101851851851852 0.5703125 0.4101851851851852 0.5723958333333333 0.40925925925925927 0.5729166666666666 0.40925925925925927 0.5755208333333334 0.4083333333333333 0.5760416666666667 0.4083333333333333 0.5776041666666667 0.4074074074074074 0.578125 0.4074074074074074 0.5796875 0.4064814814814815 0.5802083333333333 0.4064814814814815 0.5817708333333333 0.40555555555555556 0.5822916666666667 0.40555555555555556 0.5848958333333333 0.4046296296296296 0.5854166666666667 0.4046296296296296 0.5880208333333333 0.40370370370370373 0.5885416666666666 0.40370370370370373 0.5916666666666667 0.4027777777777778 0.5921875 0.4027777777777778 0.5953125 0.40185185185185185 0.5958333333333333 0.40185185185185185 0.5989583333333334 0.4009259259259259 0.5994791666666667 0.4009259259259259 0.6015625 0.4 0.6020833333333333 0.4 0.6041666666666666 0.3990740740740741 0.6046875 0.3990740740740741 0.6067708333333334 0.39814814814814814 0.6072916666666667 0.39814814814814814 0.6088541666666667 0.3972222222222222 0.609375 0.3972222222222222 0.6104166666666667 0.3962962962962963 0.6109375 0.3962962962962963 0.6119791666666666 0.39537037037037037 0.6125 0.39537037037037037 0.6130208333333333 0.39351851851851855 0.6140625 0.39351851851851855 0.6145833333333334 0.3907407407407407 0.615625 0.3888888888888889 0.615625 0.38796296296296295 0.6161458333333333 0.387037037037037 0.6161458333333333 0.3851851851851852 0.6171875 0.3851851851851852 0.6177083333333333 0.38425925925925924 0.6182291666666667 0.38425925925925924 0.6208333333333333 0.38333333333333336 0.6213541666666667 0.38333333333333336 0.6229166666666667 0.38425925925925924 0.6234375 0.38425925925925924 0.6244791666666667 0.3888888888888889 0.6270833333333333 0.38981481481481484 0.6270833333333333 0.3907407407407407 0.6276041666666666 0.39444444444444443 0.6276041666666666 0.39537037037037037 0.628125 0.4027777777777778 0.628125 0.40555555555555556 0.6291666666666667 0.4074074074074074 0.6291666666666667 0.4083333333333333 0.6296875 0.412962962962963 0.6296875 0.41388888888888886 0.6302083333333334 0.42407407407407405 0.6302083333333334 0.425 0.6296875 0.42777777777777776 0.6296875 0.43148148148148147 0.6276041666666666 0.43148148148148147 0.621875 0.4287037037037037 0.6203125 0.4287037037037037 0.6197916666666666 0.42685185185185187 0.61875 0.42685185185185187 0.6182291666666667 0.42592592592592593 0.6177083333333333 0.42592592592592593 0.615625 0.425 0.6151041666666667 0.425 0.6140625 0.42592592592592593 0.6135416666666667 0.42592592592592593 0.6067708333333334 0.42685185185185187 0.60625 0.42685185185185187 0.6036458333333333 0.42777777777777776 0.603125 0.42777777777777776 0.6005208333333333 0.4287037037037037 0.6 0.4287037037037037 0.596875 0.42962962962962964 0.5963541666666666 0.42962962962962964 0.59375 0.4305555555555556 0.5932291666666667 0.4305555555555556 0.5911458333333334 0.43148148148148147 0.590625 0.43148148148148147 0.5875 0.4324074074074074 0.5869791666666667 0.4324074074074074 0.5848958333333333 0.43333333333333335 0.584375 0.43333333333333335 0.5817708333333333 0.43425925925925923 0.58125 0.43425925925925923 0.5791666666666667 0.4351851851851852 0.5786458333333333 0.4351851851851852 0.5755208333333334 0.4361111111111111 0.575 0.4361111111111111 0.56875 0.43703703703703706 0.5682291666666667 0.4361111111111111 0.5677083333333334 0.4361111111111111 0.5661458333333333 0.4351851851851852 0.565625 0.4351851851851852 0.5645833333333333 0.43333333333333335 0.5645833333333333 0.4324074074074074 0.5640625 0.42962962962962964 0.5640625 0.4287037037037037 0.5635416666666667 0.42314814814814816 0.5635416666666667 0.4222222222222222 0.5630208333333333
4 0.3712962962962963 0.6057291666666667 0.3648148148148148 0.6057291666666667 0.362962962962963 0.6067708333333334 0.36203703703703705 0.6067708333333334 0.3611111111111111 0.6072916666666667 0.3611111111111111 0.6078125 0.35833333333333334 0.6104166666666667 0.35833333333333334 0.6114583333333333 0.3574074074074074 0.6119791666666666 0.3574074074074074 0.6140625 0.35648148148148145 0.6145833333333334 0.35648148148148145 0.6182291666666667 0.35555555555555557 0.61875 0.35555555555555557 0.6213541666666667 0.35462962962962963 0.621875 0.35462962962962963 0.6255208333333333 0.3537037037037037 0.6260416666666667 0.3537037037037037 0.6296875 0.3527777777777778 0.6302083333333334 0.3527777777777778 0.6333333333333333 0.35185185185185186 0.6338541666666667 0.35185185185185186 0.6385416666666667 0.3509259259259259 0.6390625 0.3509259259259259 0.6416666666666667 0.35 0.6421875 0.35 0.6458333333333334 0.3490740740740741 0.6463541666666667 0.3490740740740741 0.6489583333333333 0.34814814814814815 0.6494791666666667 0.34814814814814815 0.6526041666666667 0.3472222222222222 0.653125 0.3472222222222222 0.6552083333333333 0.34629629629629627 0.6557291666666667 0.34629629629629627 0.6567708333333333 0.34444444444444444 0.6578125 0.3435185185185185 0.659375 0.3416666666666667 0.6604166666666667 0.3333333333333333 0.6619791666666667 0.3333333333333333 0.6625 0.33240740740740743 0.6630208333333333 0.33240740740740743 0.6645833333333333 0.3314814814814815 0.6651041666666667 0.3314814814814815 0.6671875 0.33240740740740743 0.6677083333333333 0.33240740740740743 0.66875 0.3333333333333333 0.6692708333333334 0.3333333333333333 0.6697916666666667 0.33425925925925926 0.6697916666666667 0.337037037037037 0.6713541666666667 0.33796296296296297 0.6713541666666667 0.3398148148148148 0.6723958333333333 0.34074074074074073 0.6723958333333333 0.3435185185185185 0.6734375 0.3537037037037037 0.6734375 0.35462962962962963 0.6739583333333333 0.3574074074074074 0.6739583333333333 0.36018518518518516 0.675 0.362962962962963 0.675 0.3638888888888889 0.6744791666666666 0.3731481481481482 0.6744791666666666 0.37407407407407406 0.6739583333333333 0.37592592592592594 0.6739583333333333 0.3768518518518518 0.6734375 0.3787037037037037 0.6734375 0.37962962962962965 0.6729166666666667 0.38055555555555554 0.6729166666666667 0.38055555555555554 0.6723958333333333 0.3814814814814815 0.671875 0.3814814814814815 0.6708333333333333 0.3824074074074074 0.6703125 0.3824074074074074 0.6651041666666667 0.3814814814814815 0.6645833333333333 0.3814814814814815 0.6640625 0.3768518518518518 0.6619791666666667 0.3768518518518518 0.6614583333333334 0.37592592592592594 0.6609375 0.37592592592592594 0.6598958333333333 0.375 0.659375 0.375 0.65 0.37592592592592594 0.6494791666666667 0.37592592592592594 0.6473958333333333 0.3768518518518518 0.646875 0.3768518518518518 0.6427083333333333 0.37777777777777777 0.6421875 0.37777777777777777 0.6390625 0.3787037037037037 0.6385416666666667 0.3787037037037037 0.6348958333333333 0.37962962962962965 0.634375 0.37962962962962965 0.6317708333333333 0.38055555555555554 0.63125 0.38055555555555554 0.6286458333333333 0.3814814814814815 0.628125 0.3814814814814815 0.6265625 0.3824074074074074 0.6260416666666667 0.3824074074074074 0.6239583333333333 0.38333333333333336 0.6234375 0.38333333333333336 0.6192708333333333 0.38425925925925924 0.61875 0.38425925925925924 0.6140625 0.38333333333333336 0.6135416666666667 0.38333333333333336 0.6098958333333333 0.3824074074074074 0.609375 0.3814814814814815 0.6078125 0.37962962962962965 0.6067708333333334 0.37777777777777777 0.6067708333333334 0.3768518518518518 0.60625 0.37222222222222223 0.60625
4 0.5314814814814814 0.5885416666666666 0.5305555555555556 0.5890625 0.5277777777777778 0.5890625 0.5268518518518519 0.5895833333333333 0.5231481481481481 0.5895833333333333 0.5222222222222223 0.5901041666666667 0.5203703703703704 0.5901041666666667 0.5194444444444445 0.590625 0.5175925925925926 0.590625 0.5166666666666667 0.5911458333333334 0.5148148148148148 0.5911458333333334 0.5138888888888888 0.5916666666666667 0.512962962962963 0.5916666666666667 0.5111111111111111 0.5927083333333333 0.5101851851851852 0.5927083333333333 0.5083333333333333 0.59375 0.5083333333333333 0.5942708333333333 0.5074074074074074 0.5947916666666667 0.5074074074074074 0.6 0.5083333333333333 0.6005208333333333 0.5083333333333333 0.6020833333333333 0.5092592592592593 0.6026041666666667 0.5092592592592593 0.6036458333333333 0.5138888888888888 0.60625 0.5138888888888888 0.6067708333333334 0.5148148148148148 0.6072916666666667 0.5148148148148148 0.6083333333333333 0.5157407407407407 0.6088541666666667 0.5157407407407407 0.6098958333333333 0.5175925925925926 0.6114583333333333 0.5175925925925926 0.6125 0.5185185185185185 0.6130208333333333 0.5185185185185185 0.6145833333333334 0.5194444444444445 0.6151041666666667 0.5194444444444445 0.6161458333333333 0.5203703703703704 0.6166666666666667 0.5203703703703704 0.6177083333333333 0.5212962962962963 0.6182291666666667 0.5212962962962963 0.6192708333333333 0.5222222222222223 0.6197916666666666 0.5222222222222223 0.6213541666666667 0.5231481481481481 0.621875 0.5231481481481481 0.6234375 0.524074074074074 0.6239583333333333 0.524074074074074 0.6270833333333333 0.525 0.6276041666666666 0.525 0.6296875 0.5259259259259259 0.6302083333333334 0.5259259259259259 0.6322916666666667 0.5268518518518519 0.6328125 0.5268518518518519 0.6348958333333333 0.5277777777777778 0.6354166666666666 0.5277777777777778 0.6375 0.5287037037037037 0.6380208333333334 0.5287037037037037 0.6401041666666667 0.5296296296296297 0.640625 0.5296296296296297 0.6421875 0.5305555555555556 0.6427083333333333 0.5305555555555556 0.64375 0.5314814814814814 0.6442708333333333 0.5314814814814814 0.6453125 0.5324074074074074 0.6458333333333334 0.5324074074074074 0.646875 0.5342592592592592 0.6484375 0.5342592592592592 0.6494791666666667 0.5351851851851852 0.65 0.5351851851851852 0.6505208333333333 0.537962962962963 0.6520833333333333 0.5388888888888889 0.6520833333333333 0.5407407407407407 0.653125 0.5425925925925926 0.653125 0.5435185185185185 0.6536458333333334 0.55 0.6536458333333334 0.5509259259259259 0.653125 0.5527777777777778 0.653125 0.5537037037037037 0.6526041666666667 0.5546296296296296 0.6526041666666667 0.5574074074074075 0.6510416666666666 0.5574074074074075 0.65 0.5583333333333333 0.6494791666666667 0.5583333333333333 0.6421875 0.5574074074074075 0.6416666666666667 0.5574074074074075 0.6385416666666667 0.5564814814814815 0.6380208333333334 0.5564814814814815 0.6338541666666667 0.5555555555555556 0.6333333333333333 0.5555555555555556 0.6307291666666667 0.5546296296296296 0.6302083333333334 0.5546296296296296 0.628125 0.5537037037037037 0.6276041666666666 0.5537037037037037 0.625 0.5527777777777778 0.6244791666666667 0.5527777777777778 0.6208333333333333 0.5518518518518518 0.6203125 0.5518518518518518 0.6171875 0.5509259259259259 0.6166666666666667 0.5509259259259259 0.6135416666666667 0.55 0.6130208333333333 0.55 0.6072916666666667 0.5509259259259259 0.6067708333333334 0.5509259259259259 0.6052083333333333 0.5518518518518518 0.6046875 0.5518518518518518 0.6036458333333333 0.5527777777777778 0.603125 0.5527777777777778 0.6020833333333333 0.5537037037037037 0.6015625 0.5537037037037037 0.6005208333333333 0.5546296296296296 0.6 0.5546296296296296 0.5973958333333333 0.5555555555555556 0.596875 0.5555555555555556 0.5947916666666667 0.5546296296296296 0.5942708333333333 0.5546296296296296 0.5916666666666667 0.5518518518518518 0.5901041666666667 0.5509259259259259 0.5901041666666667 0.5481481481481482 0.5890625 0.5435185185185185 0.5890625 0.5425925925925926 0.5885416666666666
1 0.475 0.6203125 0.4740740740740741 0.6208333333333333 0.47314814814814815 0.6208333333333333 0.4722222222222222 0.6213541666666667 0.4722222222222222 0.621875 0.47129629629629627 0.6223958333333334 0.47129629629629627 0.6234375 0.4703703703703704 0.6239583333333333 0.4703703703703704 0.6244791666666667 0.46944444444444444 0.625 0.46944444444444444 0.6265625 0.4685185185185185 0.6270833333333333 0.4685185185185185 0.6302083333333334 0.4675925925925926 0.6307291666666667 0.4675925925925926 0.6348958333333333 0.4666666666666667 0.6354166666666666 0.4666666666666667 0.6395833333333333 0.46574074074074073 0.6401041666666667 0.46574074074074073 0.6421875 0.4648148148148148 0.6427083333333333 0.4648148148148148 0.6432291666666666 0.4638888888888889 0.64375 0.4638888888888889 0.6442708333333333 0.46296296296296297 0.6447916666666667 0.462037037037037 0.6447916666666667 0.4601851851851852 0.6458333333333334 0.45925925925925926 0.6458333333333334 0.4583333333333333 0.6463541666666667 0.4583333333333333 0.646875 0.45740740740740743 0.6473958333333333 0.45740740740740743 0.6484375 0.4564814814814815 0.6489583333333333 0.4564814814814815 0.6546875 0.45555555555555555 0.6552083333333333 0.45555555555555555 0.6619791666666667 0.45925925925925926 0.6640625 0.46111111111111114 0.6640625 0.462037037037037 0.6645833333333333 0.46296296296296297 0.6645833333333333 0.4638888888888889 0.6651041666666667 0.4675925925925926 0.6651041666666667 0.4685185185185185 0.665625 0.47685185185185186 0.665625 0.4777777777777778 0.6661458333333333 0.48518518518518516 0.6661458333333333 0.4861111111111111 0.665625 0.48703703703703705 0.665625 0.487962962962963 0.6651041666666667 0.4888888888888889 0.6651041666666667 0.4898148148148148 0.6645833333333333 0.4898148148148148 0.6640625 0.49074074074074076 0.6635416666666667 0.49074074074074076 0.6625 0.49166666666666664 0.6619791666666667 0.49166666666666664 0.659375 0.49074074074074076 0.6588541666666666 0.49074074074074076 0.6578125 0.49166666666666664 0.6572916666666667 0.49166666666666664 0.6557291666666667 0.4925925925925926 0.6552083333333333 0.4925925925925926 0.6541666666666667 0.4935185185185185 0.6536458333333334 0.4935185185185185 0.653125 0.49444444444444446 0.6526041666666667 0.49444444444444446 0.6515625 0.49537037037037035 0.6510416666666666 0.49537037037037035 0.6494791666666667 0.49444444444444446 0.6489583333333333 0.49444444444444446 0.6484375 0.4935185185185185 0.6479166666666667 0.4935185185185185 0.6473958333333333 0.49166666666666664 0.6463541666666667 0.49166666666666664 0.6458333333333334 0.49074074074074076 0.6453125 0.49074074074074076 0.6442708333333333 0.4898148148148148 0.64375 0.4898148148148148 0.6421875 0.4888888888888889 0.6416666666666667 0.4888888888888889 0.6395833333333333 0.487962962962963 0.6390625 0.487962962962963 0.6364583333333333 0.4888888888888889 0.6359375 0.4888888888888889 0.6223958333333334 0.48518518518518516 0.6203125
2 0.737037037037037 0.5380208333333333 0.7305555555555555 0.540625 0.7296296296296296 0.540625 0.7231481481481481 0.5447916666666667 0.7231481481481481 0.5494791666666666 0.7240740740740741 0.55 0.7240740740740741 0.5515625 0.7287037037037037 0.5546875 0.7333333333333333 0.5557291666666667 0.7407407407407407 0.5598958333333334 0.7407407407407407 0.5609375 0.7453703703703703 0.5651041666666666 0.7453703703703703 0.5661458333333333 0.7490740740740741 0.5697916666666667 0.7490740740740741 0.5708333333333333 0.7509259259259259 0.5723958333333333 0.7509259259259259 0.5734375 0.7537037037037037 0.5765625 0.7537037037037037 0.5776041666666667 0.7555555555555555 0.5791666666666667 0.7555555555555555 0.5802083333333333 0.7583333333333333 0.5828125 0.7583333333333333 0.5838541666666667 0.7611111111111111 0.5869791666666667 0.7611111111111111 0.5880208333333333 0.7638888888888888 0.5911458333333334 0.7638888888888888 0.5921875 0.7675925925925926 0.5958333333333333 0.7685185185185185 0.5984375 0.7731481481481481 0.603125 0.7731481481481481 0.6041666666666666 0.7768518518518519 0.6083333333333333 0.7777777777777778 0.6109375 0.7851851851851852 0.6182291666666667 0.7851851851851852 0.6192708333333333 0.787962962962963 0.621875 0.7888888888888889 0.6244791666666667 0.7925925925925926 0.628125 0.7925925925925926 0.6291666666666667 0.7944444444444444 0.63125 0.7962962962962963 0.6322916666666667 0.7981481481481482 0.634375 0.8009259259259259 0.6359375 0.8009259259259259 0.6364583333333333 0.8046296296296296 0.6380208333333334 0.8083333333333333 0.6385416666666667 0.8092592592592592 0.6390625 0.8166666666666667 0.6390625 0.8175925925925925 0.6385416666666667 0.8194444444444444 0.6385416666666667 0.8231481481481482 0.6359375 0.8231481481481482 0.6307291666666667 0.8222222222222222 0.6302083333333334 0.8203703703703704 0.6260416666666667 0.8185185185185185 0.6244791666666667 0.8185185185185185 0.6234375 0.8166666666666667 0.621875 0.8166666666666667 0.6208333333333333 0.8148148148148148 0.6192708333333333 0.8148148148148148 0.6182291666666667 0.8111111111111111 0.6145833333333334 0.8101851851851852 0.6119791666666666 0.8055555555555556 0.6072916666666667 0.8055555555555556 0.60625 0.8037037037037037 0.6046875 0.8037037037037037 0.6036458333333333 0.7981481481481482 0.5973958333333333 0.7972222222222223 0.5947916666666667 0.7944444444444444 0.5921875 0.7944444444444444 0.5911458333333334 0.7888888888888889 0.5848958333333333 0.7888888888888889 0.5838541666666667 0.7870370370370371 0.5822916666666667 0.7870370370370371 0.58125 0.7842592592592592 0.5786458333333333 0.7842592592592592 0.5776041666666667 0.7805555555555556 0.5739583333333333 0.7805555555555556 0.5729166666666666 0.7731481481481481 0.5645833333333333 0.7731481481481481 0.5635416666666667 0.7712962962962963 0.5619791666666667 0.7712962962962963 0.5609375 0.7675925925925926 0.5567708333333333 0.7675925925925926 0.5552083333333333 0.7657407407407407 0.553125 0.7657407407407407 0.5479166666666667 0.7666666666666667 0.5473958333333333 0.7666666666666667 0.5458333333333333 0.7675925925925926 0.5453125 0.7666666666666667 0.5411458333333333 0.762962962962963 0.5369791666666667 0.7592592592592593 0.5359375 0.7564814814814815 0.5359375 0.7555555555555555 0.5354166666666667 0.7509259259259259 0.5354166666666667 0.7481481481481481 0.5364583333333334 0.7453703703703703 0.5364583333333334 0.7444444444444445 0.5369791666666667 0.7416666666666667 0.5369791666666667 0.7388888888888889 0.5380208333333333
6 0.3574074074074074 0.7161458333333334 0.35648148148148145 0.7166666666666667 0.35555555555555557 0.7166666666666667 0.3527777777777778 0.7182291666666667 0.35185185185185186 0.7182291666666667 0.34444444444444444 0.7223958333333333 0.34444444444444444 0.7229166666666667 0.3425925925925926 0.7239583333333334 0.3425925925925926 0.7244791666666667 0.34074074074074073 0.7255208333333333 0.34074074074074073 0.7265625 0.3398148148148148 0.7270833333333333 0.3398148148148148 0.734375 0.34074074074074073 0.7348958333333333 0.34074074074074073 0.7359375 0.3416666666666667 0.7364583333333333 0.3416666666666667 0.7380208333333333 0.3425925925925926 0.7385416666666667 0.3425925925925926 0.7395833333333334 0.3435185185185185 0.7401041666666667 0.3435185185185185 0.740625 0.34629629629629627 0.7421875 0.34629629629629627 0.7427083333333333 0.3509259259259259 0.7453125 0.35185185185185186 0.7453125 0.3527777777777778 0.7458333333333333 0.35555555555555557 0.7458333333333333 0.35648148148148145 0.7463541666666667 0.36018518518518516 0.7463541666666667 0.3611111111111111 0.746875 0.3685185185185185 0.746875 0.36944444444444446 0.7463541666666667 0.37222222222222223 0.7463541666666667 0.375 0.7447916666666666 0.37592592592592594 0.7447916666666666 0.37777777777777777 0.74375 0.3787037037037037 0.74375 0.3851851851851852 0.7401041666666667 0.3851851851851852 0.7395833333333334 0.387037037037037 0.7385416666666667 0.387037037037037 0.7380208333333333 0.3888888888888889 0.7369791666666666 0.3888888888888889 0.7364583333333333 0.38981481481481484 0.7359375 0.38981481481481484 0.7328125 0.3907407407407407 0.7322916666666667 0.38981481481481484 0.7317708333333334 0.38981481481481484 0.7286458333333333 0.3888888888888889 0.728125 0.3888888888888889 0.7265625 0.38796296296296295 0.7260416666666667 0.38796296296296295 0.7255208333333333 0.387037037037037 0.725 0.387037037037037 0.7239583333333334 0.3861111111111111 0.7234375 0.3861111111111111 0.7229166666666667 0.3851851851851852 0.7223958333333333 0.3851851851851852 0.721875 0.3824074074074074 0.7203125 0.3824074074074074 0.7197916666666667 0.37962962962962965 0.7182291666666667 0.3787037037037037 0.7182291666666667 0.37777777777777777 0.7177083333333333 0.375 0.7177083333333333 0.37407407407407406 0.7171875 0.37037037037037035 0.7171875 0.36944444444444446 0.7166666666666667 0.36574074074074076 0.7166666666666667 0.3648148148148148 0.7161458333333334
2 0.6074074074074074 0.6572916666666667 0.6046296296296296 0.6567708333333333 0.600925925925926 0.6552083333333333 0.5953703703703703 0.6546875 0.5898148148148148 0.6578125 0.5888888888888889 0.6609375 0.5879629629629629 0.6614583333333334 0.5879629629629629 0.6666666666666666 0.587037037037037 0.6671875 0.587037037037037 0.6692708333333334 0.5851851851851851 0.6713541666666667 0.5777777777777777 0.6776041666666667 0.5722222222222222 0.68125 0.5703703703703704 0.6833333333333333 0.5601851851851852 0.6895833333333333 0.5481481481481482 0.7 0.5407407407407407 0.7046875 0.5398148148148149 0.70625 0.5361111111111111 0.7083333333333334 0.5342592592592592 0.7104166666666667 0.525 0.7166666666666667 0.524074074074074 0.7182291666666667 0.5194444444444445 0.7208333333333333 0.5175925925925926 0.7229166666666667 0.5092592592592593 0.7286458333333333 0.5083333333333333 0.7302083333333333 0.49537037037037035 0.7390625 0.4861111111111111 0.746875 0.4824074074074074 0.7510416666666667 0.48333333333333334 0.7557291666666667 0.4861111111111111 0.7572916666666667 0.4935185185185185 0.759375 0.49537037037037035 0.759375 0.4962962962962963 0.7588541666666667 0.5 0.7583333333333333 0.5055555555555555 0.7552083333333334 0.5055555555555555 0.7546875 0.5092592592592593 0.7526041666666666 0.5120370370370371 0.7494791666666667 0.5212962962962963 0.7432291666666667 0.5268518518518519 0.7385416666666667 0.5314814814814814 0.7359375 0.5425925925925926 0.7265625 0.5481481481481482 0.7234375 0.5537037037037037 0.7182291666666667 0.5574074074074075 0.7161458333333334 0.5574074074074075 0.715625 0.5657407407407408 0.7098958333333333 0.5675925925925925 0.7078125 0.5712962962962963 0.7057291666666666 0.5731481481481482 0.7036458333333333 0.5814814814814815 0.6979166666666666 0.5833333333333334 0.6958333333333333 0.5879629629629629 0.6932291666666667 0.5898148148148148 0.6911458333333333 0.5944444444444444 0.6885416666666667 0.5981481481481481 0.6848958333333334 0.6064814814814815 0.6796875 0.6092592592592593 0.6765625 0.6138888888888889 0.6744791666666666 0.6157407407407407 0.6744791666666666 0.6194444444444445 0.6755208333333333 0.6231481481481481 0.6755208333333333 0.6268518518518519 0.6734375 0.6296296296296297 0.6703125 0.6296296296296297 0.66875 0.6268518518518519 0.6661458333333333 0.625 0.665625 0.6185185185185185 0.6619791666666667 0.6175925925925926 0.6619791666666667 0.6148148148148148 0.6604166666666667 0.612037037037037 0.6598958333333333
1 0.4361111111111111 0.8276041666666667 0.42407407407407405 0.8276041666666667 0.42314814814814816 0.828125 0.4222222222222222 0.828125 0.4212962962962963 0.8286458333333333 0.4203703703703704 0.8286458333333333 0.41759259259259257 0.8302083333333333 0.41759259259259257 0.8307291666666666 0.4166666666666667 0.83125 0.4166666666666667 0.8317708333333333 0.41574074074074074 0.8322916666666667 0.41574074074074074 0.8333333333333334 0.4148148148148148 0.8338541666666667 0.4148148148148148 0.834375 0.41388888888888886 0.8348958333333333 0.41388888888888886 0.8359375 0.412962962962963 0.8364583333333333 0.412962962962963 0.8369791666666667 0.41203703703703703 0.8375 0.41203703703703703 0.8380208333333333 0.4111111111111111 0.8385416666666666 0.4111111111111111 0.8395833333333333 0.4101851851851852 0.8401041666666667 0.4101851851851852 0.840625 0.40925925925925927 0.8411458333333334 0.40925925925925927 0.85 0.4101851851851852 0.8505208333333333 0.4101851851851852 0.8541666666666666 0.40925925925925927 0.8546875 0.40925925925925927 0.85625 0.4083333333333333 0.8567708333333334 0.4083333333333333 0.8583333333333333 0.4074074074074074 0.8588541666666667 0.4074074074074074 0.8609375 0.4064814814814815 0.8614583333333333 0.4064814814814815 0.8630208333333333 0.40555555555555556 0.8635416666666667 0.40555555555555556 0.8682291666666667 0.4046296296296296 0.86875 0.40555555555555556 0.8692708333333333 0.40555555555555556 0.8708333333333333 0.4064814814814815 0.8713541666666667 0.4064814814814815 0.871875 0.4074074074074074 0.8723958333333334 0.4074074074074074 0.8729166666666667 0.4083333333333333 0.8734375 0.40925925925925927 0.8734375 0.4101851851851852 0.8739583333333333 0.4111111111111111 0.8739583333333333 0.41203703703703703 0.8744791666666667 0.41944444444444445 0.8744791666666667 0.4222222222222222 0.8729166666666667 0.42314814814814816 0.8729166666666667 0.42314814814814816 0.8723958333333334 0.42407407407407405 0.871875 0.42407407407407405 0.8708333333333333 0.425 0.8703125 0.425 0.8697916666666666 0.42592592592592593 0.8692708333333333 0.42592592592592593 0.8682291666666667 0.42685185185185187 0.8677083333333333 0.42685185185185187 0.8666666666666667 0.42777777777777776 0.8661458333333333 0.42777777777777776 0.8651041666666667 0.4287037037037037 0.8645833333333334 0.4287037037037037 0.8635416666666667 0.42962962962962964 0.8630208333333333 0.42962962962962964 0.8619791666666666 0.4305555555555556 0.8614583333333333 0.4305555555555556 0.8604166666666667 0.43148148148148147 0.8598958333333333 0.43148148148148147 0.859375 0.43333333333333335 0.8583333333333333 0.43333333333333335 0.8578125 0.43425925925925923 0.8572916666666667 0.4351851851851852 0.8572916666666667 0.4351851851851852 0.8567708333333334 0.43703703703703706 0.8557291666666667 0.43796296296296294 0.8557291666666667 0.44351851851851853 0.8526041666666667 0.44351851851851853 0.8520833333333333 0.4444444444444444 0.8515625 0.4444444444444444 0.8510416666666667 0.44537037037037036 0.8505208333333333 0.44537037037037036 0.85 0.4462962962962963 0.8494791666666667 0.4462962962962963 0.8473958333333333 0.44722222222222224 0.846875 0.44722222222222224 0.8447916666666667 0.44814814814814813 0.8442708333333333 0.44814814814814813 0.84375 0.44907407407407407 0.8432291666666667 0.44907407407407407 0.8427083333333333 0.45 0.8421875 0.45 0.8359375 0.44907407407407407 0.8354166666666667 0.44907407407407407 0.8333333333333334 0.44814814814814813 0.8328125 0.44814814814814813 0.8322916666666667 0.44722222222222224 0.8317708333333333 0.44722222222222224 0.83125 0.4444444444444444 0.8296875 0.44351851851851853 0.8296875 0.4425925925925926 0.8291666666666667 0.44074074074074077 0.8291666666666667 0.4398148148148148 0.8286458333333333 0.4388888888888889 0.8286458333333333 0.43796296296296294 0.828125 0.43703703703703706 0.828125
2 0.9666666666666667 0.47239583333333335 0.9638888888888889 0.4708333333333333 0.9583333333333334 0.46927083333333336 0.9564814814814815 0.46979166666666666 0.9527777777777777 0.46979166666666666 0.9518518518518518 0.4703125 0.95 0.4703125 0.9462962962962963 0.471875 0.9416666666666667 0.47291666666666665 0.9314814814814815 0.47708333333333336 0.9259259259259259 0.4786458333333333 0.924074074074074 0.4786458333333333 0.9222222222222223 0.4796875 0.9175925925925926 0.48072916666666665 0.9157407407407407 0.4817708333333333 0.9148148148148149 0.4817708333333333 0.9148148148148149 0.4822916666666667 0.912962962962963 0.48333333333333334 0.9120370370370371 0.48333333333333334 0.9027777777777778 0.4875 0.9018518518518519 0.4875 0.9 0.48854166666666665 0.8962962962962963 0.4895833333333333 0.8898148148148148 0.49270833333333336 0.8842592592592593 0.4942708333333333 0.8814814814814815 0.49583333333333335 0.8787037037037037 0.49635416666666665 0.8768518518518519 0.4973958333333333 0.8759259259259259 0.4973958333333333 0.8740740740740741 0.4984375 0.8703703703703703 0.49947916666666664 0.8675925925925926 0.5010416666666667 0.8629629629629629 0.5020833333333333 0.8611111111111112 0.503125 0.8601851851851852 0.503125 0.8583333333333333 0.5041666666666667 0.8546296296296296 0.5052083333333334 0.8518518518518519 0.5067708333333333 0.8462962962962963 0.5083333333333333 0.8444444444444444 0.509375 0.8425925925925926 0.509375 0.8388888888888889 0.5109375 0.8333333333333334 0.5125 0.8277777777777777 0.5125 0.8268518518518518 0.5119791666666667 0.8231481481481482 0.5119791666666667 0.8222222222222222 0.5114583333333333 0.8212962962962963 0.5119791666666667 0.8194444444444444 0.5119791666666667 0.8157407407407408 0.5130208333333334 0.8092592592592592 0.5166666666666667 0.8083333333333333 0.5177083333333333 0.8083333333333333 0.51875 0.8074074074074075 0.5192708333333333 0.8074074074074075 0.5203125 0.8064814814814815 0.5208333333333334 0.8074074074074075 0.521875 0.8074074074074075 0.5239583333333333 0.8083333333333333 0.5244791666666667 0.8083333333333333 0.5255208333333333 0.8092592592592592 0.5260416666666666 0.8092592592592592 0.5270833333333333 0.8111111111111111 0.5291666666666667 0.812962962962963 0.5302083333333333 0.812962962962963 0.5307291666666667 0.8185185185185185 0.5338541666666666 0.8212962962962963 0.534375 0.8231481481481482 0.5354166666666667 0.8268518518518518 0.5364583333333334 0.8287037037037037 0.5364583333333334 0.8296296296296296 0.5369791666666667 0.8351851851851851 0.5369791666666667 0.837037037037037 0.5364583333333334 0.8398148148148148 0.5348958333333333 0.8407407407407408 0.5348958333333333 0.8435185185185186 0.5333333333333333 0.8444444444444444 0.5333333333333333 0.8444444444444444 0.5328125 0.8481481481481481 0.5302083333333333 0.8527777777777777 0.525 0.8546296296296296 0.5239583333333333 0.8555555555555555 0.5239583333333333 0.8611111111111112 0.5208333333333334 0.8648148148148148 0.5197916666666667 0.8675925925925926 0.5182291666666666 0.8731481481481481 0.5166666666666667 0.8768518518518519 0.5145833333333333 0.8805555555555555 0.5135416666666667 0.8842592592592593 0.5114583333333333 0.8870370370370371 0.5109375 0.8888888888888888 0.5098958333333333 0.8898148148148148 0.5098958333333333 0.8916666666666667 0.5088541666666667 0.8925925925925926 0.5088541666666667 0.8944444444444445 0.5078125 0.8981481481481481 0.5067708333333333 0.9009259259259259 0.5052083333333334 0.9046296296296297 0.5041666666666667 0.9138888888888889 0.5 0.9203703703703704 0.4984375 0.925 0.49635416666666665 0.9305555555555556 0.4947916666666667 0.9361111111111111 0.49166666666666664 0.9416666666666667 0.4901041666666667 0.9472222222222222 0.4875 0.9518518518518518 0.4864583333333333 0.9592592592592593 0.4828125 0.9601851851851851 0.4828125 0.9648148148148148 0.48020833333333335 0.9657407407407408 0.4791666666666667 0.9657407407407408 0.478125 0.9675925925925926 0.4765625 0.9675925925925926 0.47552083333333334 0.9685185185185186 0.4744791666666667
4 0.6935185185185185 0.6375 0.6814814814814815 0.6375 0.6805555555555556 0.6380208333333334 0.6796296296296296 0.6380208333333334 0.6768518518518518 0.6395833333333333 0.6768518518518518 0.640625 0.6759259259259259 0.6411458333333333 0.6759259259259259 0.6427083333333333 0.675 0.6432291666666666 0.675 0.6484375 0.6759259259259259 0.6489583333333333 0.6759259259259259 0.6645833333333333 0.675 0.6651041666666667 0.675 0.6682291666666667 0.674074074074074 0.66875 0.674074074074074 0.6713541666666667 0.6731481481481482 0.671875 0.6731481481481482 0.6739583333333333 0.6722222222222223 0.6744791666666666 0.6722222222222223 0.6765625 0.6712962962962963 0.6770833333333334 0.6712962962962963 0.6791666666666667 0.6703703703703704 0.6796875 0.6703703703703704 0.6822916666666666 0.6694444444444444 0.6828125 0.6694444444444444 0.6854166666666667 0.6685185185185185 0.6859375 0.6685185185185185 0.6880208333333333 0.6675925925925926 0.6885416666666667 0.6675925925925926 0.6979166666666666 0.6685185185185185 0.6984375 0.6685185185185185 0.6994791666666667 0.6694444444444444 0.7 0.6694444444444444 0.7005208333333334 0.6731481481481482 0.7026041666666667 0.675 0.7026041666666667 0.6759259259259259 0.703125 0.6814814814814815 0.703125 0.6824074074074075 0.7026041666666667 0.6842592592592592 0.7026041666666667 0.6861111111111111 0.7015625 0.6861111111111111 0.7010416666666667 0.687037037037037 0.7005208333333334 0.687037037037037 0.7 0.687962962962963 0.6994791666666667 0.687962962962963 0.6989583333333333 0.6888888888888889 0.6984375 0.6888888888888889 0.6979166666666666 0.6907407407407408 0.6963541666666667 0.6907407407407408 0.6953125 0.6916666666666667 0.6947916666666667 0.6916666666666667 0.69375 0.6925925925925925 0.6932291666666667 0.6925925925925925 0.6921875 0.6935185185185185 0.6916666666666667 0.6935185185185185 0.690625 0.6944444444444444 0.6901041666666666 0.6944444444444444 0.6890625 0.6953703703703704 0.6885416666666667 0.6953703703703704 0.6859375 0.6962962962962963 0.6854166666666667 0.6962962962962963 0.6833333333333333 0.6972222222222222 0.6828125 0.6972222222222222 0.6807291666666667 0.6981481481481482 0.6802083333333333 0.6981481481481482 0.678125 0.6990740740740741 0.6776041666666667 0.6990740740740741 0.6760416666666667 0.7 0.6755208333333333 0.7 0.6734375 0.700925925925926 0.6729166666666667 0.700925925925926 0.6713541666666667 0.7018518518518518 0.6708333333333333 0.7018518518518518 0.66875 0.7027777777777777 0.6682291666666667 0.7027777777777777 0.6666666666666666 0.7037037037037037 0.6661458333333333 0.7037037037037037 0.6651041666666667 0.7046296296296296 0.6645833333333333 0.7046296296296296 0.6630208333333333 0.7055555555555556 0.6625 0.7055555555555556 0.6609375 0.7064814814814815 0.6604166666666667 0.7064814814814815 0.659375 0.7074074074074074 0.6588541666666666 0.7074074074074074 0.6572916666666667 0.7083333333333334 0.6567708333333333 0.7083333333333334 0.65625 0.7111111111111111 0.6546875 0.712037037037037 0.6546875 0.7129629629629629 0.6541666666666667 0.7157407407407408 0.6541666666666667 0.7185185185185186 0.6526041666666667 0.7185185185185186 0.6515625 0.7194444444444444 0.6510416666666666 0.7194444444444444 0.65 0.7203703703703703 0.6494791666666667 0.7203703703703703 0.646875 0.7212962962962963 0.6463541666666667 0.7203703703703703 0.6458333333333334 0.7203703703703703 0.64375 0.7194444444444444 0.6432291666666666 0.7194444444444444 0.6427083333333333 0.7185185185185186 0.6427083333333333 0.7175925925925926 0.6421875 0.7157407407407408 0.6421875 0.7148148148148148 0.6416666666666667 0.7138888888888889 0.6416666666666667 0.7129629629629629 0.6411458333333333 0.712037037037037 0.6411458333333333 0.7092592592592593 0.6401041666666667 0.7074074074074074 0.6401041666666667 0.7064814814814815 0.6395833333333333 0.7046296296296296 0.6395833333333333 0.7037037037037037 0.6390625 0.7018518518518518 0.6390625 0.700925925925926 0.6385416666666667 0.6990740740740741 0.6385416666666667 0.6981481481481482 0.6380208333333334 0.6944444444444444 0.6380208333333334
1 0.7231481481481481 0.6416666666666667 0.7231481481481481 0.6421875 0.7222222222222222 0.6427083333333333 0.7222222222222222 0.6458333333333334 0.7212962962962963 0.6463541666666667 0.7222222222222222 0.646875 0.7222222222222222 0.6484375 0.7231481481481481 0.6489583333333333 0.7231481481481481 0.65 0.7240740740740741 0.6505208333333333 0.7240740740740741 0.6510416666666666 0.7277777777777777 0.653125 0.7287037037037037 0.653125 0.7305555555555555 0.6541666666666667 0.7314814814814815 0.6541666666666667 0.737037037037037 0.6572916666666667 0.7379629629629629 0.6572916666666667 0.7388888888888889 0.6578125 0.7398148148148148 0.6578125 0.7407407407407407 0.6583333333333333 0.7481481481481481 0.6583333333333333 0.7490740740740741 0.6588541666666666 0.7527777777777778 0.6588541666666666 0.7537037037037037 0.659375 0.7564814814814815 0.659375 0.7574074074074074 0.6598958333333333 0.7583333333333333 0.6598958333333333 0.7592592592592593 0.6604166666666667 0.7601851851851852 0.6604166666666667 0.7620370370370371 0.6614583333333334 0.762962962962963 0.6614583333333334 0.7638888888888888 0.6619791666666667 0.7648148148148148 0.6619791666666667 0.7657407407407407 0.6625 0.7666666666666667 0.6625 0.7675925925925926 0.6630208333333333 0.7685185185185185 0.6630208333333333 0.7694444444444445 0.6635416666666667 0.7703703703703704 0.6635416666666667 0.7712962962962963 0.6640625 0.7722222222222223 0.6640625 0.7731481481481481 0.6645833333333333 0.774074074074074 0.6645833333333333 0.775 0.6651041666666667 0.7814814814814814 0.6651041666666667 0.7824074074074074 0.6645833333333333 0.7833333333333333 0.6645833333333333 0.7851851851851852 0.6635416666666667 0.7851851851851852 0.6630208333333333 0.7861111111111111 0.6625 0.7861111111111111 0.6572916666666667 0.7805555555555556 0.6541666666666667 0.7796296296296297 0.6541666666666667 0.7768518518518519 0.6526041666666667 0.7759259259259259 0.6526041666666667 0.7731481481481481 0.6510416666666666 0.7722222222222223 0.6510416666666666 0.7666666666666667 0.6479166666666667 0.7666666666666667 0.646875 0.7657407407407407 0.6463541666666667 0.7657407407407407 0.6453125 0.7648148148148148 0.6447916666666667 0.7648148148148148 0.6442708333333333 0.7638888888888888 0.64375 0.7638888888888888 0.6427083333333333 0.7592592592592593 0.6401041666666667 0.7583333333333333 0.6401041666666667 0.7564814814814815 0.6390625 0.7555555555555555 0.6390625 0.7546296296296297 0.6385416666666667 0.7518518518518519 0.6385416666666667 0.7509259259259259 0.6380208333333334 0.75 0.6380208333333334 0.7490740740740741 0.6375 0.7472222222222222 0.6375 0.7462962962962963 0.6369791666666667 0.7453703703703703 0.6369791666666667 0.7444444444444445 0.6364583333333333 0.7425925925925926 0.6364583333333333 0.7416666666666667 0.6359375 0.7351851851851852 0.6359375 0.7342592592592593 0.6364583333333333 0.7333333333333333 0.6364583333333333 0.7324074074074074 0.6369791666666667 0.7314814814814815 0.6369791666666667 0.7296296296296296 0.6380208333333334 0.7287037037037037 0.6380208333333334 0.7277777777777777 0.6385416666666667 0.7277777777777777 0.6390625
4 0.575925925925926 0.8135416666666667 0.5731481481481482 0.8135416666666667 0.5722222222222222 0.8130208333333333 0.5694444444444444 0.8130208333333333 0.5685185185185185 0.8125 0.5675925925925925 0.8125 0.5666666666666667 0.8130208333333333 0.5638888888888889 0.8135416666666667 0.562037037037037 0.8145833333333333 0.562037037037037 0.8151041666666666 0.5601851851851852 0.8161458333333333 0.5601851851851852 0.8166666666666667 0.5592592592592592 0.8171875 0.5592592592592592 0.8177083333333334 0.5583333333333333 0.8182291666666667 0.5583333333333333 0.81875 0.5574074074074075 0.8192708333333333 0.5574074074074075 0.8197916666666667 0.5546296296296296 0.8223958333333333 0.5546296296296296 0.8234375 0.5518518518518518 0.8260416666666667 0.5518518518518518 0.8270833333333333 0.549074074074074 0.8296875 0.549074074074074 0.8307291666666666 0.5472222222222223 0.8317708333333333 0.5472222222222223 0.8322916666666667 0.5462962962962963 0.8328125 0.5462962962962963 0.8338541666666667 0.5435185185185185 0.8364583333333333 0.5435185185185185 0.8375 0.5425925925925926 0.8380208333333333 0.5425925925925926 0.8390625 0.5416666666666666 0.8395833333333333 0.5416666666666666 0.8401041666666667 0.5398148148148149 0.8416666666666667 0.5398148148148149 0.8427083333333333 0.5370370370370371 0.8453125 0.5370370370370371 0.8463541666666666 0.5351851851851852 0.8479166666666667 0.5351851851851852 0.8489583333333334 0.5324074074074074 0.8515625 0.5324074074074074 0.8526041666666667 0.5314814814814814 0.853125 0.5314814814814814 0.8536458333333333 0.5305555555555556 0.8541666666666666 0.5305555555555556 0.8546875 0.5296296296296297 0.8552083333333333 0.5296296296296297 0.8557291666666667 0.5287037037037037 0.85625 0.5287037037037037 0.8567708333333334 0.5277777777777778 0.8572916666666667 0.5277777777777778 0.8578125 0.5268518518518519 0.8583333333333333 0.5259259259259259 0.8598958333333333 0.525 0.8604166666666667 0.5194444444444445 0.8604166666666667 0.5185185185185185 0.8609375 0.5166666666666667 0.8609375 0.5157407407407407 0.8614583333333333 0.5148148148148148 0.8614583333333333 0.512962962962963 0.8625 0.512962962962963 0.8630208333333333 0.5111111111111111 0.8645833333333334 0.5111111111111111 0.8671875 0.5101851851851852 0.8677083333333333 0.5101851851851852 0.8692708333333333 0.5120370370370371 0.8703125 0.5120370370370371 0.8708333333333333 0.5194444444444445 0.875 0.5203703703703704 0.875 0.5231481481481481 0.8760416666666667 0.525 0.8760416666666667 0.5259259259259259 0.8765625 0.5287037037037037 0.8765625 0.5296296296296297 0.8770833333333333 0.5305555555555556 0.8770833333333333 0.5351851851851852 0.8786458333333333 0.5370370370370371 0.8786458333333333 0.537962962962963 0.8791666666666667 0.5398148148148149 0.8791666666666667 0.5407407407407407 0.8796875 0.5481481481481482 0.8796875 0.5518518518518518 0.8776041666666666 0.5518518518518518 0.8770833333333333 0.5527777777777778 0.8765625 0.5527777777777778 0.871875 0.5518518518518518 0.8713541666666667 0.5518518518518518 0.8697916666666666 0.5509259259259259 0.8692708333333333 0.5509259259259259 0.8645833333333334 0.5527777777777778 0.8630208333333333 0.5527777777777778 0.8619791666666666 0.5537037037037037 0.8614583333333333 0.5537037037037037 0.8604166666666667 0.5555555555555556 0.859375 0.5555555555555556 0.8588541666666667 0.5564814814814815 0.8583333333333333 0.5564814814814815 0.8572916666666667 0.5574074074074075 0.8567708333333334 0.5574074074074075 0.85625 0.5601851851851852 0.8536458333333333 0.5601851851851852 0.8526041666666667 0.5611111111111111 0.8520833333333333 0.5611111111111111 0.8510416666666667 0.562037037037037 0.8505208333333333 0.562037037037037 0.85 0.5638888888888889 0.8489583333333334 0.5638888888888889 0.8479166666666667 0.5648148148148148 0.8473958333333333 0.5648148148148148 0.846875 0.5657407407407408 0.8463541666666666 0.5657407407407408 0.8453125 0.5675925925925925 0.84375 0.5675925925925925 0.8427083333333333 0.5685185185185185 0.8421875 0.5685185185185185 0.8411458333333334 0.5703703703703704 0.8395833333333333 0.5703703703703704 0.8385416666666666 0.5722222222222222 0.8369791666666667 0.5722222222222222 0.8359375 0.5731481481481482 0.8354166666666667 0.5731481481481482 0.8348958333333333 0.575925925925926 0.8322916666666667 0.575925925925926 0.83125 0.5777777777777777 0.8296875 0.5777777777777777 0.8286458333333333 0.5787037037037037 0.828125 0.5787037037037037 0.8276041666666667 0.5814814814814815 0.825 0.5814814814814815 0.8239583333333333 0.5824074074074074 0.8234375 0.5824074074074074 0.8223958333333333 0.5833333333333334 0.821875 0.5833333333333334 0.8171875 0.5814814814814815 0.815625 0.5805555555555556 0.815625 0.5777777777777777 0.8140625 0.5768518518518518 0.8140625
1 0.700925925925926 0.690625 0.7 0.6911458333333333 0.6962962962962963 0.6911458333333333 0.6944444444444444 0.6921875 0.6935185185185185 0.6921875 0.6935185185185185 0.6927083333333334 0.6916666666666667 0.69375 0.6916666666666667 0.6947916666666667 0.6907407407407408 0.6953125 0.6907407407407408 0.6963541666666667 0.6898148148148148 0.696875 0.6898148148148148 0.6989583333333333 0.6888888888888889 0.6994791666666667 0.6888888888888889 0.7 0.687962962962963 0.7005208333333334 0.687962962962963 0.7020833333333333 0.6888888888888889 0.7026041666666667 0.6888888888888889 0.7072916666666667 0.6898148148148148 0.7078125 0.6898148148148148 0.7109375 0.6907407407407408 0.7114583333333333 0.6907407407407408 0.7140625 0.6898148148148148 0.7145833333333333 0.6898148148148148 0.7177083333333333 0.6888888888888889 0.7182291666666667 0.6888888888888889 0.7203125 0.687962962962963 0.7208333333333333 0.687962962962963 0.7234375 0.687037037037037 0.7239583333333334 0.687037037037037 0.7270833333333333 0.6861111111111111 0.7276041666666667 0.6861111111111111 0.728125 0.687037037037037 0.7286458333333333 0.687037037037037 0.7307291666666667 0.687962962962963 0.73125 0.687962962962963 0.7322916666666667 0.6888888888888889 0.7328125 0.6888888888888889 0.7333333333333333 0.6898148148148148 0.7333333333333333 0.6907407407407408 0.7338541666666667 0.6916666666666667 0.7338541666666667 0.6925925925925925 0.734375 0.6953703703703704 0.734375 0.6962962962962963 0.7348958333333333 0.700925925925926 0.7348958333333333 0.7046296296296296 0.7328125 0.7046296296296296 0.7317708333333334 0.7055555555555556 0.73125 0.7055555555555556 0.7296875 0.7064814814814815 0.7291666666666666 0.7064814814814815 0.728125 0.7074074074074074 0.7276041666666667 0.7074074074074074 0.7255208333333333 0.7083333333333334 0.725 0.7083333333333334 0.7229166666666667 0.7092592592592593 0.7223958333333333 0.7092592592592593 0.7203125 0.7101851851851851 0.7197916666666667 0.7101851851851851 0.7171875 0.7111111111111111 0.7166666666666667 0.7111111111111111 0.7161458333333334 0.712037037037037 0.715625 0.712037037037037 0.7151041666666667 0.7148148148148148 0.7135416666666666 0.7157407407407408 0.7135416666666666 0.7166666666666667 0.7130208333333333 0.7175925925925926 0.7130208333333333 0.7185185185185186 0.7125 0.7194444444444444 0.7125 0.7203703703703703 0.7119791666666667 0.7203703703703703 0.7109375 0.7212962962962963 0.7104166666666667 0.7212962962962963 0.70625 0.7222222222222222 0.7057291666666666 0.7222222222222222 0.703125 0.7231481481481481 0.7026041666666667 0.7231481481481481 0.7015625 0.7240740740740741 0.7010416666666667 0.7240740740740741 0.6958333333333333 0.7194444444444444 0.6932291666666667 0.7175925925925926 0.6932291666666667 0.7166666666666667 0.6927083333333334 0.7138888888888889 0.6927083333333334 0.7129629629629629 0.6921875 0.7101851851851851 0.6921875 0.7092592592592593 0.6916666666666667 0.7074074074074074 0.6916666666666667 0.7064814814814815 0.6911458333333333 0.7018518518518518 0.6911458333333333
4 0.6268518518518519 0.7625 0.6268518518518519 0.7630208333333334 0.6259259259259259 0.7635416666666667 0.6259259259259259 0.7640625 0.625 0.7645833333333333 0.625 0.7651041666666667 0.6231481481481481 0.7666666666666667 0.6231481481481481 0.7677083333333333 0.6222222222222222 0.7682291666666666 0.6222222222222222 0.7697916666666667 0.6212962962962963 0.7703125 0.6212962962962963 0.7734375 0.6203703703703703 0.7739583333333333 0.6203703703703703 0.7765625 0.6212962962962963 0.7770833333333333 0.6212962962962963 0.7796875 0.6231481481481481 0.78125 0.6231481481481481 0.7822916666666667 0.6277777777777778 0.7848958333333333 0.6296296296296297 0.7848958333333333 0.6305555555555555 0.7854166666666667 0.637962962962963 0.7854166666666667 0.6388888888888888 0.7848958333333333 0.6444444444444445 0.7848958333333333 0.6453703703703704 0.784375 0.6527777777777778 0.784375 0.6537037037037037 0.7838541666666666 0.6574074074074074 0.7838541666666666 0.6583333333333333 0.784375 0.6611111111111111 0.784375 0.6620370370370371 0.7848958333333333 0.6648148148148149 0.7848958333333333 0.6657407407407407 0.7854166666666667 0.6675925925925926 0.7854166666666667 0.6685185185185185 0.7859375 0.6712962962962963 0.7859375 0.6722222222222223 0.7864583333333334 0.674074074074074 0.7864583333333334 0.675 0.7869791666666667 0.6768518518518518 0.7869791666666667 0.6777777777777778 0.7875 0.6796296296296296 0.7875 0.6805555555555556 0.7880208333333333 0.6824074074074075 0.7880208333333333 0.6833333333333333 0.7885416666666667 0.6842592592592592 0.7885416666666667 0.687037037037037 0.7895833333333333 0.6888888888888889 0.7895833333333333 0.6898148148148148 0.7901041666666667 0.6916666666666667 0.7901041666666667 0.6944444444444444 0.7911458333333333 0.6962962962962963 0.7911458333333333 0.6972222222222222 0.7916666666666666 0.6990740740740741 0.7916666666666666 0.7 0.7921875 0.7037037037037037 0.7921875 0.7046296296296296 0.7927083333333333 0.7064814814814815 0.7927083333333333 0.7074074074074074 0.7932291666666667 0.7101851851851851 0.7932291666666667 0.7111111111111111 0.79375 0.7157407407407408 0.79375 0.7166666666666667 0.7932291666666667 0.7185185185185186 0.7932291666666667 0.7194444444444444 0.7927083333333333 0.7203703703703703 0.7927083333333333 0.7212962962962963 0.7921875 0.7212962962962963 0.7916666666666666 0.7231481481481481 0.790625 0.7231481481481481 0.7885416666666667 0.7240740740740741 0.7880208333333333 0.7240740740740741 0.7864583333333334 0.7231481481481481 0.7859375 0.7231481481481481 0.7848958333333333 0.7222222222222222 0.784375 0.7222222222222222 0.7833333333333333 0.7203703703703703 0.7822916666666667 0.7203703703703703 0.7817708333333333 0.7166666666666667 0.7796875 0.7157407407407408 0.7796875 0.7129629629629629 0.7786458333333334 0.7083333333333334 0.7786458333333334 0.7074074074074074 0.778125 0.7055555555555556 0.778125 0.7046296296296296 0.7776041666666667 0.7027777777777777 0.7776041666666667 0.7018518518518518 0.7770833333333333 0.700925925925926 0.7770833333333333 0.7 0.7765625 0.6990740740740741 0.7765625 0.6962962962962963 0.775 0.6953703703703704 0.775 0.6925925925925925 0.7739583333333333 0.6888888888888889 0.7739583333333333 0.687962962962963 0.7734375 0.687037037037037 0.7734375 0.6842592592592592 0.7723958333333333 0.6814814814814815 0.7723958333333333 0.6787037037037037 0.7713541666666667 0.6768518518518518 0.7713541666666667 0.6759259259259259 0.7708333333333334 0.6731481481481482 0.7708333333333334 0.6712962962962963 0.7697916666666667 0.6703703703703704 0.7697916666666667 0.6694444444444444 0.7692708333333333 0.6685185185185185 0.7692708333333333 0.6675925925925926 0.76875 0.6666666666666666 0.76875 0.6657407407407407 0.7682291666666666 0.6648148148148149 0.7682291666666666 0.6611111111111111 0.765625 0.6611111111111111 0.7651041666666667 0.6601851851851852 0.7645833333333333 0.6601851851851852 0.7635416666666667 0.6592592592592592 0.7630208333333334 0.6592592592592592 0.7625 0.6583333333333333 0.7619791666666667 0.6583333333333333 0.7614583333333333 0.6564814814814814 0.7604166666666666 0.6564814814814814 0.7598958333333333 0.6537037037037037 0.7583333333333333 0.6527777777777778 0.7583333333333333 0.65 0.7572916666666667 0.6407407407407407 0.7572916666666667 0.6398148148148148 0.7578125 0.637962962962963 0.7578125 0.6351851851851852 0.7588541666666667 0.6333333333333333 0.7588541666666667
1 0.46574074074074073 0.9359375 0.46574074074074073 0.9364583333333333 0.4648148148148148 0.9369791666666667 0.4648148148148148 0.9380208333333333 0.4638888888888889 0.9385416666666667 0.4638888888888889 0.9401041666666666 0.4648148148148148 0.940625 0.4648148148148148 0.9427083333333334 0.46574074074074073 0.9432291666666667 0.46574074074074073 0.94375 0.4685185185185185 0.9453125 0.46944444444444444 0.9453125 0.4703703703703704 0.9458333333333333 0.47129629629629627 0.9458333333333333 0.4722222222222222 0.9463541666666667 0.47314814814814815 0.9463541666666667 0.4740740740740741 0.946875 0.4759259259259259 0.946875 0.47685185185185186 0.9473958333333333 0.4787037037037037 0.9473958333333333 0.47962962962962963 0.9479166666666666 0.48148148148148145 0.9479166666666666 0.4824074074074074 0.9484375 0.48333333333333334 0.9484375 0.48518518518518516 0.9494791666666667 0.48703703703703705 0.9494791666666667 0.487962962962963 0.95 0.4898148148148148 0.95 0.49074074074074076 0.9505208333333334 0.49166666666666664 0.9505208333333334 0.4925925925925926 0.9510416666666667 0.4935185185185185 0.9510416666666667 0.49444444444444446 0.9515625 0.49722222222222223 0.9515625 0.5018518518518519 0.9541666666666667 0.5018518518518519 0.9546875 0.5037037037037037 0.9557291666666666 0.5046296296296297 0.9557291666666666 0.5064814814814815 0.9567708333333333 0.5074074074074074 0.9567708333333333 0.5083333333333333 0.9572916666666667 0.5120370370370371 0.9572916666666667 0.512962962962963 0.9578125 0.5166666666666667 0.9578125 0.5175925925925926 0.9583333333333334 0.5185185185185185 0.9583333333333334 0.5194444444444445 0.9588541666666667 0.5212962962962963 0.9588541666666667 0.5222222222222223 0.959375 0.5231481481481481 0.959375 0.524074074074074 0.9598958333333333 0.525 0.9598958333333333 0.5259259259259259 0.9604166666666667 0.5277777777777778 0.9604166666666667 0.5287037037037037 0.9609375 0.5324074074074074 0.9609375 0.5333333333333333 0.9604166666666667 0.5342592592592592 0.9604166666666667 0.537962962962963 0.9583333333333334 0.537962962962963 0.9578125 0.5388888888888889 0.9572916666666667 0.5388888888888889 0.95625 0.5398148148148149 0.9557291666666666 0.5398148148148149 0.9552083333333333 0.5407407407407407 0.9546875 0.5407407407407407 0.9536458333333333 0.5416666666666666 0.953125 0.5416666666666666 0.9515625 0.5425925925925926 0.9510416666666667 0.5425925925925926 0.9453125 0.5416666666666666 0.9447916666666667 0.5416666666666666 0.94375 0.5398148148148149 0.9427083333333334 0.5388888888888889 0.9427083333333334 0.537962962962963 0.9421875 0.5370370370370371 0.9421875 0.5361111111111111 0.9416666666666667 0.5351851851851852 0.9416666666666667 0.5342592592592592 0.9411458333333333 0.5333333333333333 0.9411458333333333 0.5324074074074074 0.940625 0.5314814814814814 0.940625 0.5305555555555556 0.9401041666666666 0.5296296296296297 0.9401041666666666 0.5287037037037037 0.9395833333333333 0.5277777777777778 0.9395833333333333 0.5268518518518519 0.9390625 0.5259259259259259 0.9390625 0.525 0.9385416666666667 0.524074074074074 0.9385416666666667 0.5231481481481481 0.9380208333333333 0.5222222222222223 0.9380208333333333 0.5212962962962963 0.9375 0.5203703703703704 0.9375 0.5194444444444445 0.9369791666666667 0.5185185185185185 0.9369791666666667 0.5175925925925926 0.9364583333333333 0.5166666666666667 0.9364583333333333 0.5157407407407407 0.9369791666666667 0.5148148148148148 0.9369791666666667 0.5138888888888888 0.9375 0.512962962962963 0.9375 0.5120370370370371 0.9380208333333333 0.5074074074074074 0.9380208333333333 0.5064814814814815 0.9375 0.5037037037037037 0.9375 0.5027777777777778 0.9369791666666667 0.49722222222222223 0.9369791666666667 0.4962962962962963 0.9364583333333333 0.4935185185185185 0.9364583333333333 0.4925925925925926 0.9359375 0.4898148148148148 0.9359375 0.4888888888888889 0.9354166666666667 0.4842592592592593 0.9354166666666667 0.48333333333333334 0.9348958333333334 0.47962962962962963 0.9348958333333334 0.4787037037037037 0.934375 0.4703703703703704 0.934375 0.46944444444444444 0.9348958333333334 0.4675925925925926 0.9348958333333334
4 0.8453703703703703 0.575 0.8453703703703703 0.5807291666666666 0.8462962962962963 0.58125 0.8462962962962963 0.5817708333333333 0.85 0.5838541666666667 0.850925925925926 0.5838541666666667 0.8537037037037037 0.5848958333333333 0.8555555555555555 0.5848958333333333 0.8583333333333333 0.5859375 0.8601851851851852 0.5859375 0.8611111111111112 0.5864583333333333 0.8629629629629629 0.5864583333333333 0.8638888888888889 0.5869791666666667 0.8657407407407407 0.5869791666666667 0.8666666666666667 0.5875 0.8712962962962963 0.5875 0.8722222222222222 0.5880208333333333 0.8759259259259259 0.5880208333333333 0.8768518518518519 0.5885416666666666 0.8787037037037037 0.5885416666666666 0.8796296296296297 0.5890625 0.8824074074074074 0.5890625 0.8833333333333333 0.5895833333333333 0.8861111111111111 0.5895833333333333 0.8870370370370371 0.5901041666666667 0.8888888888888888 0.5901041666666667 0.8898148148148148 0.590625 0.8916666666666667 0.590625 0.8925925925925926 0.5911458333333334 0.8953703703703704 0.5911458333333334 0.8962962962962963 0.5916666666666667 0.899074074074074 0.5916666666666667 0.9 0.5921875 0.9018518518518519 0.5921875 0.9027777777777778 0.5927083333333333 0.9037037037037037 0.5927083333333333 0.9046296296296297 0.5932291666666667 0.9055555555555556 0.5932291666666667 0.9064814814814814 0.59375 0.9074074074074074 0.59375 0.9083333333333333 0.5942708333333333 0.9092592592592592 0.5942708333333333 0.9101851851851852 0.5947916666666667 0.9111111111111111 0.5947916666666667 0.912962962962963 0.5958333333333333 0.9138888888888889 0.5958333333333333 0.9175925925925926 0.5979166666666667 0.9185185185185185 0.5979166666666667 0.9203703703703704 0.5989583333333334 0.9203703703703704 0.5994791666666667 0.924074074074074 0.6015625 0.925 0.6015625 0.9268518518518518 0.6026041666666667 0.9277777777777778 0.6026041666666667 0.9287037037037037 0.603125 0.937037037037037 0.603125 0.937962962962963 0.6026041666666667 0.9398148148148148 0.6026041666666667 0.9416666666666667 0.6015625 0.9425925925925925 0.6015625 0.9462962962962963 0.5994791666666667 0.9462962962962963 0.5989583333333334 0.9472222222222222 0.5984375 0.9472222222222222 0.5979166666666667 0.9481481481481482 0.5973958333333333 0.9481481481481482 0.596875 0.95 0.5958333333333333 0.95 0.5947916666666667 0.950925925925926 0.5942708333333333 0.950925925925926 0.5927083333333333 0.9518518518518518 0.5921875 0.9518518518518518 0.590625 0.9527777777777777 0.5901041666666667 0.9527777777777777 0.5864583333333333 0.9518518518518518 0.5859375 0.9518518518518518 0.5838541666666667 0.950925925925926 0.5833333333333334 0.950925925925926 0.5822916666666667 0.9453703703703704 0.5791666666666667 0.9444444444444444 0.5791666666666667 0.9425925925925925 0.578125 0.9407407407407408 0.578125 0.9398148148148148 0.5776041666666667 0.9351851851851852 0.5776041666666667 0.9342592592592592 0.578125 0.9333333333333333 0.578125 0.9314814814814815 0.5791666666666667 0.9296296296296296 0.5791666666666667 0.9287037037037037 0.5796875 0.9277777777777778 0.5796875 0.9268518518518518 0.5802083333333333 0.925 0.5802083333333333 0.924074074074074 0.5807291666666666 0.9212962962962963 0.5807291666666666 0.9203703703703704 0.5802083333333333 0.9148148148148149 0.5802083333333333 0.9138888888888889 0.5796875 0.9111111111111111 0.5796875 0.9101851851851852 0.5791666666666667 0.9074074074074074 0.5791666666666667 0.9064814814814814 0.5786458333333333 0.9055555555555556 0.5786458333333333 0.9027777777777778 0.5776041666666667 0.9 0.5776041666666667 0.899074074074074 0.5770833333333333 0.8981481481481481 0.5770833333333333 0.8972222222222223 0.5765625 0.8953703703703704 0.5765625 0.8944444444444445 0.5760416666666667 0.8907407407407407 0.5760416666666667 0.8898148148148148 0.5755208333333334 0.8870370370370371 0.5755208333333334 0.8861111111111111 0.575 0.8842592592592593 0.575 0.8833333333333333 0.5744791666666667 0.8814814814814815 0.5744791666666667 0.8805555555555555 0.5739583333333333 0.8787037037037037 0.5739583333333333 0.8777777777777778 0.5734375 0.875 0.5734375 0.8740740740740741 0.5729166666666666 0.8722222222222222 0.5729166666666666 0.8712962962962963 0.5723958333333333 0.8694444444444445 0.5723958333333333 0.8685185185185185 0.571875 0.8638888888888889 0.571875 0.8629629629629629 0.5713541666666667 0.8592592592592593 0.5713541666666667 0.8583333333333333 0.5708333333333333 0.8527777777777777 0.5708333333333333 0.8518518518518519 0.5713541666666667 0.85 0.5713541666666667 0.8490740740740741 0.571875 0.8481481481481481 0.571875 0.8481481481481481 0.5723958333333333 0.8472222222222222 0.5729166666666666 0.8472222222222222 0.5734375
4 0.5981481481481481 0.9057291666666667 0.5981481481481481 0.90625 0.5953703703703703 0.9078125 0.5953703703703703 0.9083333333333333 0.5944444444444444 0.9088541666666666 0.5944444444444444 0.909375 0.5925925925925926 0.9104166666666667 0.5925925925925926 0.9109375 0.5907407407407408 0.9125 0.5907407407407408 0.9140625 0.5898148148148148 0.9145833333333333 0.5898148148148148 0.9203125 0.5907407407407408 0.9208333333333333 0.5907407407407408 0.9223958333333333 0.5916666666666667 0.9229166666666667 0.5916666666666667 0.9234375 0.5935185185185186 0.9244791666666666 0.5935185185185186 0.925 0.5962962962962963 0.9265625 0.5981481481481481 0.9265625 0.600925925925926 0.9276041666666667 0.6027777777777777 0.9276041666666667 0.6037037037037037 0.928125 0.6055555555555555 0.928125 0.6064814814814815 0.9286458333333333 0.6074074074074074 0.9286458333333333 0.6092592592592593 0.9296875 0.6101851851851852 0.9296875 0.6111111111111112 0.9302083333333333 0.612037037037037 0.9302083333333333 0.6138888888888889 0.93125 0.6157407407407407 0.93125 0.6166666666666667 0.9317708333333333 0.6231481481481481 0.9317708333333333 0.6240740740740741 0.9322916666666666 0.6259259259259259 0.9322916666666666 0.6268518518518519 0.9328125 0.6277777777777778 0.9328125 0.6296296296296297 0.9338541666666667 0.6305555555555555 0.9338541666666667 0.6324074074074074 0.9348958333333334 0.6333333333333333 0.9348958333333334 0.6342592592592593 0.9354166666666667 0.6351851851851852 0.9354166666666667 0.6361111111111111 0.9359375 0.6370370370370371 0.9359375 0.637962962962963 0.9364583333333333 0.6388888888888888 0.9364583333333333 0.6416666666666667 0.9380208333333333 0.6416666666666667 0.9385416666666667 0.6425925925925926 0.9390625 0.6444444444444445 0.9390625 0.6453703703703704 0.9395833333333333 0.6462962962962963 0.9395833333333333 0.6472222222222223 0.9401041666666666 0.6481481481481481 0.9401041666666666 0.649074074074074 0.940625 0.65 0.940625 0.6509259259259259 0.9411458333333333 0.6518518518518519 0.9411458333333333 0.6527777777777778 0.9416666666666667 0.6537037037037037 0.9416666666666667 0.6574074074074074 0.94375 0.6583333333333333 0.94375 0.6592592592592592 0.9442708333333333 0.6601851851851852 0.9442708333333333 0.6611111111111111 0.9447916666666667 0.6620370370370371 0.9447916666666667 0.662962962962963 0.9453125 0.6638888888888889 0.9453125 0.6657407407407407 0.9463541666666667 0.6675925925925926 0.9463541666666667 0.6685185185185185 0.946875 0.675 0.946875 0.6759259259259259 0.9463541666666667 0.6777777777777778 0.9463541666666667 0.6824074074074075 0.94375 0.6824074074074075 0.9380208333333333 0.6814814814814815 0.9375 0.6814814814814815 0.9364583333333333 0.6805555555555556 0.9359375 0.6805555555555556 0.9354166666666667 0.6722222222222223 0.9307291666666667 0.6712962962962963 0.9307291666666667 0.6703703703703704 0.9302083333333333 0.6694444444444444 0.9302083333333333 0.6648148148148149 0.9276041666666667 0.6638888888888889 0.9276041666666667 0.6620370370370371 0.9265625 0.6611111111111111 0.9265625 0.6592592592592592 0.9255208333333333 0.6583333333333333 0.9255208333333333 0.6537037037037037 0.9229166666666667 0.6527777777777778 0.9229166666666667 0.6509259259259259 0.921875 0.65 0.921875 0.6472222222222223 0.9203125 0.6462962962962963 0.9203125 0.6435185185185185 0.91875 0.6425925925925926 0.91875 0.6361111111111111 0.9151041666666667 0.6361111111111111 0.9145833333333333 0.6342592592592593 0.9135416666666667 0.6342592592592593 0.9125 0.6333333333333333 0.9119791666666667 0.6333333333333333 0.9104166666666667 0.6324074074074074 0.9098958333333333 0.6324074074074074 0.9078125 0.6314814814814815 0.9072916666666667 0.6314814814814815 0.9067708333333333 0.6305555555555555 0.90625 0.6305555555555555 0.9057291666666667 0.6268518518518519 0.9036458333333334 0.6231481481481481 0.9036458333333334 0.6222222222222222 0.903125 0.6203703703703703 0.903125 0.6194444444444445 0.9026041666666667 0.6138888888888889 0.9026041666666667 0.6129629629629629 0.9020833333333333 0.6092592592592593 0.9020833333333333 0.6083333333333333 0.9026041666666667 0.6055555555555555 0.9026041666666667 0.6046296296296296 0.903125 0.6037037037037037 0.903125 0.6027777777777777 0.9036458333333334 0.6018518518518519 0.9036458333333334
1 0.7490740740740741 0.7369791666666666 0.7490740740740741 0.7375 0.7481481481481481 0.7380208333333333 0.7481481481481481 0.7390625 0.7472222222222222 0.7395833333333334 0.7472222222222222 0.7473958333333334 0.7481481481481481 0.7479166666666667 0.7481481481481481 0.7484375 0.75 0.7494791666666667 0.75 0.75 0.7509259259259259 0.7505208333333333 0.7509259259259259 0.7510416666666667 0.7518518518518519 0.7515625 0.7518518518518519 0.7520833333333333 0.7555555555555555 0.7541666666666667 0.7583333333333333 0.7541666666666667 0.7592592592592593 0.7546875 0.7601851851851852 0.7546875 0.7620370370370371 0.7557291666666667 0.762962962962963 0.7557291666666667 0.7638888888888888 0.75625 0.7759259259259259 0.75625 0.7768518518518519 0.7557291666666667 0.7814814814814814 0.7557291666666667 0.7824074074074074 0.75625 0.7861111111111111 0.75625 0.7870370370370371 0.7567708333333333 0.7935185185185185 0.7567708333333333 0.7944444444444444 0.7572916666666667 0.7981481481481482 0.7572916666666667 0.799074074074074 0.7578125 0.8009259259259259 0.7578125 0.8018518518518518 0.7583333333333333 0.8037037037037037 0.7583333333333333 0.8046296296296296 0.7578125 0.8074074074074075 0.7578125 0.8092592592592592 0.7567708333333333 0.8101851851851852 0.7567708333333333 0.8101851851851852 0.75625 0.8111111111111111 0.7557291666666667 0.8111111111111111 0.75 0.8101851851851852 0.7494791666666667 0.8101851851851852 0.7489583333333333 0.8083333333333333 0.7479166666666667 0.8074074074074075 0.7479166666666667 0.8064814814814815 0.7473958333333334 0.8055555555555556 0.7473958333333334 0.8046296296296296 0.746875 0.8037037037037037 0.746875 0.8027777777777778 0.7463541666666667 0.8009259259259259 0.7463541666666667 0.8 0.7458333333333333 0.7981481481481482 0.7458333333333333 0.7962962962962963 0.7447916666666666 0.7953703703703704 0.7447916666666666 0.7925925925925926 0.7432291666666667 0.7916666666666666 0.7432291666666667 0.7888888888888889 0.7416666666666667 0.7888888888888889 0.7411458333333333 0.787962962962963 0.740625 0.787962962962963 0.7401041666666667 0.7861111111111111 0.7390625 0.7861111111111111 0.7385416666666667 0.7805555555555556 0.7354166666666667 0.7796296296296297 0.7354166666666667 0.7787037037037037 0.7348958333333333 0.775 0.7348958333333333 0.774074074074074 0.734375 0.7712962962962963 0.734375 0.7703703703703704 0.7338541666666667 0.7648148148148148 0.7338541666666667 0.7638888888888888 0.7333333333333333 0.7601851851851852 0.7333333333333333 0.7592592592592593 0.7338541666666667 0.7555555555555555 0.7338541666666667 0.7546296296296297 0.734375 0.7537037037037037 0.734375 0.7518518518518519 0.7354166666666667 0.7509259259259259 0.7354166666666667 0.7509259259259259 0.7359375
4 0.6537037037037037 0.8802083333333334 0.6537037037037037 0.8807291666666667 0.6527777777777778 0.88125 0.6527777777777778 0.8833333333333333 0.6518518518518519 0.8838541666666667 0.6518518518518519 0.8848958333333333 0.6527777777777778 0.8854166666666666 0.6527777777777778 0.8869791666666667 0.6537037037037037 0.8875 0.6537037037037037 0.8890625 0.6546296296296297 0.8895833333333333 0.6546296296296297 0.8901041666666667 0.6555555555555556 0.890625 0.6564814814814814 0.8921875 0.6592592592592592 0.89375 0.6592592592592592 0.8942708333333333 0.6611111111111111 0.8953125 0.6611111111111111 0.8958333333333334 0.6648148148148149 0.8984375 0.6657407407407407 0.9 0.6685185185185185 0.9015625 0.6685185185185185 0.9020833333333333 0.6703703703703704 0.903125 0.6703703703703704 0.9036458333333334 0.6712962962962963 0.9041666666666667 0.6712962962962963 0.9046875 0.6722222222222223 0.9052083333333333 0.6722222222222223 0.9057291666666667 0.6731481481481482 0.90625 0.674074074074074 0.9078125 0.6759259259259259 0.9088541666666666 0.6759259259259259 0.909375 0.6787037037037037 0.9109375 0.6787037037037037 0.9114583333333334 0.6805555555555556 0.9125 0.6814814814814815 0.9140625 0.6833333333333333 0.9151041666666667 0.6842592592592592 0.9166666666666666 0.6861111111111111 0.9177083333333333 0.6861111111111111 0.91875 0.687037037037037 0.9192708333333334 0.687037037037037 0.9203125 0.687962962962963 0.9208333333333333 0.687962962962963 0.9223958333333333 0.6888888888888889 0.9229166666666667 0.6888888888888889 0.9265625 0.6898148148148148 0.9270833333333334 0.6898148148148148 0.928125 0.6907407407407408 0.9286458333333333 0.6907407407407408 0.9296875 0.6916666666666667 0.9302083333333333 0.6916666666666667 0.93125 0.6925925925925925 0.9317708333333333 0.6925925925925925 0.9322916666666666 0.6972222222222222 0.9348958333333334 0.6981481481481482 0.9348958333333334 0.6990740740740741 0.9354166666666667 0.7027777777777777 0.9354166666666667 0.7037037037037037 0.9359375 0.7074074074074074 0.9359375 0.7083333333333334 0.9364583333333333 0.7166666666666667 0.9364583333333333 0.7175925925925926 0.9359375 0.7194444444444444 0.9359375 0.7203703703703703 0.9354166666666667 0.7231481481481481 0.9348958333333334 0.7333333333333333 0.9291666666666667 0.7333333333333333 0.9286458333333333 0.7342592592592593 0.928125 0.7342592592592593 0.9208333333333333 0.7333333333333333 0.9203125 0.7333333333333333 0.9192708333333334 0.7324074074074074 0.91875 0.7324074074074074 0.9182291666666667 0.7296296296296296 0.9166666666666666 0.7296296296296296 0.9161458333333333 0.7287037037037037 0.915625 0.7277777777777777 0.915625 0.7268518518518519 0.9151041666666667 0.725925925925926 0.9151041666666667 0.7231481481481481 0.9140625 0.7166666666666667 0.9140625 0.7138888888888889 0.9125 0.7138888888888889 0.9119791666666667 0.7111111111111111 0.9104166666666667 0.7111111111111111 0.9098958333333333 0.7083333333333334 0.9083333333333333 0.7083333333333334 0.9078125 0.7074074074074074 0.9078125 0.7055555555555556 0.9067708333333333 0.7055555555555556 0.90625 0.7027777777777777 0.9046875 0.7027777777777777 0.9041666666666667 0.7 0.9026041666666667 0.7 0.9020833333333333 0.6981481481481482 0.9010416666666666 0.6972222222222222 0.8994791666666667 0.6935185185185185 0.8973958333333333 0.6935185185185185 0.896875 0.6907407407407408 0.8953125 0.6907407407407408 0.8947916666666667 0.6888888888888889 0.89375 0.6888888888888889 0.8932291666666666 0.687037037037037 0.8921875 0.687037037037037 0.8916666666666667 0.6851851851851852 0.890625 0.6851851851851852 0.8901041666666667 0.6833333333333333 0.8890625 0.6833333333333333 0.8885416666666667 0.6805555555555556 0.8869791666666667 0.6805555555555556 0.8864583333333333 0.6787037037037037 0.8854166666666666 0.6787037037037037 0.8848958333333333 0.6768518518518518 0.8838541666666667 0.6768518518518518 0.8833333333333333 0.6712962962962963 0.8802083333333334 0.6703703703703704 0.8802083333333334 0.6694444444444444 0.8796875 0.6666666666666666 0.8796875 0.6657407407407407 0.8791666666666667 0.6638888888888889 0.8791666666666667 0.662962962962963 0.8786458333333333 0.6601851851851852 0.8786458333333333 0.6592592592592592 0.8791666666666667 0.6574074074074074 0.8791666666666667 0.6564814814814814 0.8796875
6 0.9046296296296297 0.6791666666666667 0.9037037037037037 0.6796875 0.9018518518518519 0.6796875 0.9009259259259259 0.6802083333333333 0.899074074074074 0.6802083333333333 0.8981481481481481 0.6807291666666667 0.8972222222222223 0.6807291666666667 0.8962962962962963 0.68125 0.8953703703703704 0.68125 0.8944444444444445 0.6817708333333333 0.8935185185185185 0.6817708333333333 0.8916666666666667 0.6828125 0.8907407407407407 0.6828125 0.8888888888888888 0.6838541666666667 0.887962962962963 0.6838541666666667 0.8861111111111111 0.6848958333333334 0.8861111111111111 0.6854166666666667 0.8851851851851852 0.6859375 0.8851851851851852 0.6864583333333333 0.8833333333333333 0.6875 0.8833333333333333 0.6880208333333333 0.8814814814814815 0.6890625 0.8814814814814815 0.6895833333333333 0.8805555555555555 0.6901041666666666 0.8805555555555555 0.6916666666666667 0.8796296296296297 0.6921875 0.8796296296296297 0.6953125 0.8787037037037037 0.6958333333333333 0.8787037037037037 0.6973958333333333 0.8796296296296297 0.6979166666666666 0.8796296296296297 0.7 0.8805555555555555 0.7005208333333334 0.8805555555555555 0.7015625 0.8814814814814815 0.7020833333333333 0.8814814814814815 0.7026041666666667 0.8824074074074074 0.703125 0.8824074074074074 0.7041666666666667 0.8833333333333333 0.7046875 0.8833333333333333 0.7057291666666666 0.8842592592592593 0.70625 0.8842592592592593 0.7067708333333333 0.8851851851851852 0.7072916666666667 0.8851851851851852 0.7078125 0.8861111111111111 0.7083333333333334 0.8861111111111111 0.7088541666666667 0.8870370370370371 0.709375 0.8870370370370371 0.7098958333333333 0.8916666666666667 0.7125 0.8935185185185185 0.7125 0.8944444444444445 0.7130208333333333 0.8953703703703704 0.7130208333333333 0.8962962962962963 0.7135416666666666 0.9 0.7135416666666666 0.9009259259259259 0.7140625 0.9092592592592592 0.7140625 0.9101851851851852 0.7135416666666666 0.9120370370370371 0.7135416666666666 0.912962962962963 0.7130208333333333 0.9138888888888889 0.7130208333333333 0.9148148148148149 0.7125 0.9157407407407407 0.7125 0.9175925925925926 0.7114583333333333 0.9185185185185185 0.7114583333333333 0.925 0.7078125 0.925 0.7072916666666667 0.9277777777777778 0.7057291666666666 0.9277777777777778 0.7052083333333333 0.9287037037037037 0.7046875 0.9287037037037037 0.7036458333333333 0.9296296296296296 0.703125 0.9296296296296296 0.7026041666666667 0.9305555555555556 0.7020833333333333 0.9305555555555556 0.7015625 0.9314814814814815 0.7010416666666667 0.9314814814814815 0.6994791666666667 0.9324074074074075 0.6989583333333333 0.9324074074074075 0.6953125 0.9333333333333333 0.6947916666666667 0.9333333333333333 0.6911458333333333 0.9324074074074075 0.690625 0.9324074074074075 0.6885416666666667 0.9314814814814815 0.6880208333333333 0.9314814814814815 0.6875 0.9305555555555556 0.6869791666666667 0.9305555555555556 0.6864583333333333 0.9287037037037037 0.6854166666666667 0.9287037037037037 0.6848958333333334 0.9268518518518518 0.6838541666666667 0.9259259259259259 0.6838541666666667 0.9212962962962963 0.68125 0.9203703703703704 0.68125 0.9194444444444444 0.6807291666666667 0.9185185185185185 0.6807291666666667 0.9175925925925926 0.6802083333333333 0.9166666666666666 0.6802083333333333 0.9157407407407407 0.6796875 0.912962962962963 0.6796875 0.9120370370370371 0.6791666666666667
6 0.8685185185185185 0.6958333333333333 0.8601851851851852 0.6958333333333333 0.8592592592592593 0.6963541666666667 0.8564814814814815 0.6963541666666667 0.8555555555555555 0.696875 0.8527777777777777 0.696875 0.8518518518518519 0.6973958333333333 0.85 0.6973958333333333 0.8490740740740741 0.6979166666666666 0.8481481481481481 0.6979166666666666 0.8472222222222222 0.6984375 0.8462962962962963 0.6984375 0.8453703703703703 0.6989583333333333 0.8444444444444444 0.6989583333333333 0.8425925925925926 0.7 0.8416666666666667 0.7 0.8379629629629629 0.7020833333333333 0.8379629629629629 0.7026041666666667 0.8351851851851851 0.7041666666666667 0.8351851851851851 0.7046875 0.8342592592592593 0.7052083333333333 0.8342592592592593 0.7057291666666666 0.8333333333333334 0.70625 0.8333333333333334 0.7072916666666667 0.8324074074074074 0.7078125 0.8324074074074074 0.709375 0.8314814814814815 0.7098958333333333 0.8314814814814815 0.7182291666666667 0.8324074074074074 0.71875 0.8324074074074074 0.7203125 0.8333333333333334 0.7208333333333333 0.8333333333333334 0.721875 0.8351851851851851 0.7229166666666667 0.8351851851851851 0.7234375 0.8361111111111111 0.7239583333333334 0.8361111111111111 0.7244791666666667 0.837037037037037 0.725 0.837037037037037 0.7255208333333333 0.8416666666666667 0.728125 0.8425925925925926 0.728125 0.8435185185185186 0.7286458333333333 0.8444444444444444 0.7286458333333333 0.8453703703703703 0.7291666666666666 0.8462962962962963 0.7291666666666666 0.8472222222222222 0.7296875 0.8481481481481481 0.7296875 0.8490740740740741 0.7302083333333333 0.85 0.7302083333333333 0.850925925925926 0.7307291666666667 0.8546296296296296 0.7307291666666667 0.8555555555555555 0.73125 0.8583333333333333 0.73125 0.8592592592592593 0.7307291666666667 0.8638888888888889 0.7307291666666667 0.8648148148148148 0.7302083333333333 0.8657407407407407 0.7302083333333333 0.8666666666666667 0.7296875 0.8675925925925926 0.7296875 0.8694444444444445 0.7286458333333333 0.8703703703703703 0.7286458333333333 0.8712962962962963 0.728125 0.8722222222222222 0.728125 0.8796296296296297 0.7239583333333334 0.8796296296296297 0.7234375 0.8814814814814815 0.7223958333333333 0.8814814814814815 0.721875 0.8824074074074074 0.7213541666666666 0.8824074074074074 0.7208333333333333 0.8833333333333333 0.7203125 0.8833333333333333 0.7192708333333333 0.8842592592592593 0.71875 0.8842592592592593 0.7171875 0.8851851851851852 0.7166666666666667 0.8851851851851852 0.7140625 0.8861111111111111 0.7135416666666666 0.8861111111111111 0.7083333333333334 0.8851851851851852 0.7078125 0.8851851851851852 0.7072916666666667 0.8842592592592593 0.7067708333333333 0.8842592592592593 0.7057291666666666 0.8833333333333333 0.7052083333333333 0.8833333333333333 0.7041666666666667 0.8824074074074074 0.7036458333333333 0.8824074074074074 0.7026041666666667 0.8805555555555555 0.7015625 0.8805555555555555 0.7010416666666667 0.8787037037037037 0.7 0.8787037037037037 0.6994791666666667 0.875 0.6973958333333333 0.8731481481481481 0.6973958333333333 0.8722222222222222 0.696875 0.8712962962962963 0.696875 0.8703703703703703 0.6963541666666667 0.8694444444444445 0.6963541666666667
5 0.7592592592592593 0.8744791666666667 0.7537037037037037 0.8765625 0.7537037037037037 0.8770833333333333 0.7527777777777778 0.8776041666666666 0.7527777777777778 0.8786458333333333 0.7518518518518519 0.8791666666666667 0.7518518518518519 0.88125 0.7509259259259259 0.8817708333333333 0.7509259259259259 0.8885416666666667 0.7518518518518519 0.8890625 0.7518518518518519 0.896875 0.7527777777777778 0.8973958333333333 0.7527777777777778 0.9020833333333333 0.7537037037037037 0.9026041666666667 0.7537037037037037 0.9052083333333333 0.7527777777777778 0.9057291666666667 0.7527777777777778 0.9078125 0.7518518518518519 0.9083333333333333 0.7518518518518519 0.9088541666666666 0.75 0.9104166666666667 0.75 0.9114583333333334 0.7490740740740741 0.9119791666666667 0.7490740740740741 0.9140625 0.7481481481481481 0.9145833333333333 0.7481481481481481 0.9197916666666667 0.7490740740740741 0.9203125 0.7490740740740741 0.9223958333333333 0.75 0.9229166666666667 0.75 0.9239583333333333 0.7527777777777778 0.9255208333333333 0.7537037037037037 0.9255208333333333 0.7564814814814815 0.9265625 0.7592592592592593 0.9265625 0.7601851851851852 0.9270833333333334 0.7657407407407407 0.9270833333333334 0.7666666666666667 0.9276041666666667 0.7842592592592592 0.9276041666666667 0.7851851851851852 0.9270833333333334 0.7925925925925926 0.9270833333333334 0.7935185185185185 0.9265625 0.7944444444444444 0.9265625 0.7953703703703704 0.9260416666666667 0.7962962962962963 0.9260416666666667 0.799074074074074 0.925 0.799074074074074 0.9244791666666666 0.8009259259259259 0.9234375 0.8009259259259259 0.9203125 0.8018518518518518 0.9197916666666667 0.8018518518518518 0.9192708333333334 0.8009259259259259 0.91875 0.8009259259259259 0.9151041666666667 0.8 0.9145833333333333 0.8 0.9130208333333333 0.799074074074074 0.9125 0.799074074074074 0.9114583333333334 0.7944444444444444 0.9088541666666666 0.7944444444444444 0.9083333333333333 0.7935185185185185 0.9083333333333333 0.7925925925925926 0.9078125 0.7925925925925926 0.9072916666666667 0.7907407407407407 0.90625 0.7907407407407407 0.9057291666666667 0.7888888888888889 0.9041666666666667 0.7888888888888889 0.9005208333333333 0.787962962962963 0.9 0.787962962962963 0.896875 0.7870370370370371 0.8963541666666667 0.7870370370370371 0.8895833333333333 0.7861111111111111 0.8890625 0.7861111111111111 0.8848958333333333 0.7851851851851852 0.884375 0.7851851851851852 0.8817708333333333 0.7842592592592592 0.88125 0.7842592592592592 0.8796875 0.7833333333333333 0.8791666666666667 0.7833333333333333 0.8776041666666666 0.7824074074074074 0.8770833333333333 0.7824074074074074 0.8765625 0.7805555555555556 0.8755208333333333 0.7796296296296297 0.8755208333333333 0.7787037037037037 0.875 0.7777777777777778 0.875 0.775 0.8739583333333333 0.7722222222222223 0.8739583333333333 0.7712962962962963 0.8734375 0.7657407407407407 0.8734375 0.7648148148148148 0.8739583333333333 0.7620370370370371 0.8739583333333333 0.7611111111111111 0.8744791666666667
3 0.9990740740740741 0.6421875 0.9972222222222222 0.6421875 0.9972222222222222 0.6432291666666666 0.9962962962962963 0.64375 0.9824074074074074 0.64375 0.9814814814814815 0.6432291666666666 0.9787037037037037 0.6432291666666666 0.9777777777777777 0.6427083333333333 0.975 0.6427083333333333 0.9740740740740741 0.6421875 0.9694444444444444 0.6421875 0.9685185185185186 0.6416666666666667 0.9629629629629629 0.6416666666666667 0.962037037037037 0.6411458333333333 0.9592592592592593 0.6411458333333333 0.9583333333333334 0.640625 0.9546296296296296 0.640625 0.9537037037037037 0.6401041666666667 0.9453703703703704 0.6401041666666667 0.9444444444444444 0.640625 0.9425925925925925 0.640625 0.9416666666666667 0.6411458333333333 0.9407407407407408 0.6411458333333333 0.937962962962963 0.6427083333333333 0.937962962962963 0.6432291666666666 0.937037037037037 0.64375 0.937037037037037 0.6447916666666667 0.9361111111111111 0.6453125 0.9361111111111111 0.6473958333333333 0.9351851851851852 0.6479166666666667 0.9351851851851852 0.6666666666666666 0.9342592592592592 0.6671875 0.9342592592592592 0.6708333333333333 0.9333333333333333 0.6713541666666667 0.9333333333333333 0.6734375 0.9324074074074075 0.6739583333333333 0.9324074074074075 0.6765625 0.9314814814814815 0.6770833333333334 0.9314814814814815 0.6802083333333333 0.9305555555555556 0.6807291666666667 0.9305555555555556 0.68125 0.9314814814814815 0.6817708333333333 0.9314814814814815 0.6838541666666667 0.9324074074074075 0.684375 0.9324074074074075 0.6854166666666667 0.9342592592592592 0.6864583333333333 0.9342592592592592 0.6869791666666667 0.9351851851851852 0.6875 0.9361111111111111 0.6875 0.937962962962963 0.6885416666666667 0.9388888888888889 0.6885416666666667 0.9416666666666667 0.6895833333333333 0.9444444444444444 0.6895833333333333 0.9453703703703704 0.6901041666666666 0.9490740740740741 0.6901041666666666 0.95 0.690625 0.9601851851851851 0.690625 0.9611111111111111 0.6901041666666666 0.9638888888888889 0.6895833333333333 0.9657407407407408 0.6885416666666667 0.9657407407407408 0.6880208333333333 0.9666666666666667 0.6875 0.9666666666666667 0.6869791666666667 0.9675925925925926 0.6864583333333333 0.9675925925925926 0.6859375 0.9694444444444444 0.684375 0.9694444444444444 0.6833333333333333 0.9703703703703703 0.6828125 0.9703703703703703 0.6817708333333333 0.9712962962962963 0.68125 0.9712962962962963 0.6796875 0.9722222222222222 0.6791666666666667 0.9722222222222222 0.678125 0.9731481481481481 0.6776041666666667 0.9731481481481481 0.6765625 0.9740740740740741 0.6760416666666667 0.9740740740740741 0.675 0.975 0.6744791666666666 0.975 0.6729166666666667 0.975925925925926 0.6723958333333333 0.975925925925926 0.6713541666666667 0.9777777777777777 0.6697916666666667 0.9777777777777777 0.6682291666666667 0.9787037037037037 0.6677083333333333 0.9787037037037037 0.6666666666666666 0.9796296296296296 0.6661458333333333 0.9796296296296296 0.6651041666666667 0.9805555555555555 0.6645833333333333 0.9805555555555555 0.6640625 0.9833333333333333 0.6630208333333333 0.9888888888888889 0.6630208333333333 0.9898148148148148 0.6625 0.9935185185185185 0.6625 0.9944444444444445 0.6619791666666667 0.9944444444444445 0.6614583333333334 0.9953703703703703 0.6609375 0.9962962962962963 0.659375 0.9981481481481481 0.6583333333333333 0.9990740740740741 0.6583333333333333 0.9990740740740741 0.646875 0.9972222222222222 0.646875 0.9962962962962963 0.6463541666666667 0.9962962962962963 0.64375 0.9972222222222222 0.6432291666666666 0.9990740740740741 0.6432291666666666
4 0.9851851851851852 0.7432291666666667 0.9833333333333333 0.7432291666666667 0.9824074074074074 0.7427083333333333 0.9777777777777777 0.7427083333333333 0.9768518518518519 0.7432291666666667 0.9740740740740741 0.7432291666666667 0.9731481481481481 0.74375 0.9722222222222222 0.74375 0.9712962962962963 0.7442708333333333 0.9703703703703703 0.7442708333333333 0.9648148148148148 0.7473958333333334 0.9648148148148148 0.7479166666666667 0.9629629629629629 0.7489583333333333 0.9629629629629629 0.7494791666666667 0.9611111111111111 0.7505208333333333 0.9611111111111111 0.7510416666666667 0.9592592592592593 0.7520833333333333 0.9592592592592593 0.7526041666666666 0.9564814814814815 0.7541666666666667 0.9564814814814815 0.7546875 0.9537037037037037 0.75625 0.9537037037037037 0.7567708333333333 0.9490740740740741 0.759375 0.9490740740740741 0.7598958333333333 0.9462962962962963 0.7614583333333333 0.9462962962962963 0.7619791666666667 0.9425925925925925 0.7640625 0.9425925925925925 0.7645833333333333 0.9351851851851852 0.76875 0.9342592592592592 0.76875 0.9314814814814815 0.7703125 0.9305555555555556 0.7703125 0.9296296296296296 0.7708333333333334 0.9287037037037037 0.7708333333333334 0.9277777777777778 0.7713541666666667 0.9268518518518518 0.7713541666666667 0.925 0.7723958333333333 0.924074074074074 0.7723958333333333 0.9212962962962963 0.7739583333333333 0.9203703703703704 0.7739583333333333 0.9185185185185185 0.775 0.9175925925925926 0.775 0.9157407407407407 0.7760416666666666 0.9148148148148149 0.7760416666666666 0.912962962962963 0.7770833333333333 0.9120370370370371 0.7770833333333333 0.9092592592592592 0.7786458333333334 0.9092592592592592 0.7838541666666666 0.9111111111111111 0.7848958333333333 0.9111111111111111 0.7854166666666667 0.9120370370370371 0.7859375 0.9120370370370371 0.7864583333333334 0.9148148148148149 0.7880208333333333 0.9157407407407407 0.7880208333333333 0.9194444444444444 0.7901041666666667 0.9203703703703704 0.7901041666666667 0.924074074074074 0.7921875 0.925 0.7921875 0.9259259259259259 0.7927083333333333 0.9268518518518518 0.7927083333333333 0.9277777777777778 0.7932291666666667 0.9287037037037037 0.7932291666666667 0.9305555555555556 0.7942708333333334 0.9314814814814815 0.7942708333333334 0.9342592592592592 0.7953125 0.9361111111111111 0.7953125 0.937037037037037 0.7958333333333333 0.937962962962963 0.7958333333333333 0.9407407407407408 0.796875 0.9444444444444444 0.796875 0.9453703703703704 0.7963541666666667 0.9462962962962963 0.7963541666666667 0.95 0.7942708333333334 0.95 0.79375 0.950925925925926 0.7932291666666667 0.950925925925926 0.7921875 0.9518518518518518 0.7916666666666666 0.9518518518518518 0.7833333333333333 0.9546296296296296 0.7817708333333333 0.9546296296296296 0.78125 0.9555555555555556 0.7807291666666667 0.9555555555555556 0.7802083333333333 0.9574074074074074 0.7791666666666667 0.9574074074074074 0.7786458333333334 0.9592592592592593 0.7776041666666667 0.9592592592592593 0.7770833333333333 0.9611111111111111 0.7760416666666666 0.9611111111111111 0.7755208333333333 0.9629629629629629 0.7744791666666667 0.9629629629629629 0.7739583333333333 0.9675925925925926 0.7713541666666667 0.9675925925925926 0.7708333333333334 0.9703703703703703 0.7692708333333333 0.9703703703703703 0.76875 0.9722222222222222 0.7677083333333333 0.9722222222222222 0.7671875 0.9740740740740741 0.7661458333333333 0.9740740740740741 0.765625 0.9768518518518519 0.7640625 0.9768518518518519 0.7635416666666667 0.9796296296296296 0.7619791666666667 0.9796296296296296 0.7614583333333333 0.9824074074074074 0.7598958333333333 0.9824074074074074 0.759375 0.9842592592592593 0.7583333333333333 0.9842592592592593 0.7578125 0.9879629629629629 0.7557291666666667 0.9879629629629629 0.7552083333333334 0.9888888888888889 0.7546875 0.9888888888888889 0.7541666666666667 0.9898148148148148 0.7536458333333333 0.9898148148148148 0.753125 0.9916666666666667 0.7515625 0.9916666666666667 0.7489583333333333 0.9907407407407407 0.7484375 0.9907407407407407 0.746875 0.9898148148148148 0.7463541666666667 0.9898148148148148 0.7458333333333333 0.987037037037037 0.7442708333333333 0.987037037037037 0.74375 0.9861111111111112 0.74375
4 0.9416666666666667 0.8145833333333333 0.9333333333333333 0.8145833333333333 0.9324074074074075 0.8151041666666666 0.9314814814814815 0.8151041666666666 0.9296296296296296 0.8161458333333333 0.9287037037037037 0.8161458333333333 0.9268518518518518 0.8177083333333334 0.9268518518518518 0.8203125 0.9259259259259259 0.8208333333333333 0.9259259259259259 0.8234375 0.9268518518518518 0.8239583333333333 0.9268518518518518 0.828125 0.9277777777777778 0.8286458333333333 0.9277777777777778 0.8354166666666667 0.9268518518518518 0.8359375 0.9268518518518518 0.8380208333333333 0.9259259259259259 0.8385416666666666 0.9259259259259259 0.8401041666666667 0.925 0.840625 0.925 0.8416666666666667 0.9231481481481482 0.8427083333333333 0.9231481481481482 0.8432291666666667 0.9212962962962963 0.8442708333333333 0.9212962962962963 0.8447916666666667 0.9203703703703704 0.8453125 0.9203703703703704 0.8463541666666666 0.9194444444444444 0.846875 0.9194444444444444 0.8479166666666667 0.9185185185185185 0.8484375 0.9185185185185185 0.8494791666666667 0.9175925925925926 0.85 0.9175925925925926 0.8510416666666667 0.9166666666666666 0.8515625 0.9166666666666666 0.8526041666666667 0.9157407407407407 0.853125 0.9157407407407407 0.8541666666666666 0.9148148148148149 0.8546875 0.9148148148148149 0.8557291666666667 0.9138888888888889 0.85625 0.9138888888888889 0.8578125 0.912962962962963 0.8583333333333333 0.912962962962963 0.8598958333333333 0.9120370370370371 0.8604166666666667 0.9120370370370371 0.8614583333333333 0.9111111111111111 0.8619791666666666 0.9111111111111111 0.8635416666666667 0.9101851851851852 0.8640625 0.9101851851851852 0.8671875 0.9092592592592592 0.8677083333333333 0.9092592592592592 0.8692708333333333 0.9101851851851852 0.8697916666666666 0.9101851851851852 0.8713541666666667 0.9111111111111111 0.871875 0.9111111111111111 0.8729166666666667 0.9120370370370371 0.8729166666666667 0.9148148148148149 0.8739583333333333 0.9166666666666666 0.8739583333333333 0.9175925925925926 0.8744791666666667 0.9212962962962963 0.8744791666666667 0.9222222222222223 0.875 0.9231481481481482 0.875 0.924074074074074 0.8744791666666667 0.925 0.8744791666666667 0.9259259259259259 0.8739583333333333 0.9268518518518518 0.8739583333333333 0.9277777777777778 0.8734375 0.9287037037037037 0.8734375 0.9314814814814815 0.871875 0.9314814814814815 0.8713541666666667 0.9324074074074075 0.8708333333333333 0.9324074074074075 0.8703125 0.9333333333333333 0.8697916666666666 0.9333333333333333 0.8692708333333333 0.9342592592592592 0.86875 0.9342592592592592 0.8682291666666667 0.9361111111111111 0.8666666666666667 0.9361111111111111 0.865625 0.937037037037037 0.8651041666666667 0.937037037037037 0.8640625 0.9388888888888889 0.8625 0.9388888888888889 0.8614583333333333 0.9398148148148148 0.8609375 0.9398148148148148 0.8598958333333333 0.9407407407407408 0.859375 0.9407407407407408 0.8583333333333333 0.9416666666666667 0.8578125 0.9416666666666667 0.8567708333333334 0.9425925925925925 0.85625 0.9425925925925925 0.8552083333333333 0.9435185185185185 0.8546875 0.9435185185185185 0.8536458333333333 0.9444444444444444 0.853125 0.9444444444444444 0.8526041666666667 0.9462962962962963 0.8510416666666667 0.9462962962962963 0.85 0.9472222222222222 0.8494791666666667 0.9472222222222222 0.8484375 0.9481481481481482 0.8479166666666667 0.9481481481481482 0.846875 0.9490740740740741 0.8463541666666666 0.9490740740740741 0.8453125 0.950925925925926 0.84375 0.950925925925926 0.8427083333333333 0.9527777777777777 0.8411458333333334 0.9527777777777777 0.8395833333333333 0.9537037037037037 0.8390625 0.9537037037037037 0.8380208333333333 0.9546296296296296 0.8375 0.9546296296296296 0.8364583333333333 0.9555555555555556 0.8359375 0.9555555555555556 0.8354166666666667 0.9583333333333334 0.8338541666666667 0.9601851851851851 0.8338541666666667 0.9611111111111111 0.8333333333333334 0.9629629629629629 0.8333333333333334 0.9638888888888889 0.8328125 0.9657407407407408 0.8328125 0.9666666666666667 0.8322916666666667 0.9675925925925926 0.8322916666666667 0.9703703703703703 0.8307291666666666 0.9703703703703703 0.8265625 0.9712962962962963 0.8260416666666667 0.9703703703703703 0.8255208333333334 0.9703703703703703 0.8244791666666667 0.9694444444444444 0.8239583333333333 0.9694444444444444 0.8234375 0.962037037037037 0.8192708333333333 0.9611111111111111 0.8192708333333333 0.9601851851851851 0.81875 0.9592592592592593 0.81875 0.9583333333333334 0.8182291666666667 0.9574074074074074 0.8182291666666667 0.9564814814814815 0.8177083333333334 0.9555555555555556 0.8177083333333334 0.9546296296296296 0.8171875 0.9537037037037037 0.8171875 0.9518518518518518 0.8161458333333333 0.950925925925926 0.8161458333333333 0.95 0.815625 0.9462962962962963 0.815625 0.9453703703703704 0.8151041666666666 0.9425925925925925 0.8151041666666666
3 0.6712962962962963 0.0 0.6712962962962963 0.0015625 0.6675925925925926 0.004166666666666667 0.6666666666666666 0.005729166666666666 0.6648148148148149 0.0067708333333333336 0.6648148148148149 0.007291666666666667 0.662962962962963 0.008854166666666666 0.662962962962963 0.013541666666666667 0.6638888888888889 0.0140625 0.6638888888888889 0.015104166666666667 0.6648148148148149 0.015625 0.6657407407407407 0.0171875 0.6675925925925926 0.018229166666666668 0.6675925925925926 0.01875 0.6703703703703704 0.0203125 0.6712962962962963 0.0203125 0.6759259259259259 0.022395833333333334 0.6768518518518518 0.022395833333333334 0.6777777777777778 0.022916666666666665 0.6787037037037037 0.022916666666666665 0.6805555555555556 0.023958333333333335 0.6814814814814815 0.023958333333333335 0.6888888888888889 0.028125 0.6888888888888889 0.028645833333333332 0.6907407407407408 0.0296875 0.6916666666666667 0.0296875 0.6944444444444444 0.03125 0.6944444444444444 0.03177083333333333 0.6981481481481482 0.034375 0.6981481481481482 0.035416666666666666 0.6990740740740741 0.0359375 0.6990740740740741 0.036458333333333336 0.700925925925926 0.03802083333333333 0.700925925925926 0.0390625 0.7018518518518518 0.03958333333333333 0.7018518518518518 0.04010416666666667 0.7027777777777777 0.040625 0.7027777777777777 0.04114583333333333 0.7037037037037037 0.041666666666666664 0.7037037037037037 0.0421875 0.7046296296296296 0.042708333333333334 0.7055555555555556 0.044270833333333336 0.7129629629629629 0.0484375 0.7138888888888889 0.0484375 0.7166666666666667 0.049479166666666664 0.7203703703703703 0.049479166666666664 0.7212962962962963 0.04895833333333333 0.7231481481481481 0.04895833333333333 0.7277777777777777 0.04635416666666667 0.7287037037037037 0.04635416666666667 0.7324074074074074 0.044270833333333336 0.7324074074074074 0.04375 0.7351851851851852 0.0421875 0.7351851851851852 0.041666666666666664 0.737037037037037 0.040625 0.737037037037037 0.04010416666666667 0.7407407407407407 0.03802083333333333 0.7407407407407407 0.0375 0.7425925925925926 0.036458333333333336 0.7425925925925926 0.0359375 0.7453703703703703 0.034375 0.7453703703703703 0.033854166666666664 0.7472222222222222 0.0328125 0.7472222222222222 0.03229166666666667 0.75 0.030729166666666665 0.75 0.030208333333333334 0.7518518518518519 0.029166666666666667 0.7518518518518519 0.028645833333333332 0.7527777777777778 0.028125 0.7537037037037037 0.0265625 0.7555555555555555 0.025520833333333333 0.7555555555555555 0.024479166666666666 0.7564814814814815 0.023958333333333335 0.7564814814814815 0.021875 0.7574074074074074 0.021354166666666667 0.7564814814814815 0.020833333333333332 0.7564814814814815 0.019791666666666666 0.7555555555555555 0.019270833333333334 0.7555555555555555 0.018229166666666668 0.7546296296296297 0.017708333333333333 0.7546296296296297 0.0171875 0.7518518518518519 0.015625 0.7518518518518519 0.015104166666666667 0.7509259259259259 0.014583333333333334 0.75 0.014583333333333334 0.7481481481481481 0.013541666666666667 0.7462962962962963 0.013541666666666667 0.7453703703703703 0.013020833333333334 0.7379629629629629 0.013020833333333334 0.737037037037037 0.013541666666666667 0.7361111111111112 0.013541666666666667 0.7351851851851852 0.0140625 0.7342592592592593 0.0140625 0.7314814814814815 0.015104166666666667 0.7277777777777777 0.015104166666666667 0.7268518518518519 0.014583333333333334 0.7240740740740741 0.0140625 0.7212962962962963 0.0125 0.7203703703703703 0.0125 0.7138888888888889 0.008854166666666666 0.7129629629629629 0.008854166666666666 0.7092592592592593 0.0067708333333333336 0.7083333333333334 0.0067708333333333336 0.7037037037037037 0.004166666666666667 0.7027777777777777 0.004166666666666667 0.7 0.0026041666666666665 0.6981481481481482 0.0026041666666666665 0.6972222222222222 0.0020833333333333333 0.6962962962962963 0.0020833333333333333 0.6953703703703704 0.0015625 0.6953703703703704 0.0