1 0.0 0.5197916666666667 0.0 0.5377604166666666 0.0023148148148148147 0.5377604166666666 0.002777777777777778 0.5380208333333333 0.0032407407407407406 0.5380208333333333 0.003703703703703704 0.53828125 0.004629629629629629 0.53828125 0.005092592592592593 0.5385416666666667 0.005555555555555556 0.5385416666666667 0.006481481481481481 0.5390625 0.006944444444444444 0.5390625 0.009259259259259259 0.5403645833333334 0.009722222222222222 0.5403645833333334 0.010185185185185186 0.540625 0.010648148148148148 0.540625 0.011111111111111112 0.5408854166666667 0.0125 0.5408854166666667 0.012962962962962963 0.5411458333333333 0.016666666666666666 0.5411458333333333 0.01712962962962963 0.54140625 0.017592592592592594 0.5411458333333333 0.019444444444444445 0.5411458333333333 0.01990740740740741 0.5408854166666667 0.021296296296296296 0.5408854166666667 0.022685185185185187 0.5401041666666667 0.023148148148148147 0.5401041666666667 0.024074074074074074 0.5395833333333333 0.024537037037037038 0.5395833333333333 0.027777777777777776 0.5377604166666666 0.027777777777777776 0.5375 0.029166666666666667 0.53671875 0.029166666666666667 0.5364583333333334 0.03009259259259259 0.5359375 0.03009259259259259 0.5356770833333333 0.031018518518518518 0.53515625 0.031018518518518518 0.5348958333333333 0.03194444444444444 0.534375 0.03194444444444444 0.5341145833333333 0.032407407407407406 0.5338541666666666 0.032407407407407406 0.53359375 0.03287037037037037 0.5333333333333333 0.03287037037037037 0.5325520833333334 0.03333333333333333 0.5322916666666667 0.03333333333333333 0.5309895833333333 0.033796296296296297 0.5307291666666667 0.033796296296296297 0.5286458333333334 0.03333333333333333 0.5283854166666667 0.03333333333333333 0.5278645833333333 0.03287037037037037 0.5276041666666667 0.03287037037037037 0.52734375 0.03194444444444444 0.5268229166666667 0.03148148148148148 0.5268229166666667 0.02962962962962963 0.52578125 0.029166666666666667 0.52578125 0.02824074074074074 0.5252604166666667 0.027777777777777776 0.5252604166666667 0.027314814814814816 0.525 0.026851851851851852 0.525 0.02638888888888889 0.5247395833333334 0.025925925925925925 0.5247395833333334 0.02546296296296296 0.5244791666666667 0.025 0.5244791666666667 0.024537037037037038 0.52421875 0.024074074074074074 0.52421875 0.023148148148148147 0.5236979166666667 0.022685185185185187 0.5236979166666667 0.01990740740740741 0.5221354166666666 0.01990740740740741 0.521875 0.019444444444444445 0.5216145833333333 0.019444444444444445 0.5213541666666667 0.01712962962962963 0.5200520833333333 0.016666666666666666 0.5200520833333333 0.01574074074074074 0.51953125 0.015277777777777777 0.51953125 0.014814814814814815 0.5192708333333333 0.014351851851851852 0.5192708333333333 0.013425925925925926 0.51875 0.010185185185185186 0.51875 0.009722222222222222 0.5184895833333333 0.009259259259259259 0.51875 0.006944444444444444 0.51875 0.006481481481481481 0.5190104166666667 0.004629629629629629 0.5190104166666667 0.004166666666666667 0.5192708333333333 0.0032407407407407406 0.5192708333333333 0.002777777777777778 0.51953125 0.001851851851851852 0.51953125 0.001388888888888889 0.5197916666666667
2 0.13564814814814816 0.3455729166666667 0.13333333333333333 0.3416666666666667 0.13055555555555556 0.34010416666666665 0.12777777777777777 0.33958333333333335 0.11944444444444445 0.33958333333333335 0.11898148148148148 0.33984375 0.1111111111111111 0.34010416666666665 0.11064814814814815 0.34036458333333336 0.10787037037037037 0.34036458333333336 0.10740740740740741 0.340625 0.1 0.340625 0.09953703703703703 0.34088541666666666 0.09398148148148149 0.34088541666666666 0.09351851851851851 0.3411458333333333 0.08564814814814815 0.3411458333333333 0.08518518518518518 0.34140625 0.07268518518518519 0.3416666666666667 0.07222222222222222 0.3419270833333333 0.06296296296296296 0.3424479166666667 0.0625 0.34270833333333334 0.06018518518518518 0.34270833333333334 0.059722222222222225 0.34296875 0.05740740740740741 0.34296875 0.05694444444444444 0.34322916666666664 0.05 0.34322916666666664 0.04953703703703704 0.34348958333333335 0.04351851851851852 0.34375 0.040740740740740744 0.34427083333333336 0.03611111111111111 0.34427083333333336 0.03564814814814815 0.34453125 0.03333333333333333 0.34453125 0.03287037037037037 0.34479166666666666 0.01898148148148148 0.3450520833333333 0.018518518518518517 0.3453125 0.011111111111111112 0.3453125 0.010648148148148148 0.3455729166666667 0.0032407407407407406 0.3455729166666667 0.002777777777777778 0.3458333333333333 0.0 0.3458333333333333 0.0 0.3578125 0.006481481481481481 0.3578125 0.006944444444444444 0.3575520833333333 0.011111111111111112 0.3575520833333333 0.011574074074074073 0.3572916666666667 0.01574074074074074 0.3572916666666667 0.016203703703703703 0.35703125 0.02361111111111111 0.35703125 0.024074074074074074 0.3567708333333333 0.027314814814814816 0.3567708333333333 0.027777777777777776 0.35651041666666666 0.040740740740740744 0.35651041666666666 0.0412037037037037 0.35625 0.04537037037037037 0.35625 0.04583333333333333 0.35598958333333336 0.05648148148148148 0.35598958333333336 0.05694444444444444 0.35572916666666665 0.059722222222222225 0.35572916666666665 0.06018518518518518 0.35546875 0.07314814814814814 0.35546875 0.07361111111111111 0.35520833333333335 0.07777777777777778 0.35520833333333335 0.07824074074074074 0.35494791666666664 0.08935185185185185 0.35494791666666664 0.08981481481481482 0.3546875 0.09398148148148149 0.3546875 0.09444444444444444 0.35442708333333334 0.10277777777777777 0.35442708333333334 0.10324074074074074 0.3541666666666667 0.10648148148148148 0.3541666666666667 0.10694444444444444 0.35390625 0.10925925925925926 0.35390625 0.10972222222222222 0.3536458333333333 0.11203703703703703 0.3536458333333333 0.1125 0.3533854166666667 0.11851851851851852 0.3533854166666667 0.12129629629629629 0.3528645833333333 0.12638888888888888 0.35260416666666666 0.12824074074074074 0.35208333333333336 0.1310185185185185 0.35182291666666665 0.13333333333333333 0.35104166666666664 0.13518518518518519 0.3497395833333333
4 0.0032407407407407406 0.63046875 0.002777777777777778 0.6328125 0.0023148148148148147 0.6330729166666667 0.0023148148148148147 0.63515625 0.004166666666666667 0.6375 0.0060185185185185185 0.6388020833333333 0.010185185185185186 0.640625 0.015277777777777777 0.6419270833333334 0.016203703703703703 0.6424479166666667 0.019444444444444445 0.64296875 0.023148148148148147 0.6442708333333333 0.02824074074074074 0.6455729166666667 0.030555555555555555 0.6466145833333333 0.03796296296296296 0.6486979166666667 0.040740740740740744 0.65 0.04583333333333333 0.6513020833333333 0.04675925925925926 0.6513020833333333 0.05416666666666667 0.65390625 0.06805555555555555 0.6575520833333334 0.07037037037037037 0.6596354166666667 0.0712962962962963 0.6622395833333333 0.07407407407407407 0.6653645833333334 0.07407407407407407 0.6658854166666667 0.07592592592592592 0.6671875 0.0837962962962963 0.66953125 0.08888888888888889 0.6682291666666667 0.09259259259259259 0.6669270833333333 0.09861111111111111 0.66328125 0.10185185185185185 0.6622395833333333 0.1050925925925926 0.6598958333333333 0.10925925925925926 0.6552083333333333 0.10972222222222222 0.6533854166666667 0.11018518518518519 0.653125 0.11018518518518519 0.6510416666666666 0.11064814814814815 0.65078125 0.11064814814814815 0.65 0.11018518518518519 0.6497395833333334 0.11018518518518519 0.6484375 0.10972222222222222 0.6481770833333333 0.10925925925925926 0.6463541666666667 0.10787037037037037 0.6450520833333333 0.10648148148148148 0.64453125 0.10277777777777777 0.6440104166666667 0.09907407407407408 0.64296875 0.09861111111111111 0.6432291666666666 0.09583333333333334 0.6434895833333333 0.09027777777777778 0.6450520833333333 0.08796296296296297 0.64609375 0.08703703703703704 0.64609375 0.08564814814814815 0.6455729166666667 0.08425925925925926 0.6455729166666667 0.08009259259259259 0.6442708333333333 0.0763888888888889 0.6440104166666667 0.07268518518518519 0.64296875 0.07175925925925926 0.6424479166666667 0.06759259259259259 0.6419270833333334 0.0625 0.6401041666666667 0.059722222222222225 0.6385416666666667 0.0587962962962963 0.6385416666666667 0.055092592592592596 0.6375 0.052314814814814814 0.6361979166666667 0.04490740740740741 0.6348958333333333 0.03935185185185185 0.6333333333333333 0.03611111111111111 0.63203125 0.033796296296296297 0.6317708333333333 0.029166666666666667 0.6302083333333334 0.02546296296296296 0.6296875 0.020370370370370372 0.628125 0.016203703703703703 0.62734375 0.013888888888888888 0.62734375 0.013425925925925926 0.6270833333333333 0.0125 0.62734375 0.009722222222222222 0.62734375 0.005555555555555556 0.62890625
6 0.07546296296296297 0.5947916666666667 0.07175925925925926 0.596875 0.07175925925925926 0.5971354166666667 0.07083333333333333 0.59765625 0.07083333333333333 0.5979166666666667 0.0699074074074074 0.5984375 0.0699074074074074 0.5986979166666667 0.06805555555555555 0.6 0.06805555555555555 0.6002604166666666 0.06759259259259259 0.6005208333333333 0.06759259259259259 0.60078125 0.06712962962962964 0.6010416666666667 0.06712962962962964 0.6013020833333333 0.06666666666666667 0.6015625 0.06666666666666667 0.6018229166666667 0.06527777777777778 0.603125 0.06527777777777778 0.6049479166666667 0.06574074074074074 0.6052083333333333 0.06574074074074074 0.6067708333333334 0.06620370370370371 0.60703125 0.06620370370370371 0.6080729166666666 0.06666666666666667 0.6083333333333333 0.06666666666666667 0.6088541666666667 0.06712962962962964 0.6091145833333333 0.06712962962962964 0.6098958333333333 0.06759259259259259 0.61015625 0.06759259259259259 0.6109375 0.06805555555555555 0.6111979166666667 0.06805555555555555 0.61171875 0.06851851851851852 0.6119791666666666 0.06851851851851852 0.6125 0.06898148148148148 0.6127604166666667 0.06898148148148148 0.61328125 0.06944444444444445 0.6135416666666667 0.06944444444444445 0.6138020833333333 0.0699074074074074 0.6140625 0.0699074074074074 0.6143229166666667 0.07037037037037037 0.6145833333333334 0.07083333333333333 0.6153645833333333 0.07268518518518519 0.6166666666666667 0.07314814814814814 0.6166666666666667 0.07546296296296297 0.6177083333333333 0.07592592592592592 0.6177083333333333 0.07824074074074074 0.6184895833333334 0.07916666666666666 0.6184895833333334 0.07962962962962963 0.61875 0.08055555555555556 0.61875 0.08101851851851852 0.6190104166666667 0.08287037037037037 0.6190104166666667 0.08333333333333333 0.6192708333333333 0.08564814814814815 0.6192708333333333 0.08611111111111111 0.61953125 0.09722222222222222 0.61953125 0.09768518518518518 0.6192708333333333 0.10185185185185185 0.6192708333333333 0.10231481481481482 0.6190104166666667 0.10324074074074074 0.6190104166666667 0.1037037037037037 0.61875 0.1037037037037037 0.6184895833333334 0.1050925925925926 0.6177083333333333 0.1050925925925926 0.6174479166666667 0.10787037037037037 0.6158854166666666 0.10833333333333334 0.6158854166666666 0.11064814814814815 0.61484375 0.11064814814814815 0.6145833333333334 0.11203703703703703 0.61328125 0.11203703703703703 0.6127604166666667 0.11296296296296296 0.6119791666666666 0.11296296296296296 0.6114583333333333 0.11342592592592593 0.6111979166666667 0.11342592592592593 0.6104166666666667 0.11388888888888889 0.61015625 0.11388888888888889 0.609375 0.11435185185185186 0.6091145833333333 0.11435185185185186 0.6080729166666666 0.11481481481481481 0.6078125 0.11481481481481481 0.6049479166666667 0.11435185185185186 0.6046875 0.11435185185185186 0.6028645833333334 0.11388888888888889 0.6026041666666667 0.11388888888888889 0.6020833333333333 0.11296296296296296 0.6013020833333333 0.11296296296296296 0.60078125 0.1125 0.6005208333333333 0.11203703703703703 0.5997395833333333 0.1111111111111111 0.59921875 0.1111111111111111 0.5989583333333334 0.11064814814814815 0.5986979166666667 0.11064814814814815 0.5984375 0.11018518518518519 0.5981770833333333 0.11018518518518519 0.5979166666666667 0.10972222222222222 0.59765625 0.10972222222222222 0.5973958333333333 0.10925925925925926 0.5971354166666667 0.1087962962962963 0.5963541666666666 0.10787037037037037 0.5958333333333333 0.10787037037037037 0.5955729166666667 0.10648148148148148 0.5947916666666667 0.10555555555555556 0.5947916666666667 0.10416666666666667 0.5942708333333333 0.10324074074074074 0.5942708333333333 0.10277777777777777 0.5940104166666667 0.10138888888888889 0.5940104166666667 0.10092592592592593 0.59375 0.08981481481481482 0.59375 0.08935185185185185 0.5940104166666667 0.08703703703703704 0.5940104166666667 0.08657407407407407 0.59375 0.08518518518518518 0.59375 0.08472222222222223 0.5934895833333333 0.0824074074074074 0.5934895833333333 0.08194444444444444 0.59375 0.08055555555555556 0.59375 0.08009259259259259 0.5940104166666667 0.07916666666666666 0.5940104166666667 0.0787037037037037 0.5942708333333333 0.07731481481481481 0.5942708333333333 0.07685185185185185 0.59453125
2 0.07731481481481481 0.4588541666666667 0.06944444444444445 0.4622395833333333 0.06388888888888888 0.46536458333333336 0.06296296296296296 0.4669270833333333 0.06435185185185185 0.4705729166666667 0.06805555555555555 0.47317708333333336 0.07685185185185185 0.47291666666666665 0.07916666666666666 0.4734375 0.08472222222222223 0.47708333333333336 0.08981481481481482 0.48203125 0.09675925925925925 0.48723958333333334 0.09907407407407408 0.4901041666666667 0.1125 0.5018229166666667 0.12546296296296297 0.5145833333333333 0.13287037037037036 0.5200520833333333 0.14212962962962963 0.5296875 0.1486111111111111 0.5346354166666667 0.15046296296296297 0.5369791666666667 0.1537037037037037 0.5393229166666667 0.15925925925925927 0.5447916666666667 0.16898148148148148 0.5520833333333334 0.1736111111111111 0.5536458333333333 0.18518518518518517 0.55234375 0.18703703703703703 0.5513020833333333 0.18888888888888888 0.5489583333333333 0.1865740740740741 0.5442708333333334 0.17546296296296296 0.5346354166666667 0.15648148148148147 0.5161458333333333 0.1412037037037037 0.5036458333333333 0.13842592592592592 0.5002604166666667 0.1361111111111111 0.4986979166666667 0.12268518518518519 0.4856770833333333 0.11388888888888889 0.4786458333333333 0.10925925925925926 0.4739583333333333 0.10416666666666667 0.4666666666666667 0.10740740740740741 0.4627604166666667 0.10787037037037037 0.4588541666666667 0.10277777777777777 0.4557291666666667 0.09768518518518518 0.4549479166666667 0.09490740740740741 0.4549479166666667 0.0875 0.45625
1 0.16296296296296298 0.37083333333333335 0.15833333333333333 0.36822916666666666 0.15787037037037038 0.36822916666666666 0.1574074074074074 0.36796875 0.15601851851851853 0.36796875 0.15555555555555556 0.36770833333333336 0.15324074074074073 0.36770833333333336 0.1527777777777778 0.36796875 0.15185185185185185 0.36796875 0.15138888888888888 0.36822916666666666 0.14907407407407408 0.36875 0.1476851851851852 0.36953125 0.14722222222222223 0.36953125 0.14675925925925926 0.3697916666666667 0.14537037037037037 0.37005208333333334 0.14444444444444443 0.37057291666666664 0.14212962962962963 0.37109375 0.13935185185185187 0.3723958333333333 0.1388888888888889 0.3723958333333333 0.13796296296296295 0.3729166666666667 0.1375 0.3729166666666667 0.13657407407407407 0.3734375 0.1361111111111111 0.3734375 0.13472222222222222 0.37421875 0.13425925925925927 0.37421875 0.1310185185185185 0.37526041666666665 0.1300925925925926 0.37526041666666665 0.12962962962962962 0.37552083333333336 0.12453703703703704 0.3768229166666667 0.12314814814814815 0.3776041666666667 0.12222222222222222 0.3776041666666667 0.12175925925925926 0.37734375 0.11944444444444445 0.3770833333333333 0.11898148148148148 0.3768229166666667 0.11851851851851852 0.3768229166666667 0.11712962962962963 0.3763020833333333 0.1162037037037037 0.3763020833333333 0.11574074074074074 0.37604166666666666 0.11435185185185186 0.37604166666666666 0.11388888888888889 0.3763020833333333 0.1125 0.3763020833333333 0.11203703703703703 0.3765625 0.1111111111111111 0.3765625 0.10972222222222222 0.3776041666666667 0.10972222222222222 0.37786458333333334 0.10833333333333334 0.37890625 0.10833333333333334 0.37916666666666665 0.10694444444444444 0.37994791666666666 0.10648148148148148 0.37994791666666666 0.10462962962962963 0.3807291666666667 0.1037037037037037 0.3807291666666667 0.10231481481481482 0.38125 0.10138888888888889 0.38125 0.10092592592592593 0.3815104166666667 0.1 0.3815104166666667 0.09953703703703703 0.38177083333333334 0.09907407407407408 0.38177083333333334 0.0962962962962963 0.38359375 0.0962962962962963 0.38385416666666666 0.09537037037037037 0.384375 0.09537037037037037 0.38671875 0.09583333333333334 0.38697916666666665 0.09583333333333334 0.3885416666666667 0.09722222222222222 0.38958333333333334 0.09722222222222222 0.38984375 0.09814814814814815 0.39036458333333335 0.09814814814814815 0.390625 0.09907407407407408 0.39114583333333336 0.09907407407407408 0.39140625 0.10324074074074074 0.39427083333333335 0.10324074074074074 0.39453125 0.10740740740740741 0.3971354166666667 0.1087962962962963 0.3971354166666667 0.10925925925925926 0.39739583333333334 0.11157407407407408 0.39739583333333334 0.11203703703703703 0.39765625 0.11435185185185186 0.39765625 0.11481481481481481 0.39791666666666664 0.11527777777777778 0.39791666666666664 0.11574074074074074 0.39765625 0.11666666666666667 0.39765625 0.11712962962962963 0.39739583333333334 0.11851851851851852 0.39739583333333334 0.11898148148148148 0.3971354166666667 0.11990740740740741 0.3971354166666667 0.12037037037037036 0.396875 0.12129629629629629 0.396875 0.12175925925925926 0.3966145833333333 0.12314814814814815 0.3966145833333333 0.12361111111111112 0.3963541666666667 0.12407407407407407 0.3963541666666667 0.12546296296296297 0.39557291666666666 0.1259259259259259 0.39557291666666666 0.12731481481481483 0.39479166666666665 0.12777777777777777 0.39479166666666665 0.1310185185185185 0.39296875 0.1310185185185185 0.3927083333333333 0.13194444444444445 0.3921875 0.13472222222222222 0.3888020833333333 0.13842592592592592 0.38671875 0.1388888888888889 0.38671875 0.14074074074074075 0.3859375 0.1412037037037037 0.3859375 0.14629629629629629 0.38359375 0.14953703703703702 0.3828125 0.15324074074074073 0.3809895833333333 0.1537037037037037 0.3809895833333333 0.15416666666666667 0.3807291666666667 0.1550925925925926 0.3807291666666667 0.15555555555555556 0.38046875 0.15648148148148147 0.38046875 0.15694444444444444 0.3802083333333333 0.15787037037037038 0.3802083333333333 0.16018518518518518 0.37890625 0.16064814814814815 0.37890625 0.16157407407407406 0.37838541666666664 0.16203703703703703 0.37838541666666664 0.1648148148148148 0.3768229166666667 0.1648148148148148 0.37265625 0.16435185185185186 0.3723958333333333 0.1638888888888889 0.37161458333333336 0.16296296296296298 0.37109375
1 0.16435185185185186 0.4328125 0.16435185185185186 0.43333333333333335 0.16342592592592592 0.43411458333333336 0.16342592592592592 0.43463541666666666 0.16296296296296298 0.4348958333333333 0.16296296296296298 0.4356770833333333 0.1625 0.4359375 0.1625 0.43645833333333334 0.16203703703703703 0.43671875 0.16203703703703703 0.43723958333333335 0.16157407407407406 0.4375 0.16157407407407406 0.43802083333333336 0.16111111111111112 0.43828125 0.16111111111111112 0.4388020833333333 0.16064814814814815 0.4390625 0.16064814814814815 0.4401041666666667 0.16018518518518518 0.44036458333333334 0.16018518518518518 0.44166666666666665 0.1597222222222222 0.44192708333333336 0.1597222222222222 0.44505208333333335 0.16018518518518518 0.4453125 0.16018518518518518 0.446875 0.16203703703703703 0.4479166666666667 0.1625 0.4479166666666667 0.16296296296296298 0.44817708333333334 0.16435185185185186 0.44817708333333334 0.1648148148148148 0.4484375 0.1699074074074074 0.4484375 0.17037037037037037 0.44869791666666664 0.1712962962962963 0.44869791666666664 0.17175925925925925 0.44895833333333335 0.17314814814814813 0.44895833333333335 0.175 0.44973958333333336 0.1763888888888889 0.45 0.17731481481481481 0.4505208333333333 0.1787037037037037 0.4505208333333333 0.17916666666666667 0.45078125 0.18055555555555555 0.45078125 0.18101851851851852 0.4510416666666667 0.1814814814814815 0.4510416666666667 0.18287037037037038 0.4505208333333333 0.1837962962962963 0.4505208333333333 0.18518518518518517 0.45 0.18611111111111112 0.45 0.1875 0.44947916666666665 0.1884259259259259 0.44947916666666665 0.18888888888888888 0.44921875 0.19027777777777777 0.44921875 0.19074074074074074 0.44947916666666665 0.19212962962962962 0.44947916666666665 0.1925925925925926 0.44973958333333336 0.19444444444444445 0.44973958333333336 0.19490740740740742 0.45 0.19768518518518519 0.45 0.19814814814814816 0.45026041666666666 0.19953703703703704 0.45026041666666666 0.2 0.4505208333333333 0.2013888888888889 0.4505208333333333 0.20185185185185187 0.45078125 0.20324074074074075 0.45078125 0.2037037037037037 0.4510416666666667 0.20694444444444443 0.4510416666666667 0.2074074074074074 0.4513020833333333 0.21296296296296297 0.4513020833333333 0.21342592592592594 0.4515625 0.2152777777777778 0.4515625 0.21574074074074073 0.4518229166666667 0.2175925925925926 0.4518229166666667 0.21805555555555556 0.45208333333333334 0.2199074074074074 0.45208333333333334 0.22037037037037038 0.45234375 0.22268518518518518 0.45234375 0.22314814814814815 0.45260416666666664 0.22592592592592592 0.45260416666666664 0.2263888888888889 0.45286458333333335 0.22916666666666666 0.45286458333333335 0.22962962962962963 0.45260416666666664 0.2300925925925926 0.45260416666666664 0.23055555555555557 0.45234375 0.23148148148148148 0.45234375 0.23194444444444445 0.45208333333333334 0.2361111111111111 0.4518229166666667 0.23796296296296296 0.4510416666666667 0.23796296296296296 0.45078125 0.2375 0.4505208333333333 0.2375 0.44973958333333336 0.23703703703703705 0.44947916666666665 0.23703703703703705 0.44895833333333335 0.23657407407407408 0.44869791666666664 0.23657407407407408 0.44817708333333334 0.2361111111111111 0.4479166666666667 0.23564814814814813 0.4471354166666667 0.23472222222222222 0.4466145833333333 0.23472222222222222 0.44635416666666666 0.2300925925925926 0.44375 0.22962962962962963 0.44375 0.22916666666666666 0.4434895833333333 0.22824074074074074 0.4434895833333333 0.22777777777777777 0.4432291666666667 0.22685185185185186 0.4432291666666667 0.2263888888888889 0.44296875 0.225 0.44296875 0.22453703703703703 0.4427083333333333 0.22268518518518518 0.4427083333333333 0.2222222222222222 0.44244791666666666 0.22037037037037038 0.44244791666666666 0.2199074074074074 0.4421875 0.21851851851851853 0.4421875 0.21805555555555556 0.44192708333333336 0.21712962962962962 0.44192708333333336 0.21666666666666667 0.44166666666666665 0.21342592592592594 0.44140625 0.21296296296296297 0.44114583333333335 0.21203703703703702 0.44114583333333335 0.20879629629629629 0.4401041666666667 0.20462962962962963 0.43984375 0.20092592592592592 0.43854166666666666 0.19953703703703704 0.43854166666666666 0.19907407407407407 0.43828125 0.19722222222222222 0.43828125 0.19537037037037036 0.4375 0.19490740740740742 0.4375 0.19398148148148148 0.43697916666666664 0.1925925925925926 0.43671875 0.18564814814814815 0.43255208333333334 0.17685185185185184 0.43255208333333334 0.175 0.4317708333333333 0.17453703703703705 0.4317708333333333 0.17407407407407408 0.4315104166666667 0.17314814814814813 0.4315104166666667 0.1726851851851852 0.43125 0.1712962962962963 0.43125 0.17083333333333334 0.4309895833333333 0.16805555555555557 0.4309895833333333 0.1675925925925926 0.43125 0.16620370370370371 0.43125 0.16527777777777777 0.4317708333333333 0.16527777777777777 0.43203125
5 0.2050925925925926 0.19088541666666667 0.2013888888888889 0.19114583333333332 0.19537037037037036 0.19322916666666667 0.19074074074074074 0.1953125 0.19074074074074074 0.19557291666666668 0.1884259259259259 0.19713541666666667 0.1884259259259259 0.20052083333333334 0.18796296296296297 0.20078125 0.18796296296296297 0.20130208333333333 0.18703703703703703 0.20208333333333334 0.18703703703703703 0.20260416666666667 0.18564814814814815 0.20416666666666666 0.18425925925925926 0.20520833333333333 0.18333333333333332 0.20520833333333333 0.1787037037037037 0.20651041666666667 0.17546296296296296 0.20807291666666666 0.175 0.20807291666666666 0.1736111111111111 0.20911458333333333 0.17314814814814813 0.20885416666666667 0.1699074074074074 0.20859375 0.16574074074074074 0.21171875 0.16527777777777777 0.21171875 0.16296296296296298 0.21302083333333333 0.15787037037037038 0.21432291666666667 0.1537037037037037 0.21588541666666666 0.14907407407407408 0.21875 0.14814814814814814 0.22005208333333334 0.1486111111111111 0.22421875 0.15 0.22578125 0.15416666666666667 0.22838541666666667 0.15648148148148147 0.23046875 0.16111111111111112 0.2328125 0.16527777777777777 0.23385416666666667 0.1699074074074074 0.23385416666666667 0.1712962962962963 0.23333333333333334 0.17222222222222222 0.23333333333333334 0.17407407407407408 0.2328125 0.17731481481481481 0.23255208333333333 0.18101851851851852 0.23072916666666668 0.18333333333333332 0.23020833333333332 0.18611111111111112 0.22916666666666666 0.18703703703703703 0.22916666666666666 0.18888888888888888 0.22864583333333333 0.20092592592592592 0.22395833333333334 0.2023148148148148 0.22395833333333334 0.20277777777777778 0.22369791666666666 0.2050925925925926 0.2234375 0.20833333333333334 0.22239583333333332 0.21157407407407408 0.22239583333333332 0.21203703703703702 0.22265625 0.21388888888888888 0.22265625 0.2162037037037037 0.22317708333333333 0.22037037037037038 0.22317708333333333 0.225 0.22213541666666667 0.22777777777777777 0.22083333333333333 0.22962962962962963 0.22057291666666667 0.23148148148148148 0.21953125 0.2324074074074074 0.21848958333333332 0.2324074074074074 0.21770833333333334 0.23287037037037037 0.21744791666666666 0.23287037037037037 0.21588541666666666 0.2324074074074074 0.215625 0.2324074074074074 0.21484375 0.23194444444444445 0.21458333333333332 0.23194444444444445 0.21380208333333334 0.23148148148148148 0.21354166666666666 0.23148148148148148 0.21276041666666667 0.2300925925925926 0.21171875 0.22453703703703703 0.20546875 0.22175925925925927 0.203125 0.22037037037037038 0.20234375 0.21712962962962962 0.19921875 0.21574074074074073 0.1984375 0.21342592592592594 0.19557291666666668 0.20879629629629629 0.19244791666666666 0.20879629629629629 0.1921875
4 0.175 0.18541666666666667 0.1736111111111111 0.18489583333333334 0.17175925925925925 0.18489583333333334 0.1712962962962963 0.18463541666666666 0.16898148148148148 0.18463541666666666 0.1675925925925926 0.18515625 0.16527777777777777 0.18541666666666667 0.1648148148148148 0.18645833333333334 0.1625 0.18776041666666668 0.16203703703703703 0.18776041666666668 0.16203703703703703 0.18828125 0.16157407407407406 0.18854166666666666 0.16157407407407406 0.18958333333333333 0.16111111111111112 0.18984375 0.16111111111111112 0.19322916666666667 0.15601851851851853 0.19635416666666666 0.1527777777777778 0.19713541666666667 0.14907407407407408 0.19921875 0.14583333333333334 0.20052083333333334 0.14351851851851852 0.20104166666666667 0.1398148148148148 0.203125 0.13842592592592592 0.20338541666666668 0.13657407407407407 0.20442708333333334 0.1337962962962963 0.20546875 0.13055555555555556 0.20625 0.12175925925925926 0.21015625 0.11898148148148148 0.21119791666666668 0.11342592592592593 0.2125 0.10833333333333334 0.215625 0.10787037037037037 0.215625 0.10324074074074074 0.21770833333333334 0.10185185185185185 0.21927083333333333 0.10185185185185185 0.21979166666666666 0.10138888888888889 0.22005208333333334 0.10138888888888889 0.22135416666666666 0.10092592592592593 0.22161458333333334 0.10092592592592593 0.225 0.10324074074074074 0.22734375 0.10648148148148148 0.22786458333333334 0.11018518518518519 0.22890625 0.11805555555555555 0.22890625 0.11851851851851852 0.22864583333333333 0.11990740740740741 0.22864583333333333 0.12268518518518519 0.22760416666666666 0.1259259259259259 0.22682291666666668 0.13055555555555556 0.22421875 0.13240740740740742 0.22369791666666666 0.1337962962962963 0.22291666666666668 0.13796296296296295 0.22135416666666666 0.14166666666666666 0.21927083333333333 0.1425925925925926 0.21901041666666668 0.14629629629629629 0.21901041666666668 0.14722222222222223 0.21875 0.1486111111111111 0.21796875 0.15231481481481482 0.21692708333333333 0.1537037037037037 0.21614583333333334 0.1550925925925926 0.21588541666666666 0.15925925925925927 0.2140625 0.16296296296296298 0.21302083333333333 0.16620370370370371 0.21145833333333333 0.16805555555555557 0.20963541666666666 0.16805555555555557 0.20911458333333333 0.16944444444444445 0.20807291666666666 0.17037037037037037 0.20807291666666666 0.1736111111111111 0.20963541666666666 0.17453703703703705 0.20911458333333333 0.17592592592592593 0.20885416666666667 0.17824074074074073 0.20755208333333333 0.17962962962962964 0.20729166666666668 0.1837962962962963 0.20546875 0.18518518518518517 0.20520833333333333 0.1875 0.20390625 0.1875 0.20364583333333333 0.18888888888888888 0.20286458333333332 0.19027777777777777 0.20104166666666667 0.18935185185185185 0.19973958333333333 0.18935185185185185 0.1984375 0.18888888888888888 0.19817708333333334 0.1884259259259259 0.19635416666666666 0.18518518518518517 0.19270833333333334 0.18472222222222223 0.19270833333333334 0.17824074074074073 0.18880208333333334 0.17731481481481481 0.18776041666666668 0.17592592592592593 0.18697916666666667 0.175 0.1859375
3 0.20925925925925926 0.25338541666666664 0.20462962962962963 0.2565104166666667 0.20462962962962963 0.25703125 0.20185185185185187 0.259375 0.20092592592592592 0.26119791666666664 0.19953703703703704 0.26276041666666666 0.1986111111111111 0.26328125 0.19675925925925927 0.2669270833333333 0.19305555555555556 0.27005208333333336 0.19305555555555556 0.27057291666666666 0.19212962962962962 0.2716145833333333 0.19166666666666668 0.2755208333333333 0.19398148148148148 0.27786458333333336 0.19675925925925927 0.2794270833333333 0.2 0.28020833333333334 0.20092592592592592 0.28072916666666664 0.20324074074074075 0.28072916666666664 0.2037037037037037 0.28098958333333335 0.2074074074074074 0.28072916666666664 0.20787037037037037 0.28046875 0.2101851851851852 0.28020833333333334 0.2125 0.2794270833333333 0.21342592592592594 0.2794270833333333 0.21388888888888888 0.2796875 0.2162037037037037 0.2796875 0.2199074074074074 0.28072916666666664 0.22546296296296298 0.2828125 0.2273148148148148 0.2833333333333333 0.22962962962962963 0.28359375 0.2310185185185185 0.28411458333333334 0.23194444444444445 0.28411458333333334 0.23796296296296296 0.2864583333333333 0.25046296296296294 0.29010416666666666 0.2518518518518518 0.2908854166666667 0.25324074074074077 0.2911458333333333 0.25416666666666665 0.2916666666666667 0.2574074074074074 0.29244791666666664 0.2601851851851852 0.29348958333333336 0.2625 0.29348958333333336 0.26296296296296295 0.29375 0.2638888888888889 0.29375 0.2652777777777778 0.29322916666666665 0.2671296296296296 0.29296875 0.26944444444444443 0.2916666666666667 0.26990740740740743 0.2916666666666667 0.2712962962962963 0.2908854166666667 0.27824074074074073 0.2830729166666667 0.27824074074074073 0.2791666666666667 0.275 0.27734375 0.27361111111111114 0.27708333333333335 0.27037037037037037 0.2755208333333333 0.26481481481481484 0.27369791666666665 0.25972222222222224 0.2713541666666667 0.2587962962962963 0.2713541666666667 0.25046296296296294 0.2682291666666667 0.24814814814814815 0.2677083333333333 0.24444444444444444 0.26614583333333336 0.24212962962962964 0.265625 0.23935185185185184 0.26458333333333334 0.23333333333333334 0.26145833333333335 0.23194444444444445 0.2596354166666667 0.23194444444444445 0.25885416666666666 0.23055555555555557 0.25729166666666664 0.22870370370370371 0.25625 0.22685185185185186 0.2557291666666667 0.22546296296296298 0.2557291666666667 0.2212962962962963 0.25416666666666665 0.21666666666666667 0.2515625 0.21666666666666667 0.2513020833333333 0.21342592592592594 0.2518229166666667
1 0.25555555555555554 0.21744791666666666 0.25046296296296294 0.21744791666666666 0.25 0.21770833333333334 0.24768518518518517 0.21770833333333334 0.24722222222222223 0.21796875 0.24583333333333332 0.21822916666666667 0.2439814814814815 0.21927083333333333 0.2439814814814815 0.21953125 0.24305555555555555 0.22005208333333334 0.24259259259259258 0.22083333333333333 0.2412037037037037 0.22161458333333334 0.2412037037037037 0.221875 0.2388888888888889 0.2234375 0.2388888888888889 0.22369791666666666 0.23842592592592593 0.22395833333333334 0.23842592592592593 0.22447916666666667 0.2375 0.22526041666666666 0.2375 0.22578125 0.23703703703703705 0.22604166666666667 0.2351851851851852 0.22838541666666667 0.23425925925925925 0.22890625 0.23425925925925925 0.22916666666666666 0.2324074074074074 0.23020833333333332 0.23194444444444445 0.23020833333333332 0.2300925925925926 0.23098958333333333 0.22962962962962963 0.23098958333333333 0.22916666666666666 0.23125 0.22824074074074074 0.23125 0.2273148148148148 0.23177083333333334 0.22685185185185186 0.23177083333333334 0.22592592592592592 0.23229166666666667 0.22592592592592592 0.23255208333333333 0.22407407407407406 0.23359375 0.22407407407407406 0.23385416666666667 0.2222222222222222 0.23567708333333334 0.22175925925925927 0.23697916666666666 0.22083333333333333 0.23776041666666667 0.22083333333333333 0.23828125 0.2199074074074074 0.2390625 0.2199074074074074 0.23958333333333334 0.21898148148148147 0.24036458333333333 0.21898148148148147 0.24088541666666666 0.21851851851851853 0.24114583333333334 0.21851851851851853 0.24140625 0.21666666666666667 0.24322916666666666 0.21666666666666667 0.24375 0.2162037037037037 0.24401041666666667 0.2162037037037037 0.2453125 0.21574074074074073 0.24557291666666667 0.21574074074074073 0.24661458333333333 0.2152777777777778 0.246875 0.2152777777777778 0.24739583333333334 0.21481481481481482 0.24765625 0.21481481481481482 0.25078125 0.2152777777777778 0.25104166666666666 0.2152777777777778 0.2518229166666667 0.21666666666666667 0.2520833333333333 0.21851851851851853 0.253125 0.21898148148148147 0.253125 0.22083333333333333 0.25416666666666665 0.2212962962962963 0.25416666666666665 0.2222222222222222 0.2546875 0.22268518518518518 0.2546875 0.22407407407407406 0.25546875 0.225 0.25546875 0.2263888888888889 0.2559895833333333 0.22777777777777777 0.2559895833333333 0.22824074074074074 0.25625 0.23148148148148148 0.25625 0.23194444444444445 0.2565104166666667 0.23425925925925925 0.25546875 0.2351851851851852 0.25546875 0.23935185185185184 0.25416666666666665 0.24027777777777778 0.25416666666666665 0.24074074074074073 0.25390625 0.2439814814814815 0.253125 0.24768518518518517 0.25104166666666666 0.24768518518518517 0.25078125 0.2490740740740741 0.24947916666666667 0.2490740740740741 0.24869791666666666 0.24953703703703703 0.2484375 0.24953703703703703 0.24739583333333334 0.25 0.24713541666666666 0.25 0.24661458333333333 0.25092592592592594 0.24583333333333332 0.25092592592592594 0.2453125 0.2523148148148148 0.24427083333333333 0.2523148148148148 0.24348958333333334 0.25277777777777777 0.24322916666666666 0.25277777777777777 0.2390625 0.2523148148148148 0.23880208333333333 0.2523148148148148 0.23776041666666667 0.2518518518518518 0.2375 0.2518518518518518 0.23671875 0.2513888888888889 0.23645833333333333 0.2513888888888889 0.2359375 0.2523148148148148 0.23515625 0.2523148148148148 0.23463541666666668 0.25324074074074077 0.23385416666666667 0.25324074074074077 0.23333333333333334 0.25416666666666665 0.23255208333333333 0.25416666666666665 0.23203125 0.2574074074074074 0.22864583333333333 0.2574074074074074 0.228125 0.25787037037037036 0.22786458333333334 0.25787037037037036 0.22734375 0.25833333333333336 0.22708333333333333 0.25833333333333336 0.2265625 0.2587962962962963 0.22630208333333332 0.2587962962962963 0.22578125 0.25925925925925924 0.22552083333333334 0.25925925925925924 0.225 0.25972222222222224 0.22473958333333333 0.25972222222222224 0.2203125 0.25925925925925924 0.22005208333333334 0.25833333333333336 0.21875 0.2564814814814815 0.21770833333333334 0.25601851851851853 0.21770833333333334
6 0.2791666666666667 0.29609375 0.27685185185185185 0.29609375 0.2763888888888889 0.29635416666666664 0.26990740740740743 0.29635416666666664 0.26944444444444443 0.29661458333333335 0.26805555555555555 0.29661458333333335 0.2675925925925926 0.296875 0.26666666666666666 0.296875 0.2657407407407407 0.29739583333333336 0.26435185185185184 0.29765625 0.26296296296296295 0.2984375 0.26296296296296295 0.2986979166666667 0.2625 0.2989583333333333 0.262037037037037 0.2989583333333333 0.2611111111111111 0.2994791666666667 0.26064814814814813 0.2994791666666667 0.25972222222222224 0.3 0.25925925925925924 0.3 0.25833333333333336 0.30052083333333335 0.25787037037037036 0.30052083333333335 0.2569444444444444 0.30104166666666665 0.2564814814814815 0.30104166666666665 0.25277777777777777 0.303125 0.25277777777777777 0.3033854166666667 0.25092592592592594 0.3046875 0.25092592592592594 0.30494791666666665 0.2490740740740741 0.3067708333333333 0.2490740740740741 0.3078125 0.24861111111111112 0.30807291666666664 0.24861111111111112 0.30885416666666665 0.24814814814814815 0.30911458333333336 0.24814814814814815 0.31015625 0.24768518518518517 0.3104166666666667 0.24768518518518517 0.31223958333333335 0.24814814814814815 0.3125 0.24814814814814815 0.31536458333333334 0.24861111111111112 0.315625 0.24861111111111112 0.31666666666666665 0.2490740740740741 0.31692708333333336 0.2490740740740741 0.31796875 0.24953703703703703 0.3182291666666667 0.24953703703703703 0.31875 0.25092592592592594 0.32005208333333335 0.25092592592592594 0.32057291666666665 0.2513888888888889 0.32083333333333336 0.2513888888888889 0.32109375 0.2523148148148148 0.3216145833333333 0.2523148148148148 0.321875 0.25787037037037036 0.325 0.25833333333333336 0.325 0.25972222222222224 0.32578125 0.2601851851851852 0.32578125 0.262037037037037 0.32708333333333334 0.2625 0.32708333333333334 0.26342592592592595 0.32760416666666664 0.2638888888888889 0.32760416666666664 0.2671296296296296 0.32864583333333336 0.27314814814814814 0.32864583333333336 0.27361111111111114 0.32838541666666665 0.2777777777777778 0.32838541666666665 0.27824074074074073 0.32864583333333336 0.28055555555555556 0.32864583333333336 0.2810185185185185 0.32838541666666665 0.28703703703703703 0.32838541666666665 0.2875 0.328125 0.2898148148148148 0.32786458333333335 0.2912037037037037 0.32734375 0.29259259259259257 0.32734375 0.29305555555555557 0.32708333333333334 0.2935185185185185 0.32708333333333334 0.2949074074074074 0.3263020833333333 0.2949074074074074 0.3260416666666667 0.2953703703703704 0.32578125 0.29583333333333334 0.32578125 0.29768518518518516 0.32473958333333336 0.29814814814814816 0.32473958333333336 0.3013888888888889 0.32265625 0.3013888888888889 0.3223958333333333 0.30462962962962964 0.3190104166666667 0.30462962962962964 0.3184895833333333 0.3050925925925926 0.3182291666666667 0.3050925925925926 0.3177083333333333 0.3055555555555556 0.31744791666666666 0.3055555555555556 0.31666666666666665 0.3060185185185185 0.31640625 0.3060185185185185 0.31536458333333334 0.30648148148148147 0.3151041666666667 0.30648148148148147 0.31302083333333336 0.3060185185185185 0.31276041666666665 0.3060185185185185 0.3111979166666667 0.3055555555555556 0.3109375 0.3055555555555556 0.3098958333333333 0.3050925925925926 0.30963541666666666 0.3050925925925926 0.30911458333333336 0.30416666666666664 0.30833333333333335 0.3037037037037037 0.30703125 0.30324074074074076 0.3067708333333333 0.30185185185185187 0.30494791666666665 0.30092592592592593 0.30442708333333335 0.30092592592592593 0.30416666666666664 0.3 0.30364583333333334 0.3 0.3033854166666667 0.29907407407407405 0.3028645833333333 0.29907407407407405 0.3026041666666667 0.2949074074074074 0.30026041666666664 0.29259259259259257 0.29973958333333334 0.2916666666666667 0.29921875 0.2912037037037037 0.29921875 0.2902777777777778 0.2986979166666667 0.2898148148148148 0.2986979166666667 0.2884259259259259 0.29791666666666666 0.287962962962963 0.29791666666666666 0.2865740740740741 0.29739583333333336 0.2847222222222222 0.29739583333333336 0.28425925925925927 0.29713541666666665 0.2828703703703704 0.29713541666666665 0.2824074074074074 0.296875 0.28194444444444444 0.296875 0.2814814814814815 0.29661458333333335 0.28055555555555556 0.29661458333333335
6 0.2671296296296296 0.328125 0.2652777777777778 0.32890625 0.26481481481481484 0.32890625 0.26342592592592595 0.3296875 0.26296296296296295 0.33046875 0.26157407407407407 0.33125 0.26157407407407407 0.33151041666666664 0.2574074074074074 0.3341145833333333 0.2574074074074074 0.334375 0.25555555555555554 0.33567708333333335 0.25555555555555554 0.33619791666666665 0.2550925925925926 0.33645833333333336 0.2550925925925926 0.33671875 0.25462962962962965 0.33697916666666666 0.25462962962962965 0.3375 0.25416666666666665 0.3377604166666667 0.25416666666666665 0.3385416666666667 0.2537037037037037 0.33880208333333334 0.2537037037037037 0.33984375 0.25324074074074077 0.34010416666666665 0.25324074074074077 0.34088541666666666 0.25277777777777777 0.3411458333333333 0.25277777777777777 0.3455729166666667 0.25324074074074077 0.3458333333333333 0.25324074074074077 0.346875 0.2537037037037037 0.34713541666666664 0.2537037037037037 0.34817708333333336 0.25416666666666665 0.3484375 0.25416666666666665 0.3494791666666667 0.25462962962962965 0.3497395833333333 0.25555555555555554 0.35104166666666664 0.2564814814814815 0.3515625 0.2564814814814815 0.35182291666666665 0.2574074074074074 0.35234375 0.2574074074074074 0.35260416666666666 0.25833333333333336 0.353125 0.25833333333333336 0.3533854166666667 0.25972222222222224 0.3541666666666667 0.25972222222222224 0.35442708333333334 0.26342592592592595 0.35651041666666666 0.2638888888888889 0.35651041666666666 0.2652777777777778 0.3572916666666667 0.26666666666666666 0.3575520833333333 0.2675925925925926 0.3580729166666667 0.26805555555555555 0.3580729166666667 0.2712962962962963 0.35911458333333335 0.2722222222222222 0.35911458333333335 0.274537037037037 0.35989583333333336 0.27546296296296297 0.35989583333333336 0.2759259259259259 0.36015625 0.2777777777777778 0.36015625 0.27824074074074073 0.36041666666666666 0.28703703703703703 0.36041666666666666 0.2875 0.36015625 0.2898148148148148 0.36015625 0.2902777777777778 0.35989583333333336 0.2912037037037037 0.35989583333333336 0.29259259259259257 0.359375 0.2949074074074074 0.35911458333333335 0.2953703703703704 0.35885416666666664 0.2986111111111111 0.3580729166666667 0.29953703703703705 0.3575520833333333 0.30092592592592593 0.3572916666666667 0.30648148148148147 0.3541666666666667 0.30648148148148147 0.35390625 0.3074074074074074 0.3533854166666667 0.3074074074074074 0.3528645833333333 0.30787037037037035 0.35260416666666666 0.30925925925925923 0.35078125 0.3101851851851852 0.3502604166666667 0.3101851851851852 0.35 0.3106481481481482 0.3497395833333333 0.3106481481481482 0.34921875 0.3111111111111111 0.3489583333333333 0.3111111111111111 0.34765625 0.31157407407407406 0.34739583333333335 0.31157407407407406 0.3458333333333333 0.31203703703703706 0.3455729166666667 0.31203703703703706 0.3453125 0.31157407407407406 0.3450520833333333 0.31157407407407406 0.34140625 0.3111111111111111 0.3411458333333333 0.3111111111111111 0.340625 0.3106481481481482 0.34036458333333336 0.3106481481481482 0.33984375 0.3101851851851852 0.33958333333333335 0.30972222222222223 0.33828125 0.30925925925925923 0.3380208333333333 0.30833333333333335 0.33671875 0.3074074074074074 0.33619791666666665 0.3074074074074074 0.3359375 0.30648148148148147 0.33541666666666664 0.30648148148148147 0.33515625 0.3050925925925926 0.334375 0.3050925925925926 0.3341145833333333 0.30092592592592593 0.33177083333333335 0.300462962962963 0.33177083333333335 0.29814814814814816 0.33046875 0.29768518518518516 0.33046875 0.2967592592592593 0.3299479166666667 0.2967592592592593 0.3296875 0.29444444444444445 0.32838541666666665 0.29305555555555557 0.32838541666666665 0.29259259259259257 0.328125 0.2902777777777778 0.328125 0.2898148148148148 0.32786458333333335 0.2884259259259259 0.32786458333333335 0.287962962962963 0.32760416666666664 0.2740740740740741 0.32760416666666664 0.27361111111111114 0.32786458333333335 0.2708333333333333 0.32786458333333335 0.27037037037037037 0.328125
1 0.262037037037037 0.6026041666666667 0.262037037037037 0.6028645833333334 0.26157407407407407 0.603125 0.26157407407407407 0.6072916666666667 0.262037037037037 0.6075520833333333 0.262037037037037 0.6078125 0.2671296296296296 0.6106770833333334 0.26851851851851855 0.6106770833333334 0.2689814814814815 0.6109375 0.27037037037037037 0.6109375 0.2708333333333333 0.6111979166666667 0.2712962962962963 0.6111979166666667 0.27361111111111114 0.6125 0.27361111111111114 0.6127604166666667 0.274537037037037 0.61328125 0.274537037037037 0.6135416666666667 0.27546296296296297 0.6140625 0.27546296296296297 0.6143229166666667 0.2777777777777778 0.615625 0.27824074074074073 0.615625 0.27870370370370373 0.6158854166666666 0.2814814814814815 0.6158854166666666 0.28194444444444444 0.615625 0.2833333333333333 0.615625 0.28379629629629627 0.6153645833333333 0.2851851851851852 0.6153645833333333 0.28564814814814815 0.6151041666666667 0.2898148148148148 0.6151041666666667 0.2902777777777778 0.6153645833333333 0.2912037037037037 0.6153645833333333 0.2916666666666667 0.615625 0.29398148148148145 0.6161458333333333 0.2949074074074074 0.6166666666666667 0.2953703703703704 0.6166666666666667 0.2967592592592593 0.6171875 0.29814814814814816 0.6171875 0.2986111111111111 0.6174479166666667 0.29907407407407405 0.6174479166666667 0.300462962962963 0.6182291666666667 0.30092592592592593 0.6182291666666667 0.30277777777777776 0.6192708333333333 0.30324074074074076 0.6192708333333333 0.3037037037037037 0.61953125 0.30694444444444446 0.6197916666666666 0.3074074074074074 0.6200520833333333 0.3106481481481482 0.6208333333333333 0.31296296296296294 0.621875 0.31342592592592594 0.621875 0.3175925925925926 0.6231770833333333 0.31851851851851853 0.6231770833333333 0.3189814814814815 0.6234375 0.32083333333333336 0.6234375 0.3212962962962963 0.6236979166666666 0.3226851851851852 0.6236979166666666 0.32314814814814813 0.6234375 0.325 0.6234375 0.32546296296296295 0.6231770833333333 0.32685185185185184 0.6231770833333333 0.32731481481481484 0.6229166666666667 0.3282407407407407 0.6229166666666667 0.3287037037037037 0.62265625 0.32916666666666666 0.62265625 0.33055555555555555 0.621875 0.33055555555555555 0.6216145833333333 0.33101851851851855 0.6213541666666667 0.33101851851851855 0.6205729166666667 0.3314814814814815 0.6203125 0.3314814814814815 0.6192708333333333 0.33194444444444443 0.6190104166666667 0.3314814814814815 0.61875 0.3314814814814815 0.6182291666666667 0.33101851851851855 0.61796875 0.33101851851851855 0.6174479166666667 0.33055555555555555 0.6171875 0.33055555555555555 0.6166666666666667 0.3300925925925926 0.61640625 0.3296296296296296 0.615625 0.3287037037037037 0.6151041666666667 0.3282407407407407 0.6151041666666667 0.32731481481481484 0.6145833333333334 0.32685185185185184 0.6145833333333334 0.32592592592592595 0.6140625 0.32546296296296295 0.6140625 0.324537037037037 0.6135416666666667 0.32407407407407407 0.6135416666666667 0.32314814814814813 0.6130208333333333 0.3226851851851852 0.6130208333333333 0.32175925925925924 0.6125 0.3212962962962963 0.6125 0.3175925925925926 0.6109375 0.3162037037037037 0.6106770833333334 0.3148148148148148 0.6098958333333333 0.3143518518518518 0.6098958333333333 0.3106481481481482 0.6078125 0.3101851851851852 0.6078125 0.30925925925925923 0.6072916666666667 0.3087962962962963 0.6072916666666667 0.3050925925925926 0.6052083333333333 0.3050925925925926 0.6049479166666667 0.30416666666666664 0.6041666666666666 0.30416666666666664 0.6036458333333333 0.3037037037037037 0.6033854166666667 0.3037037037037037 0.6026041666666667 0.30324074074074076 0.60234375 0.30324074074074076 0.6015625 0.30277777777777776 0.6013020833333333 0.30277777777777776 0.6005208333333333 0.3023148148148148 0.6002604166666666 0.3023148148148148 0.6 0.30092592592592593 0.59921875 0.29768518518518516 0.5984375 0.2967592592592593 0.5979166666666667 0.2962962962962963 0.5979166666666667 0.2949074074074074 0.5973958333333333 0.29305555555555557 0.5973958333333333 0.29259259259259257 0.5971354166666667 0.29074074074074074 0.5971354166666667 0.2902777777777778 0.596875 0.28888888888888886 0.596875 0.2884259259259259 0.5966145833333333 0.2875 0.5966145833333333 0.28703703703703703 0.5963541666666666 0.2865740740740741 0.5963541666666666 0.2851851851851852 0.5955729166666667 0.2851851851851852 0.5953125 0.2824074074074074 0.5940104166666667 0.2814814814814815 0.5940104166666667 0.2810185185185185 0.59375 0.2796296296296296 0.59375 0.2791666666666667 0.5934895833333333 0.27870370370370373 0.5934895833333333 0.27824074074074073 0.59375 0.27685185185185185 0.59375 0.2763888888888889 0.5940104166666667 0.27546296296296297 0.5940104166666667 0.274537037037037 0.59453125 0.27314814814814814 0.5947916666666667 0.26990740740740743 0.5963541666666666 0.26990740740740743 0.5966145833333333 0.2657407407407407 0.59921875 0.2657407407407407 0.5994791666666667 0.26481481481481484 0.6 0.26435185185185184 0.60078125 0.26342592592592595 0.6013020833333333 0.26296296296296295 0.6020833333333333
1 0.33101851851851855 0.38776041666666666 0.33055555555555555 0.38776041666666666 0.3296296296296296 0.38723958333333336 0.3287037037037037 0.38723958333333336 0.3282407407407407 0.38697916666666665 0.32685185185185184 0.38671875 0.32592592592592595 0.38619791666666664 0.32546296296296295 0.38645833333333335 0.325 0.38645833333333335 0.324537037037037 0.38671875 0.32037037037037036 0.38776041666666666 0.3194444444444444 0.38828125 0.3189814814814815 0.38828125 0.3148148148148148 0.390625 0.3143518518518518 0.390625 0.3143518518518518 0.39088541666666665 0.31342592592592594 0.39140625 0.31342592592592594 0.3919270833333333 0.31296296296296294 0.3921875 0.31203703703703706 0.39348958333333334 0.3111111111111111 0.39401041666666664 0.3111111111111111 0.39427083333333335 0.3074074074074074 0.3966145833333333 0.3074074074074074 0.396875 0.30648148148148147 0.39739583333333334 0.3060185185185185 0.39817708333333335 0.3023148148148148 0.4002604166666667 0.300462962962963 0.4002604166666667 0.3 0.4005208333333333 0.29814814814814816 0.4005208333333333 0.29768518518518516 0.40078125 0.29583333333333334 0.40078125 0.2953703703703704 0.4010416666666667 0.29398148148148145 0.4010416666666667 0.2935185185185185 0.40130208333333334 0.29212962962962963 0.4015625 0.2912037037037037 0.40208333333333335 0.29074074074074074 0.40208333333333335 0.29074074074074074 0.40234375 0.2898148148148148 0.40286458333333336 0.2898148148148148 0.403125 0.2884259259259259 0.4044270833333333 0.2884259259259259 0.40520833333333334 0.287962962962963 0.40546875 0.28703703703703703 0.40677083333333336 0.2824074074074074 0.40989583333333335 0.2824074074074074 0.41015625 0.28055555555555556 0.4119791666666667 0.28055555555555556 0.4125 0.2810185185185185 0.4127604166666667 0.2810185185185185 0.41432291666666665 0.2814814814814815 0.41458333333333336 0.2814814814814815 0.4158854166666667 0.28194444444444444 0.4161458333333333 0.28194444444444444 0.41640625 0.28379629629629627 0.41744791666666664 0.28379629629629627 0.41770833333333335 0.2847222222222222 0.41822916666666665 0.2851851851851852 0.41822916666666665 0.287962962962963 0.4197916666666667 0.2884259259259259 0.4197916666666667 0.2898148148148148 0.4205729166666667 0.2902777777777778 0.4205729166666667 0.29074074074074074 0.42083333333333334 0.29212962962962963 0.42083333333333334 0.29259259259259257 0.42109375 0.2935185185185185 0.42109375 0.29398148148148145 0.42135416666666664 0.2949074074074074 0.42135416666666664 0.2953703703703704 0.42161458333333335 0.2962962962962963 0.42161458333333335 0.2967592592592593 0.421875 0.29768518518518516 0.421875 0.29907407407407405 0.42239583333333336 0.300462962962963 0.42239583333333336 0.30092592592592593 0.42265625 0.3037037037037037 0.42265625 0.3050925925925926 0.42213541666666665 0.3060185185185185 0.42213541666666665 0.3087962962962963 0.4205729166666667 0.3087962962962963 0.4203125 0.30925925925925923 0.4200520833333333 0.30972222222222223 0.4200520833333333 0.31157407407407406 0.41901041666666666 0.31203703703703706 0.41901041666666666 0.31342592592592594 0.41822916666666665 0.3138888888888889 0.41822916666666665 0.3138888888888889 0.41796875 0.3148148148148148 0.41744791666666664 0.3148148148148148 0.4171875 0.31712962962962965 0.41484375 0.31712962962962965 0.41432291666666665 0.3175925925925926 0.4140625 0.3175925925925926 0.41354166666666664 0.31805555555555554 0.41328125 0.31805555555555554 0.4127604166666667 0.31851851851851853 0.4125 0.31851851851851853 0.4075520833333333 0.3194444444444444 0.40677083333333336 0.3194444444444444 0.40625 0.3199074074074074 0.40598958333333335 0.3212962962962963 0.4041666666666667 0.324537037037037 0.40234375 0.324537037037037 0.40208333333333335 0.32546296296296295 0.4015625 0.32546296296296295 0.40130208333333334 0.32592592592592595 0.4010416666666667 0.32592592592592595 0.4005208333333333 0.3263888888888889 0.4002604166666667 0.3263888888888889 0.3997395833333333 0.32685185185185184 0.39947916666666666 0.32731481481481484 0.39869791666666665 0.3282407407407407 0.39817708333333335 0.32916666666666666 0.396875 0.33055555555555555 0.39609375 0.33101851851851855 0.3953125 0.3337962962962963 0.3932291666666667 0.3337962962962963 0.3927083333333333 0.33425925925925926 0.3924479166666667 0.33425925925925926 0.3921875 0.3337962962962963 0.3919270833333333 0.3337962962962963 0.39036458333333335 0.3333333333333333 0.39010416666666664 0.3333333333333333 0.3893229166666667 0.33287037037037037 0.3890625 0.33287037037037037 0.3885416666666667 0.33240740740740743 0.3885416666666667
4 0.3416666666666667 0.4671875 0.3351851851851852 0.46979166666666666 0.33240740740740743 0.4705729166666667 0.325 0.4744791666666667 0.32592592592592595 0.4786458333333333 0.3296296296296296 0.48020833333333335 0.33240740740740743 0.4796875 0.3337962962962963 0.4796875 0.33425925925925926 0.47942708333333334 0.33564814814814814 0.47942708333333334 0.33611111111111114 0.4791666666666667 0.3375 0.4791666666666667 0.33796296296296297 0.47890625 0.3416666666666667 0.4791666666666667 0.34305555555555556 0.47994791666666664 0.3449074074074074 0.48359375 0.3490740740740741 0.48802083333333335 0.3490740740740741 0.48854166666666665 0.3509259259259259 0.490625 0.35185185185185186 0.49114583333333334 0.3527777777777778 0.49270833333333336 0.35462962962962963 0.4947916666666667 0.35555555555555557 0.4953125 0.3574074074074074 0.4979166666666667 0.3587962962962963 0.4986979166666667 0.36064814814814816 0.50078125 0.3611111111111111 0.5020833333333333 0.36203703703703705 0.5026041666666666 0.36435185185185187 0.5052083333333334 0.3648148148148148 0.50625 0.3662037037037037 0.50703125 0.3680555555555556 0.5091145833333334 0.3680555555555556 0.5096354166666667 0.3699074074074074 0.51171875 0.37083333333333335 0.5122395833333333 0.37083333333333335 0.5127604166666667 0.3726851851851852 0.5145833333333333 0.375 0.5158854166666667 0.3763888888888889 0.5174479166666667 0.38055555555555554 0.5197916666666667 0.3921296296296296 0.5200520833333333 0.3939814814814815 0.51796875 0.3939814814814815 0.5130208333333334 0.39351851851851855 0.5127604166666667 0.39351851851851855 0.51171875 0.39305555555555555 0.5114583333333333 0.3925925925925926 0.5096354166666667 0.3907407407407407 0.5080729166666667 0.38935185185185184 0.5057291666666667 0.3875 0.5036458333333333 0.38657407407407407 0.503125 0.38564814814814813 0.5015625 0.38333333333333336 0.49973958333333335 0.3819444444444444 0.49765625 0.37962962962962965 0.49583333333333335 0.3787037037037037 0.4942708333333333 0.375 0.490625 0.375 0.4901041666666667 0.3731481481481482 0.48828125 0.3726851851851852 0.4869791666666667 0.37083333333333335 0.4856770833333333 0.36898148148148147 0.48385416666666664 0.36898148148148147 0.48333333333333334 0.36712962962962964 0.48203125 0.3638888888888889 0.478125 0.3625 0.47552083333333334 0.36157407407407405 0.4747395833333333 0.3625 0.47291666666666665 0.36712962962962964 0.4705729166666667 0.3675925925925926 0.46848958333333335 0.3680555555555556 0.46822916666666664 0.3680555555555556 0.4666666666666667 0.36435185185185187 0.46380208333333334 0.3625 0.4635416666666667 0.3611111111111111 0.4630208333333333 0.3527777777777778 0.46458333333333335 0.3472222222222222 0.4661458333333333
4 0.4041666666666667 0.3455729166666667 0.40370370370370373 0.34661458333333334 0.4027777777777778 0.34739583333333335 0.4027777777777778 0.34791666666666665 0.4 0.35104166666666664 0.39814814814814814 0.3546875 0.3958333333333333 0.35703125 0.3958333333333333 0.3578125 0.3939814814814815 0.3606770833333333 0.3939814814814815 0.3619791666666667 0.39444444444444443 0.36223958333333334 0.39444444444444443 0.36276041666666664 0.3962962962962963 0.3645833333333333 0.399537037037037 0.365625 0.4027777777777778 0.3658854166666667 0.40324074074074073 0.36614583333333334 0.40555555555555556 0.36614583333333334 0.4083333333333333 0.3651041666666667 0.41064814814814815 0.36484375 0.4111111111111111 0.3645833333333333 0.4166666666666667 0.3645833333333333 0.41898148148148145 0.3651041666666667 0.4236111111111111 0.3653645833333333 0.425462962962963 0.3658854166666667 0.42685185185185187 0.3658854166666667 0.4273148148148148 0.36614583333333334 0.43194444444444446 0.36666666666666664 0.4351851851851852 0.36770833333333336 0.4375 0.36796875 0.4388888888888889 0.3684895833333333 0.4398148148148148 0.3684895833333333 0.44166666666666665 0.3690104166666667 0.44305555555555554 0.3690104166666667 0.44537037037037036 0.3697916666666667 0.4462962962962963 0.3697916666666667 0.44675925925925924 0.37005208333333334 0.44907407407407407 0.3703125 0.45046296296296295 0.37083333333333335 0.4527777777777778 0.37109375 0.45416666666666666 0.37161458333333336 0.4564814814814815 0.371875 0.46064814814814814 0.3731770833333333 0.4652777777777778 0.37395833333333334 0.47129629629629627 0.37578125 0.4736111111111111 0.37604166666666666 0.47638888888888886 0.3768229166666667 0.4777777777777778 0.3768229166666667 0.47824074074074074 0.3770833333333333 0.48148148148148145 0.3770833333333333 0.48194444444444445 0.37734375 0.4837962962962963 0.37734375 0.4861111111111111 0.37786458333333334 0.48657407407407405 0.3776041666666667 0.49027777777777776 0.37734375 0.4930555555555556 0.3765625 0.49537037037037035 0.3731770833333333 0.49537037037037035 0.37083333333333335 0.4949074074074074 0.37057291666666664 0.4949074074074074 0.3690104166666667 0.49074074074074076 0.3671875 0.4888888888888889 0.36666666666666664 0.487962962962963 0.36666666666666664 0.4824074074074074 0.36484375 0.48148148148148145 0.36484375 0.4787037037037037 0.3640625 0.47129629629629627 0.36276041666666664 0.46574074074074073 0.3609375 0.462037037037037 0.36041666666666666 0.4550925925925926 0.35833333333333334 0.45416666666666666 0.35833333333333334 0.4527777777777778 0.3578125 0.45046296296296295 0.3575520833333333 0.44907407407407407 0.35703125 0.44814814814814813 0.35703125 0.4444444444444444 0.35598958333333336 0.44351851851851853 0.35598958333333336 0.43796296296296294 0.35442708333333334 0.43703703703703706 0.35390625 0.43333333333333335 0.3528645833333333 0.4324074074074074 0.3528645833333333 0.42592592592592593 0.35078125 0.425 0.35078125 0.42314814814814816 0.3502604166666667 0.4212962962962963 0.34921875 0.4203703703703704 0.34817708333333336 0.4199074074074074 0.3458333333333333 0.41944444444444445 0.3453125 0.41574074074074074 0.34296875 0.41388888888888886 0.3424479166666667 0.4111111111111111 0.3421875 0.41064814814814815 0.3424479166666667 0.4083333333333333 0.34270833333333334
4 0.425 0.4744791666666667 0.42453703703703705 0.4786458333333333 0.42592592592592593 0.48020833333333335 0.42777777777777776 0.48125 0.4287037037037037 0.48125 0.4300925925925926 0.4817708333333333 0.43287037037037035 0.48203125 0.43333333333333335 0.4822916666666667 0.4356481481481482 0.4822916666666667 0.4393518518518518 0.47994791666666664 0.4412037037037037 0.47942708333333334 0.44212962962962965 0.47942708333333334 0.4425925925925926 0.4791666666666667 0.44722222222222224 0.4791666666666667 0.4476851851851852 0.47942708333333334 0.449537037037037 0.47942708333333334 0.45185185185185184 0.47994791666666664 0.45601851851851855 0.48020833333333335 0.45925925925925926 0.48098958333333336 0.4615740740740741 0.48098958333333336 0.462037037037037 0.48125 0.46574074074074073 0.48151041666666666 0.4708333333333333 0.4828125 0.47175925925925927 0.4828125 0.47314814814814815 0.48333333333333334 0.4740740740740741 0.48333333333333334 0.475462962962963 0.48385416666666664 0.47638888888888886 0.48385416666666664 0.4787037037037037 0.48463541666666665 0.4837962962962963 0.48541666666666666 0.48657407407407405 0.4861979166666667 0.487962962962963 0.4861979166666667 0.48842592592592593 0.4864583333333333 0.49074074074074076 0.48671875 0.49444444444444446 0.48776041666666664 0.49675925925925923 0.48776041666666664 0.49722222222222223 0.48802083333333335 0.49953703703703706 0.48828125 0.5060185185185185 0.4901041666666667 0.5069444444444444 0.4901041666666667 0.5087962962962963 0.490625 0.5101851851851852 0.490625 0.5106481481481482 0.4908854166666667 0.512962962962963 0.4908854166666667 0.513425925925926 0.49114583333333334 0.5143518518518518 0.49114583333333334 0.5148148148148148 0.4908854166666667 0.5217592592592593 0.4908854166666667 0.5231481481481481 0.4903645833333333 0.525 0.4901041666666667 0.5263888888888889 0.48932291666666666 0.5282407407407408 0.4864583333333333 0.5277777777777778 0.48515625 0.5259259259259259 0.4830729166666667 0.524537037037037 0.4822916666666667 0.5208333333333334 0.48125 0.512962962962963 0.47994791666666664 0.5060185185185185 0.478125 0.5046296296296297 0.478125 0.5027777777777778 0.47760416666666666 0.4976851851851852 0.47708333333333336 0.48935185185185187 0.4747395833333333 0.48842592592592593 0.4747395833333333 0.48657407407407405 0.47421875 0.48518518518518516 0.47421875 0.47824074074074074 0.47239583333333335 0.47175925925925927 0.4713541666666667 0.46620370370370373 0.46953125 0.4648148148148148 0.46953125 0.46435185185185185 0.46927083333333336 0.462037037037037 0.46901041666666665 0.4587962962962963 0.46796875 0.45694444444444443 0.46770833333333334 0.4546296296296296 0.4666666666666667 0.4537037037037037 0.4666666666666667 0.45185185185185184 0.465625 0.45092592592592595 0.46458333333333335 0.45046296296296295 0.4622395833333333 0.44814814814814813 0.4588541666666667 0.4444444444444444 0.45807291666666666 0.4398148148148148 0.4583333333333333 0.4351851851851852 0.4609375 0.43472222222222223 0.46171875 0.43333333333333335 0.4627604166666667 0.4300925925925926 0.46848958333333335 0.4287037037037037 0.4700520833333333 0.42777777777777776 0.4705729166666667 0.4263888888888889 0.47317708333333336
1 0.4425925925925926 0.59453125 0.44212962962962965 0.5947916666666667 0.4393518518518518 0.5947916666666667 0.4375 0.5955729166666667 0.4375 0.59609375 0.43703703703703706 0.5963541666666666 0.43703703703703706 0.5979166666666667 0.43657407407407406 0.5981770833333333 0.43657407407407406 0.60390625 0.4361111111111111 0.6041666666666666 0.4356481481481482 0.60546875 0.4337962962962963 0.6072916666666667 0.43425925925925923 0.6075520833333333 0.43425925925925923 0.6083333333333333 0.43472222222222223 0.60859375 0.43472222222222223 0.609375 0.4351851851851852 0.6096354166666667 0.4351851851851852 0.6104166666666667 0.4356481481481482 0.6106770833333334 0.4356481481481482 0.6111979166666667 0.43657407407407406 0.61171875 0.43657407407407406 0.6119791666666666 0.43796296296296294 0.61328125 0.43796296296296294 0.6138020833333333 0.43842592592592594 0.6140625 0.43842592592592594 0.61484375 0.4388888888888889 0.6151041666666667 0.4388888888888889 0.6171875 0.4393518518518518 0.6174479166666667 0.4393518518518518 0.6268229166666667 0.4388888888888889 0.6270833333333333 0.4388888888888889 0.6309895833333333 0.4393518518518518 0.63125 0.4393518518518518 0.6330729166666667 0.4398148148148148 0.6333333333333333 0.4398148148148148 0.6341145833333334 0.44027777777777777 0.634375 0.44027777777777777 0.6346354166666667 0.44212962962962965 0.6356770833333333 0.4425925925925926 0.6356770833333333 0.44305555555555554 0.6359375 0.45092592592592595 0.6359375 0.4527777777777778 0.63515625 0.4532407407407407 0.63515625 0.4546296296296296 0.634375 0.4546296296296296 0.6341145833333334 0.45555555555555555 0.6333333333333333 0.45601851851851855 0.63203125 0.4564814814814815 0.6317708333333333 0.4564814814814815 0.6309895833333333 0.45694444444444443 0.6307291666666667 0.45694444444444443 0.6263020833333334 0.45740740740740743 0.6260416666666667 0.45740740740740743 0.62421875 0.45787037037037037 0.6239583333333333 0.45787037037037037 0.62265625 0.4583333333333333 0.6223958333333334 0.4583333333333333 0.6203125 0.4587962962962963 0.6200520833333333 0.4587962962962963 0.6182291666666667 0.45925925925925926 0.61796875 0.45925925925925926 0.61640625 0.4597222222222222 0.6161458333333333 0.4597222222222222 0.61484375 0.4601851851851852 0.6145833333333334 0.4601851851851852 0.6140625 0.46064814814814814 0.6138020833333333 0.46064814814814814 0.61328125 0.46111111111111114 0.6130208333333333 0.4615740740740741 0.6122395833333333 0.4634259259259259 0.6111979166666667 0.4634259259259259 0.6109375 0.4638888888888889 0.6106770833333334 0.4638888888888889 0.61015625 0.46435185185185185 0.6098958333333333 0.46435185185185185 0.6091145833333333 0.4648148148148148 0.6088541666666667 0.4648148148148148 0.6075520833333333 0.4652777777777778 0.6072916666666667 0.4652777777777778 0.6028645833333334 0.46574074074074073 0.6026041666666667 0.46574074074074073 0.6020833333333333 0.46620370370370373 0.6018229166666667 0.46620370370370373 0.6010416666666667 0.4666666666666667 0.60078125 0.4666666666666667 0.5986979166666667 0.4652777777777778 0.59765625 0.4652777777777778 0.5973958333333333 0.462037037037037 0.5955729166666667 0.4601851851851852 0.5955729166666667 0.4597222222222222 0.5953125 0.45601851851851855 0.5953125 0.45555555555555555 0.5950520833333334 0.4527777777777778 0.5950520833333334 0.45231481481481484 0.5947916666666667 0.4476851851851852 0.5947916666666667 0.44722222222222224 0.5950520833333334 0.44675925925925924 0.5947916666666667 0.4439814814814815 0.5947916666666667 0.44351851851851853 0.59453125
5 0.5018518518518519 0.43776041666666665 0.5 0.4395833333333333 0.49953703703703706 0.44088541666666664 0.4981481481481482 0.4421875 0.4981481481481482 0.4427083333333333 0.4976851851851852 0.44296875 0.4976851851851852 0.4440104166666667 0.49722222222222223 0.44427083333333334 0.49722222222222223 0.44505208333333335 0.49675925925925923 0.4453125 0.49675925925925923 0.44635416666666666 0.4962962962962963 0.4466145833333333 0.4962962962962963 0.44817708333333334 0.49675925925925923 0.4484375 0.49722222222222223 0.45026041666666666 0.4981481481481482 0.4513020833333333 0.5060185185185185 0.45338541666666665 0.5069444444444444 0.45338541666666665 0.5087962962962963 0.45390625 0.5101851851851852 0.45390625 0.5106481481481482 0.45416666666666666 0.512962962962963 0.4544270833333333 0.5143518518518518 0.4549479166666667 0.5157407407407407 0.4549479166666667 0.5162037037037037 0.4552083333333333 0.5171296296296296 0.4552083333333333 0.5175925925925926 0.45546875 0.5226851851851851 0.45625 0.524074074074074 0.45677083333333335 0.5296296296296297 0.45755208333333336 0.5337962962962963 0.4588541666666667 0.5351851851851852 0.4588541666666667 0.5388888888888889 0.45989583333333334 0.5430555555555555 0.4622395833333333 0.5435185185185185 0.46328125 0.5439814814814815 0.4635416666666667 0.5439814814814815 0.4640625 0.5444444444444444 0.46432291666666664 0.5444444444444444 0.46484375 0.5449074074074074 0.46510416666666665 0.5453703703703704 0.4666666666666667 0.5467592592592593 0.4674479166666667 0.55 0.46848958333333335 0.5509259259259259 0.46848958333333335 0.5523148148148148 0.46901041666666665 0.5550925925925926 0.46901041666666665 0.5555555555555556 0.46927083333333336 0.5601851851851852 0.46927083333333336 0.5652777777777778 0.4666666666666667 0.5662037037037037 0.465625 0.5662037037037037 0.46510416666666665 0.5675925925925925 0.4635416666666667 0.5685185185185185 0.4630208333333333 0.5685185185185185 0.4625 0.575925925925926 0.45416666666666666 0.575925925925926 0.45260416666666664 0.5763888888888888 0.45234375 0.5763888888888888 0.4513020833333333 0.5768518518518518 0.4510416666666667 0.5768518518518518 0.44895833333333335 0.5773148148148148 0.44869791666666664 0.5773148148148148 0.4432291666666667 0.5768518518518518 0.44296875 0.5763888888888888 0.44166666666666665 0.575462962962963 0.44088541666666664 0.5703703703703704 0.4401041666666667 0.5685185185185185 0.4393229166666667 0.5657407407407408 0.4393229166666667 0.5652777777777778 0.4395833333333333 0.5643518518518519 0.4395833333333333 0.5615740740740741 0.44088541666666664 0.5597222222222222 0.44114583333333335 0.5592592592592592 0.44140625 0.5583333333333333 0.44140625 0.5578703703703703 0.44166666666666665 0.5569444444444445 0.44166666666666665 0.5527777777777778 0.44296875 0.5486111111111112 0.44296875 0.5481481481481482 0.4427083333333333 0.5453703703703704 0.4427083333333333 0.5449074074074074 0.44244791666666666 0.5435185185185185 0.44244791666666666 0.5430555555555555 0.4421875 0.5416666666666666 0.4421875 0.5412037037037037 0.44192708333333336 0.537962962962963 0.44192708333333336 0.5375 0.44166666666666665 0.5333333333333333 0.44140625 0.5300925925925926 0.440625 0.5291666666666667 0.4401041666666667 0.5282407407407408 0.4401041666666667 0.5254629629629629 0.4393229166666667 0.5226851851851851 0.4393229166666667 0.5222222222222223 0.4390625 0.5175925925925926 0.4388020833333333 0.512962962962963 0.4375 0.5111111111111111 0.4375 0.5106481481481482 0.43723958333333335 0.5087962962962963 0.43723958333333335 0.5083333333333333 0.43697916666666664 0.5055555555555555 0.43697916666666664 0.5050925925925925 0.43723958333333335 0.5041666666666667 0.43723958333333335 0.5037037037037037 0.4375
4 0.5212962962962963 0.33229166666666665 0.5185185185185185 0.3338541666666667 0.5185185185185185 0.334375 0.5180555555555556 0.3346354166666667 0.5180555555555556 0.33619791666666665 0.5175925925925926 0.33645833333333336 0.5175925925925926 0.3385416666666667 0.5180555555555556 0.33880208333333334 0.5185185185185185 0.3411458333333333 0.5189814814814815 0.34140625 0.5194444444444445 0.34348958333333335 0.5203703703703704 0.34479166666666666 0.5203703703703704 0.3458333333333333 0.5212962962962963 0.34713541666666664 0.5212962962962963 0.34817708333333336 0.5231481481481481 0.35078125 0.5231481481481481 0.3515625 0.524074074074074 0.35260416666666666 0.524074074074074 0.3536458333333333 0.524537037037037 0.35390625 0.525 0.35572916666666665 0.5259259259259259 0.3567708333333333 0.5259259259259259 0.3575520833333333 0.5263888888888889 0.3578125 0.5263888888888889 0.35859375 0.5273148148148148 0.35963541666666665 0.5273148148148148 0.36041666666666666 0.5287037037037037 0.36223958333333334 0.5287037037037037 0.36328125 0.5291666666666667 0.36354166666666665 0.5291666666666667 0.36432291666666666 0.5296296296296297 0.3645833333333333 0.5296296296296297 0.3653645833333333 0.5300925925925926 0.365625 0.5300925925925926 0.36640625 0.5310185185185186 0.36770833333333336 0.5314814814814814 0.3703125 0.5319444444444444 0.37057291666666664 0.5319444444444444 0.371875 0.5324074074074074 0.37213541666666666 0.5324074074074074 0.37421875 0.5319444444444444 0.37447916666666664 0.5314814814814814 0.3765625 0.525 0.3807291666666667 0.525 0.384375 0.524537037037037 0.3846354166666667 0.5254629629629629 0.38567708333333334 0.5291666666666667 0.38776041666666666 0.5337962962962963 0.3885416666666667 0.5342592592592592 0.3888020833333333 0.5351851851851852 0.3888020833333333 0.5356481481481481 0.3890625 0.5365740740740741 0.3890625 0.5370370370370371 0.3893229166666667 0.5375 0.3890625 0.549074074074074 0.3890625 0.549537037037037 0.3888020833333333 0.5518518518518518 0.3888020833333333 0.5555555555555556 0.38776041666666666 0.5583333333333333 0.38671875 0.5625 0.3846354166666667 0.562962962962963 0.3846354166666667 0.5666666666666667 0.3809895833333333 0.5662037037037037 0.3768229166666667 0.5550925925925926 0.3697916666666667 0.5532407407407407 0.36770833333333336 0.5532407407407407 0.3671875 0.5518518518518518 0.3658854166666667 0.5518518518518518 0.3653645833333333 0.5509259259259259 0.3645833333333333 0.5509259259259259 0.3640625 0.549537037037037 0.36223958333333334 0.549537037037037 0.3614583333333333 0.5481481481481482 0.35989583333333336 0.5481481481481482 0.359375 0.5467592592592593 0.3575520833333333 0.5467592592592593 0.3567708333333333 0.5458333333333333 0.35572916666666665 0.5458333333333333 0.35494791666666664 0.5453703703703704 0.3546875 0.5453703703703704 0.35390625 0.5449074074074074 0.3536458333333333 0.5449074074074074 0.3528645833333333 0.5444444444444444 0.35260416666666666 0.5444444444444444 0.35182291666666665 0.5439814814814815 0.3515625 0.5439814814814815 0.35078125 0.5435185185185185 0.35052083333333334 0.5435185185185185 0.3497395833333333 0.5430555555555555 0.3494791666666667 0.5430555555555555 0.34869791666666666 0.5425925925925926 0.3484375 0.5425925925925926 0.34765625 0.5416666666666666 0.3463541666666667 0.5416666666666666 0.3453125 0.5407407407407407 0.34401041666666665 0.5407407407407407 0.34296875 0.5402777777777777 0.34270833333333334 0.5402777777777777 0.3419270833333333 0.5393518518518519 0.340625 0.5393518518518519 0.33958333333333335 0.5388888888888889 0.33932291666666664 0.538425925925926 0.3375 0.537962962962963 0.3372395833333333 0.5375 0.3359375 0.5365740740740741 0.33515625 0.5365740740740741 0.3346354166666667 0.5328703703703703 0.33229166666666665 0.5319444444444444 0.33229166666666665 0.5314814814814814 0.33203125 0.5236111111111111 0.33203125 0.5231481481481481 0.33229166666666665
4 0.6583333333333333 0.3455729166666667 0.6569444444444444 0.3455729166666667 0.6546296296296297 0.3450520833333333 0.6467592592592593 0.34479166666666666 0.6462962962962963 0.34453125 0.6453703703703704 0.34479166666666666 0.638425925925926 0.34479166666666666 0.637962962962963 0.3450520833333333 0.6347222222222222 0.3450520833333333 0.6310185185185185 0.3458333333333333 0.6273148148148148 0.34921875 0.6273148148148148 0.3497395833333333 0.6300925925925925 0.35260416666666666 0.6342592592592593 0.3546875 0.6370370370370371 0.3572916666666667 0.6370370370370371 0.359375 0.6365740740740741 0.35963541666666665 0.6365740740740741 0.36223958333333334 0.6361111111111111 0.3625 0.6361111111111111 0.36380208333333336 0.6356481481481482 0.3640625 0.6356481481481482 0.3651041666666667 0.6351851851851852 0.3653645833333333 0.6351851851851852 0.36640625 0.6347222222222222 0.36666666666666664 0.6347222222222222 0.36770833333333336 0.6342592592592593 0.36796875 0.6342592592592593 0.3690104166666667 0.6337962962962963 0.3692708333333333 0.6337962962962963 0.37057291666666664 0.6333333333333333 0.37083333333333335 0.6328703703703704 0.3729166666666667 0.6324074074074074 0.3731770833333333 0.6319444444444444 0.37578125 0.6314814814814815 0.37604166666666666 0.6314814814814815 0.3768229166666667 0.6305555555555555 0.378125 0.6305555555555555 0.3796875 0.6300925925925925 0.37994791666666666 0.6296296296296297 0.3828125 0.6291666666666667 0.38307291666666665 0.6291666666666667 0.3841145833333333 0.6287037037037037 0.384375 0.6287037037037037 0.3854166666666667 0.6282407407407408 0.38567708333333334 0.6277777777777778 0.38828125 0.6263888888888889 0.39036458333333335 0.6259259259259259 0.39296875 0.625462962962963 0.3932291666666667 0.625462962962963 0.39479166666666665 0.625 0.39505208333333336 0.624537037037037 0.4002604166666667 0.6259259259259259 0.40182291666666664 0.6277777777777778 0.40260416666666665 0.6333333333333333 0.40286458333333336 0.6337962962962963 0.403125 0.638425925925926 0.403125 0.6421296296296296 0.4010416666666667 0.6425925925925926 0.4 0.6435185185185185 0.39921875 0.6435185185185185 0.39869791666666665 0.6453703703703704 0.39609375 0.6458333333333334 0.39427083333333335 0.6462962962962963 0.39401041666666664 0.6462962962962963 0.39296875 0.6467592592592593 0.3927083333333333 0.6467592592592593 0.39166666666666666 0.6472222222222223 0.39140625 0.6472222222222223 0.39036458333333335 0.6476851851851851 0.39010416666666664 0.6476851851851851 0.3890625 0.6481481481481481 0.3888020833333333 0.6481481481481481 0.38776041666666666 0.6486111111111111 0.3875 0.649074074074074 0.3846354166666667 0.649537037037037 0.384375 0.649537037037037 0.38333333333333336 0.65 0.38307291666666665 0.6509259259259259 0.37864583333333335 0.6513888888888889 0.37838541666666664 0.6518518518518519 0.37604166666666666 0.6523148148148148 0.37578125 0.6523148148148148 0.375 0.6527777777777778 0.37473958333333335 0.6527777777777778 0.37395833333333334 0.6537037037037037 0.37265625 0.6546296296296297 0.36796875 0.6550925925925926 0.36770833333333336 0.6555555555555556 0.3653645833333333 0.6560185185185186 0.3651041666666667 0.6560185185185186 0.36432291666666666 0.6564814814814814 0.3640625 0.6564814814814814 0.36328125 0.6569444444444444 0.36302083333333335 0.6569444444444444 0.36223958333333334 0.6578703703703703 0.3611979166666667 0.6583333333333333 0.35963541666666665 0.6592592592592592 0.35859375 0.6606481481481481 0.3578125 0.6625 0.3572916666666667 0.6638888888888889 0.3572916666666667 0.6675925925925926 0.35572916666666665 0.6689814814814815 0.35546875 0.6717592592592593 0.3533854166666667 0.6712962962962963 0.3494791666666667 0.6694444444444444 0.34869791666666666 0.6671296296296296 0.34817708333333336 0.6643518518518519 0.346875
2 0.6694444444444444 0.4278645833333333 0.662962962962963 0.43046875 0.6597222222222222 0.43125 0.6541666666666667 0.434375 0.6532407407407408 0.4354166666666667 0.6546296296296297 0.4390625 0.6587962962962963 0.440625 0.6671296296296296 0.440625 0.6708333333333333 0.4421875 0.6759259259259259 0.44817708333333334 0.6773148148148148 0.4510416666666667 0.6833333333333333 0.45651041666666664 0.6847222222222222 0.459375 0.6958333333333333 0.47291666666666665 0.7018518518518518 0.48203125 0.7069444444444445 0.48776041666666664 0.7152777777777778 0.5 0.7189814814814814 0.5036458333333333 0.7236111111111111 0.51015625 0.7268518518518519 0.5127604166666667 0.7328703703703704 0.52109375 0.736574074074074 0.52421875 0.7393518518518518 0.52578125 0.7435185185185185 0.5270833333333333 0.7513888888888889 0.52734375 0.7523148148148148 0.5252604166666667 0.7513888888888889 0.52109375 0.7490740740740741 0.5174479166666667 0.7453703703703703 0.5140625 0.7439814814814815 0.5096354166666667 0.7361111111111112 0.49895833333333334 0.7310185185185185 0.4934895833333333 0.725462962962963 0.48541666666666666 0.7217592592592592 0.4817708333333333 0.7166666666666667 0.4734375 0.7078703703703704 0.46328125 0.7018518518518518 0.45364583333333336 0.6981481481481482 0.45026041666666666 0.6907407407407408 0.4395833333333333 0.6893518518518519 0.4354166666666667 0.6912037037037037 0.43359375 0.6949074074074074 0.4315104166666667 0.6944444444444444 0.4276041666666667 0.6930555555555555 0.4265625 0.6898148148148148 0.42578125 0.6847222222222222 0.42552083333333335
3 0.6777777777777778 0.5138020833333333 0.6754629629629629 0.51640625 0.6736111111111112 0.5177083333333333 0.6736111111111112 0.5182291666666666 0.6708333333333333 0.52109375 0.6708333333333333 0.5216145833333333 0.6699074074074074 0.5223958333333333 0.6699074074074074 0.5229166666666667 0.6689814814814815 0.5236979166666667 0.6689814814814815 0.52421875 0.6680555555555555 0.5252604166666667 0.6680555555555555 0.5263020833333333 0.6675925925925926 0.5265625 0.6675925925925926 0.5276041666666667 0.6671296296296296 0.5278645833333333 0.6671296296296296 0.52890625 0.6666666666666666 0.5291666666666667 0.6666666666666666 0.5330729166666667 0.6675925925925926 0.5338541666666666 0.6675925925925926 0.534375 0.6685185185185185 0.5354166666666667 0.6699074074074074 0.5364583333333334 0.6731481481481482 0.5375 0.674537037037037 0.5375 0.675 0.5377604166666666 0.6782407407407407 0.5377604166666666 0.6800925925925926 0.53828125 0.6930555555555555 0.53828125 0.6944444444444444 0.5388020833333333 0.6953703703703704 0.5388020833333333 0.6967592592592593 0.5393229166666667 0.700462962962963 0.53984375 0.7041666666666667 0.5408854166666667 0.7092592592592593 0.5416666666666666 0.7134259259259259 0.54296875 0.7171296296296297 0.5434895833333333 0.7212962962962963 0.5447916666666667 0.7222222222222222 0.5447916666666667 0.7240740740740741 0.5453125 0.725925925925926 0.5453125 0.7263888888888889 0.5455729166666666 0.7314814814814815 0.5458333333333333 0.7356481481481482 0.546875 0.7384259259259259 0.546875 0.7388888888888889 0.5471354166666667 0.7402777777777778 0.5471354166666667 0.7407407407407407 0.546875 0.7425925925925926 0.546875 0.7430555555555556 0.5466145833333333 0.7449074074074075 0.5466145833333333 0.7453703703703703 0.5463541666666667 0.7476851851851852 0.5463541666666667 0.7523148148148148 0.5434895833333333 0.7546296296296297 0.5408854166666667 0.7550925925925925 0.53828125 0.7555555555555555 0.5380208333333333 0.7555555555555555 0.5361979166666667 0.7550925925925925 0.5359375 0.7550925925925925 0.53515625 0.7541666666666667 0.534375 0.7541666666666667 0.5338541666666666 0.7518518518518519 0.53125 0.75 0.53046875 0.7476851851851852 0.5302083333333333 0.7444444444444445 0.5286458333333334 0.7430555555555556 0.5283854166666667 0.736574074074074 0.52578125 0.7347222222222223 0.5252604166666667 0.7310185185185185 0.5247395833333334 0.7296296296296296 0.52421875 0.7287037037037037 0.52421875 0.7240740740740741 0.5223958333333333 0.7231481481481481 0.5223958333333333 0.7203703703703703 0.5216145833333333 0.7189814814814814 0.5208333333333334 0.7148148148148148 0.5192708333333333 0.712037037037037 0.5177083333333333 0.7111111111111111 0.51640625 0.7101851851851851 0.5135416666666667 0.7083333333333334 0.5114583333333333 0.7055555555555556 0.5096354166666667 0.7032407407407407 0.5091145833333334 0.7013888888888888 0.5083333333333333 0.700462962962963 0.5083333333333333 0.6972222222222222 0.5075520833333333 0.6921296296296297 0.5078125 0.6916666666666667 0.5080729166666667 0.6893518518518519 0.5083333333333333 0.687037037037037 0.509375 0.6856481481481481 0.5096354166666667
4 0.8282407407407407 0.38515625 0.8268518518518518 0.384375 0.825 0.38385416666666666 0.8231481481481482 0.38385416666666666 0.8226851851851852 0.38359375 0.8152777777777778 0.38385416666666666 0.8148148148148148 0.3841145833333333 0.8115740740740741 0.384375 0.8041666666666667 0.3859375 0.8027777777777778 0.3859375 0.8013888888888889 0.38645833333333335 0.7949074074074074 0.3875 0.7912037037037037 0.3885416666666667 0.7898148148148149 0.3885416666666667 0.7893518518518519 0.3888020833333333 0.787962962962963 0.3888020833333333 0.7875 0.3890625 0.7837962962962963 0.38958333333333334 0.7824074074074074 0.39010416666666664 0.7800925925925926 0.39036458333333335 0.7754629629629629 0.39166666666666666 0.7708333333333334 0.3919270833333333 0.7671296296296296 0.39296875 0.763425925925926 0.39296875 0.7597222222222222 0.39401041666666664 0.7513888888888889 0.39427083333333335 0.75 0.39375 0.7486111111111111 0.39375 0.7481481481481481 0.39348958333333334 0.7430555555555556 0.3932291666666667 0.7402777777777778 0.3924479166666667 0.7351851851851852 0.3924479166666667 0.7337962962962963 0.3932291666666667 0.7324074074074074 0.39348958333333334 0.7291666666666666 0.3958333333333333 0.7291666666666666 0.3963541666666667 0.7287037037037037 0.3966145833333333 0.7287037037037037 0.39869791666666665 0.7282407407407407 0.39895833333333336 0.7282407407407407 0.4041666666666667 0.7300925925925926 0.40677083333333336 0.7305555555555555 0.4083333333333333 0.7319444444444444 0.40963541666666664 0.7319444444444444 0.41015625 0.7333333333333333 0.4114583333333333 0.7333333333333333 0.4119791666666667 0.7342592592592593 0.41302083333333334 0.7351851851851852 0.41354166666666664 0.7356481481481482 0.41432291666666665 0.7402777777777778 0.4166666666666667 0.7430555555555556 0.41692708333333334 0.7435185185185185 0.4171875 0.7467592592592592 0.4171875 0.7472222222222222 0.41692708333333334 0.7481481481481481 0.41692708333333334 0.7490740740740741 0.4166666666666667 0.7523148148148148 0.41458333333333336 0.7555555555555555 0.41354166666666664 0.7578703703703704 0.41171875 0.7587962962962963 0.41041666666666665 0.7625 0.4083333333333333 0.7675925925925926 0.40703125 0.7685185185185185 0.40703125 0.7708333333333334 0.40625 0.7717592592592593 0.40625 0.7731481481481481 0.40572916666666664 0.7796296296296297 0.4049479166666667 0.7805555555555556 0.4044270833333333 0.7833333333333333 0.4036458333333333 0.7856481481481481 0.40338541666666666 0.7893518518518519 0.40234375 0.7944444444444444 0.4015625 0.7972222222222223 0.40078125 0.7986111111111112 0.40078125 0.8004629629629629 0.4002604166666667 0.8018518518518518 0.4002604166666667 0.8023148148148148 0.4 0.8060185185185185 0.39947916666666666 0.8101851851851852 0.39817708333333335 0.8111111111111111 0.39817708333333335 0.8138888888888889 0.3971354166666667 0.8180555555555555 0.3966145833333333 0.8203703703703704 0.3958333333333333 0.8212962962962963 0.3958333333333333 0.8231481481481482 0.3953125 0.8240740740740741 0.39479166666666665 0.8268518518518518 0.39401041666666664 0.8296296296296296 0.3924479166666667 0.8305555555555556 0.38828125 0.8300925925925926 0.3880208333333333 0.8300925925925926 0.38723958333333336
1 0.7546296296296297 0.4981770833333333 0.7541666666666667 0.4984375 0.7532407407407408 0.4984375 0.7527777777777778 0.4986979166666667 0.7523148148148148 0.4986979166666667 0.75 0.5 0.75 0.5002604166666667 0.7490740740740741 0.50078125 0.7490740740740741 0.5010416666666667 0.7486111111111111 0.5013020833333334 0.7486111111111111 0.5026041666666666 0.7481481481481481 0.5028645833333333 0.7481481481481481 0.50625 0.7476851851851852 0.5065104166666666 0.7476851851851852 0.5075520833333333 0.7472222222222222 0.5078125 0.7472222222222222 0.50859375 0.7467592592592592 0.5088541666666667 0.7467592592592592 0.5138020833333333 0.7472222222222222 0.5140625 0.7472222222222222 0.5151041666666667 0.7476851851851852 0.5153645833333333 0.7476851851851852 0.5158854166666667 0.7481481481481481 0.5161458333333333 0.7481481481481481 0.5166666666666667 0.7486111111111111 0.5169270833333334 0.7486111111111111 0.5174479166666667 0.7490740740740741 0.5177083333333333 0.7490740740740741 0.5182291666666666 0.749537037037037 0.5184895833333333 0.749537037037037 0.5190104166666667 0.75 0.5192708333333333 0.75 0.5197916666666667 0.750462962962963 0.5200520833333333 0.750462962962963 0.5205729166666667 0.7509259259259259 0.5208333333333334 0.7509259259259259 0.521875 0.7513888888888889 0.5221354166666666 0.7513888888888889 0.5236979166666667 0.7518518518518519 0.5239583333333333 0.7518518518518519 0.5294270833333333 0.7537037037037037 0.53125 0.7537037037037037 0.5317708333333333 0.7541666666666667 0.53203125 0.7541666666666667 0.5325520833333334 0.7546296296296297 0.5328125 0.7546296296296297 0.5333333333333333 0.7550925925925925 0.53359375 0.7550925925925925 0.5341145833333333 0.7555555555555555 0.534375 0.7555555555555555 0.5348958333333333 0.7560185185185185 0.53515625 0.7564814814814815 0.5364583333333334 0.7569444444444444 0.53671875 0.7574074074074074 0.5375 0.7583333333333333 0.5380208333333333 0.7587962962962963 0.5380208333333333 0.7592592592592593 0.53828125 0.763425925925926 0.53828125 0.7675925925925926 0.5361979166666667 0.7675925925925926 0.5359375 0.7685185185185185 0.53515625 0.7689814814814815 0.5338541666666666 0.7694444444444445 0.53359375 0.7694444444444445 0.5328125 0.7699074074074074 0.5325520833333334 0.7699074074074074 0.5307291666666667 0.7703703703703704 0.53046875 0.7703703703703704 0.52890625 0.7708333333333334 0.5286458333333334 0.7708333333333334 0.5247395833333334 0.7712962962962963 0.5244791666666667 0.7712962962962963 0.5229166666666667 0.7717592592592593 0.52265625 0.7717592592592593 0.52109375 0.7722222222222223 0.5208333333333334 0.7722222222222223 0.5192708333333333 0.7726851851851851 0.5190104166666667 0.7726851851851851 0.5174479166666667 0.7731481481481481 0.5171875 0.7736111111111111 0.5158854166666667 0.774074074074074 0.515625 0.775 0.5143229166666666 0.7759259259259259 0.5138020833333333 0.7759259259259259 0.51328125 0.7763888888888889 0.5130208333333334 0.7763888888888889 0.5125 0.7768518518518519 0.5122395833333333 0.7768518518518519 0.5114583333333333 0.7773148148148148 0.5111979166666667 0.7773148148148148 0.5106770833333333 0.7777777777777778 0.5104166666666666 0.7777777777777778 0.5098958333333333 0.7782407407407408 0.5096354166666667 0.7782407407407408 0.5088541666666667 0.7787037037037037 0.50859375 0.7787037037037037 0.5078125 0.7791666666666667 0.5075520833333333 0.7791666666666667 0.5065104166666666 0.7796296296296297 0.50625 0.7796296296296297 0.5015625 0.7791666666666667 0.5013020833333334 0.7791666666666667 0.5010416666666667 0.7768518518518519 0.5 0.7763888888888889 0.5 0.7759259259259259 0.49973958333333335 0.775 0.49973958333333335 0.774537037037037 0.49947916666666664 0.7736111111111111 0.49947916666666664 0.7731481481481481 0.49921875 0.7722222222222223 0.49921875 0.7717592592592593 0.49895833333333334 0.7699074074074074 0.49895833333333334 0.7694444444444445 0.4986979166666667 0.7671296296296296 0.4986979166666667 0.7666666666666667 0.4984375 0.7597222222222222 0.4984375 0.7592592592592593 0.4981770833333333
1 0.7870370370370371 0.25859375 0.7870370370370371 0.25885416666666666 0.7856481481481481 0.26015625 0.7856481481481481 0.26067708333333334 0.7847222222222222 0.26145833333333335 0.7847222222222222 0.26197916666666665 0.7837962962962963 0.26276041666666666 0.7837962962962963 0.26328125 0.7828703703703703 0.2640625 0.7828703703703703 0.26458333333333334 0.7824074074074074 0.26484375 0.7824074074074074 0.265625 0.7819444444444444 0.26588541666666665 0.7819444444444444 0.2669270833333333 0.7814814814814814 0.2671875 0.7814814814814814 0.2677083333333333 0.7819444444444444 0.26796875 0.7819444444444444 0.26848958333333334 0.7824074074074074 0.26875 0.7828703703703703 0.27005208333333336 0.7833333333333333 0.2703125 0.7837962962962963 0.2703125 0.7851851851851852 0.27109375 0.7856481481481481 0.27109375 0.7893518518518519 0.27265625 0.7898148148148149 0.27265625 0.7916666666666666 0.2734375 0.7921296296296296 0.2734375 0.7958333333333333 0.2752604166666667 0.7967592592592593 0.2752604166666667 0.7981481481481482 0.27578125 0.8004629629629629 0.2760416666666667 0.8018518518518518 0.2765625 0.8037037037037037 0.2765625 0.8041666666666667 0.27682291666666664 0.8064814814814815 0.27682291666666664 0.8069444444444445 0.27708333333333335 0.8092592592592592 0.27708333333333335 0.8097222222222222 0.27734375 0.8111111111111111 0.27734375 0.8115740740740741 0.27760416666666665 0.8125 0.27760416666666665 0.8138888888888889 0.278125 0.8148148148148148 0.278125 0.8152777777777778 0.27838541666666666 0.8166666666666667 0.27838541666666666 0.8171296296296297 0.2786458333333333 0.8180555555555555 0.2786458333333333 0.8194444444444444 0.2791666666666667 0.8203703703703704 0.2791666666666667 0.8208333333333333 0.2794270833333333 0.8222222222222222 0.2794270833333333 0.8226851851851852 0.2796875 0.8236111111111111 0.2796875 0.825 0.28020833333333334 0.825925925925926 0.28020833333333334 0.8268518518518518 0.28072916666666664 0.8273148148148148 0.28072916666666664 0.8291666666666667 0.28151041666666665 0.8324074074074074 0.28229166666666666 0.8342592592592593 0.2830729166666667 0.836574074074074 0.2830729166666667 0.837037037037037 0.2833333333333333 0.8425925925925926 0.2833333333333333 0.8430555555555556 0.2830729166666667 0.8439814814814814 0.2830729166666667 0.8458333333333333 0.28229166666666666 0.8458333333333333 0.28203125 0.8476851851851852 0.28020833333333334 0.8476851851851852 0.2796875 0.8481481481481481 0.2794270833333333 0.8481481481481481 0.2752604166666667 0.8453703703703703 0.27369791666666665 0.8430555555555556 0.27317708333333335 0.8421296296296297 0.27265625 0.8416666666666667 0.27265625 0.8407407407407408 0.2721354166666667 0.8402777777777778 0.2721354166666667 0.8384259259259259 0.27109375 0.8379629629629629 0.27109375 0.8375 0.2708333333333333 0.8361111111111111 0.27057291666666666 0.8351851851851851 0.27005208333333336 0.8337962962962963 0.26979166666666665 0.8324074074074074 0.26901041666666664 0.8319444444444445 0.26901041666666664 0.8305555555555556 0.2682291666666667 0.8300925925925926 0.2682291666666667 0.8282407407407407 0.2671875 0.8277777777777777 0.2671875 0.825925925925926 0.26614583333333336 0.825462962962963 0.26614583333333336 0.8222222222222222 0.2643229166666667 0.8222222222222222 0.2640625 0.8212962962962963 0.2635416666666667 0.8212962962962963 0.26328125 0.8189814814814815 0.26171875 0.8185185185185185 0.2609375 0.8162037037037037 0.2596354166666667 0.8152777777777778 0.2596354166666667 0.8148148148148148 0.259375 0.8138888888888889 0.259375 0.8134259259259259 0.2591145833333333 0.812962962962963 0.2591145833333333 0.8106481481481481 0.25807291666666665 0.8101851851851852 0.25807291666666665 0.8083333333333333 0.25729166666666664 0.8078703703703703 0.25729166666666664 0.8055555555555556 0.2559895833333333 0.8050925925925926 0.2559895833333333 0.8037037037037037 0.25546875 0.8027777777777778 0.25546875 0.8023148148148148 0.2552083333333333 0.8009259259259259 0.2552083333333333 0.8004629629629629 0.25494791666666666 0.799537037037037 0.25494791666666666 0.799074074074074 0.2546875 0.7944444444444444 0.2546875 0.7939814814814815 0.25494791666666666 0.7935185185185185 0.25494791666666666 0.7912037037037037 0.25625 0.7907407407407407 0.25625 0.7907407407407407 0.2565104166666667
1 0.8138888888888889 0.5026041666666666 0.8143518518518519 0.5028645833333333 0.8143518518518519 0.5033854166666667 0.8152777777777778 0.5041666666666667 0.8152777777777778 0.5046875 0.8157407407407408 0.5049479166666667 0.8162037037037037 0.5057291666666667 0.8180555555555555 0.5067708333333333 0.8189814814814815 0.5067708333333333 0.8194444444444444 0.50703125 0.8203703703703704 0.50703125 0.8208333333333333 0.5072916666666667 0.8217592592592593 0.5072916666666667 0.8222222222222222 0.5075520833333333 0.8268518518518518 0.5075520833333333 0.8273148148148148 0.5072916666666667 0.8282407407407407 0.5072916666666667 0.8287037037037037 0.50703125 0.8356481481481481 0.50703125 0.8361111111111111 0.5067708333333333 0.8421296296296297 0.5067708333333333 0.8425925925925926 0.5065104166666666 0.8439814814814814 0.5065104166666666 0.8444444444444444 0.50625 0.8458333333333333 0.50625 0.8462962962962963 0.5059895833333333 0.8486111111111111 0.5059895833333333 0.8490740740740741 0.5057291666666667 0.850462962962963 0.50546875 0.8541666666666666 0.5033854166666667 0.8550925925925926 0.5033854166666667 0.8564814814814815 0.5028645833333333 0.8592592592592593 0.5028645833333333 0.8597222222222223 0.5026041666666666 0.862037037037037 0.5026041666666666 0.8625 0.50234375 0.8638888888888889 0.50234375 0.8643518518518518 0.5020833333333333 0.8666666666666667 0.5020833333333333 0.8671296296296296 0.5018229166666667 0.8694444444444445 0.5018229166666667 0.8699074074074075 0.5015625 0.8708333333333333 0.5015625 0.8712962962962963 0.5013020833333334 0.8731481481481481 0.5013020833333334 0.8736111111111111 0.5010416666666667 0.874537037037037 0.5010416666666667 0.875 0.50078125 0.8768518518518519 0.50078125 0.8773148148148148 0.5005208333333333 0.8787037037037037 0.5005208333333333 0.8791666666666667 0.5002604166666667 0.8805555555555555 0.5002604166666667 0.8810185185185185 0.5 0.8842592592592593 0.49921875 0.8865740740740741 0.4979166666666667 0.8865740740740741 0.49661458333333336 0.8870370370370371 0.49635416666666665 0.8870370370370371 0.49375 0.8865740740740741 0.4934895833333333 0.8856481481481482 0.4921875 0.8847222222222222 0.49166666666666664 0.8847222222222222 0.49140625 0.8828703703703704 0.4903645833333333 0.8824074074074074 0.4903645833333333 0.8805555555555555 0.4895833333333333 0.8625 0.4895833333333333 0.862037037037037 0.48984375 0.8587962962962963 0.48984375 0.8583333333333333 0.4895833333333333 0.8569444444444444 0.4895833333333333 0.8564814814814815 0.48984375 0.8481481481481481 0.48984375 0.8476851851851852 0.4895833333333333 0.8458333333333333 0.4895833333333333 0.8453703703703703 0.48932291666666666 0.8439814814814814 0.48932291666666666 0.8435185185185186 0.4890625 0.8425925925925926 0.4890625 0.8421296296296297 0.48880208333333336 0.8398148148148148 0.48880208333333336 0.8393518518518519 0.4890625 0.8375 0.4890625 0.837037037037037 0.48932291666666666 0.8356481481481481 0.48932291666666666 0.8351851851851851 0.4895833333333333 0.8342592592592593 0.4895833333333333 0.8337962962962963 0.48984375 0.8324074074074074 0.48984375 0.8319444444444445 0.4901041666666667 0.8310185185185185 0.4901041666666667 0.8287037037037037 0.4908854166666667 0.8277777777777777 0.4908854166666667 0.8273148148148148 0.49114583333333334 0.8263888888888888 0.49114583333333334 0.825925925925926 0.49140625 0.8236111111111111 0.49140625 0.8231481481481482 0.49166666666666664 0.8208333333333333 0.49166666666666664 0.8203703703703704 0.49192708333333335 0.8185185185185185 0.49192708333333335 0.8162037037037037 0.49322916666666666 0.8162037037037037 0.4934895833333333 0.8152777777777778 0.4942708333333333 0.8152777777777778 0.4953125 0.8148148148148148 0.49557291666666664 0.8148148148148148 0.49661458333333336 0.8143518518518519 0.496875 0.8143518518518519 0.4979166666666667 0.8138888888888889 0.4981770833333333
3 0.999537037037037 0.309375 0.9935185185185185 0.309375 0.9930555555555556 0.30963541666666666 0.9888888888888889 0.30963541666666666 0.9884259259259259 0.3098958333333333 0.9856481481481482 0.3098958333333333 0.9851851851851852 0.31015625 0.9842592592592593 0.31015625 0.9837962962962963 0.3104166666666667 0.9824074074074074 0.3104166666666667 0.9810185185185185 0.3111979166666667 0.9805555555555555 0.3111979166666667 0.9800925925925926 0.31145833333333334 0.9796296296296296 0.31145833333333334 0.9791666666666666 0.31171875 0.9787037037037037 0.31171875 0.9782407407407407 0.31197916666666664 0.9777777777777777 0.31197916666666664 0.975462962962963 0.31276041666666665 0.9745370370370371 0.31276041666666665 0.9731481481481481 0.31354166666666666 0.9726851851851852 0.31354166666666666 0.9699074074074074 0.3151041666666667 0.9699074074074074 0.31536458333333334 0.9680555555555556 0.31666666666666665 0.9680555555555556 0.3171875 0.9671296296296297 0.31796875 0.9671296296296297 0.31875 0.9666666666666667 0.3190104166666667 0.9666666666666667 0.31979166666666664 0.9662037037037037 0.32005208333333335 0.9662037037037037 0.32109375 0.9657407407407408 0.32135416666666666 0.9657407407407408 0.32317708333333334 0.9652777777777778 0.3234375 0.9652777777777778 0.32578125 0.9648148148148148 0.3260416666666667 0.9648148148148148 0.3265625 0.9652777777777778 0.3268229166666667 0.9652777777777778 0.33046875 0.9657407407407408 0.3307291666666667 0.9657407407407408 0.33177083333333335 0.9662037037037037 0.33203125 0.9662037037037037 0.3328125 0.9666666666666667 0.33307291666666666 0.9666666666666667 0.3338541666666667 0.9671296296296297 0.3341145833333333 0.9671296296296297 0.334375 0.9675925925925926 0.3346354166666667 0.9675925925925926 0.33489583333333334 0.9680555555555556 0.33515625 0.9680555555555556 0.33541666666666664 0.9685185185185186 0.33567708333333335 0.9694444444444444 0.33697916666666666 0.9703703703703703 0.3375 0.9703703703703703 0.3377604166666667 0.9712962962962963 0.33828125 0.9712962962962963 0.3385416666666667 0.9726851851851852 0.33932291666666664 0.9726851851851852 0.33958333333333335 0.9736111111111111 0.34010416666666665 0.9736111111111111 0.34036458333333336 0.9745370370370371 0.34088541666666666 0.975 0.34088541666666666 0.975462962962963 0.3411458333333333 0.975925925925926 0.3411458333333333 0.9763888888888889 0.34140625 0.9768518518518519 0.34140625 0.9773148148148149 0.3416666666666667 0.9777777777777777 0.3416666666666667 0.9782407407407407 0.3419270833333333 0.9805555555555555 0.3424479166666667 0.9814814814814815 0.34296875 0.9824074074074074 0.34296875 0.9828703703703704 0.34322916666666664 0.9842592592592593 0.34322916666666664 0.9847222222222223 0.34348958333333335 0.9916666666666667 0.34348958333333335 0.9921296296296296 0.34322916666666664 0.9935185185185185 0.34322916666666664 0.9939814814814815 0.34296875 0.9953703703703703 0.34296875 0.9976851851851852 0.3421875 0.999537037037037 0.3421875