1 0.6435185185185185 0.0 0.6435185185185185 0.0015625 0.6462962962962963 0.003125 0.6472222222222223 0.003125 0.6481481481481481 0.0036458333333333334 0.649074074074074 0.0036458333333333334 0.65 0.004166666666666667 0.6546296296296297 0.004166666666666667 0.6555555555555556 0.0036458333333333334 0.6574074074074074 0.0036458333333333334 0.6583333333333333 0.003125 0.6592592592592592 0.003125 0.6601851851851852 0.0026041666666666665 0.6611111111111111 0.0026041666666666665 0.6620370370370371 0.0020833333333333333 0.6620370370370371 0.0
4 0.4537037037037037 0.0 0.4537037037037037 0.0026041666666666665 0.4527777777777778 0.003125 0.4527777777777778 0.0078125 0.4537037037037037 0.008333333333333333 0.4537037037037037 0.009375 0.4564814814814815 0.010416666666666666 0.4583333333333333 0.010416666666666666 0.45925925925925926 0.0109375 0.4601851851851852 0.0109375 0.462037037037037 0.011979166666666667 0.4675925925925926 0.011979166666666667 0.4685185185185185 0.011458333333333333 0.4703703703703704 0.011458333333333333 0.47314814814814815 0.010416666666666666 0.47685185185185186 0.010416666666666666 0.4777777777777778 0.0109375 0.47962962962962963 0.0109375 0.4824074074074074 0.011979166666666667 0.4842592592592593 0.011979166666666667 0.48518518518518516 0.0125 0.48703703703703705 0.0125 0.4888888888888889 0.013541666666666667 0.4898148148148148 0.013541666666666667 0.49074074074074076 0.0140625 0.4925925925925926 0.0140625 0.4935185185185185 0.014583333333333334 0.49444444444444446 0.014583333333333334 0.49722222222222223 0.016145833333333335 0.4981481481481482 0.016145833333333335 0.5 0.0171875 0.5009259259259259 0.0171875 0.5018518518518519 0.017708333333333333 0.5027777777777778 0.017708333333333333 0.5037037037037037 0.018229166666666668 0.5046296296296297 0.018229166666666668 0.5055555555555555 0.01875 0.5064814814814815 0.01875 0.5092592592592593 0.0203125 0.5092592592592593 0.020833333333333332 0.512962962962963 0.020833333333333332 0.5138888888888888 0.021354166666666667 0.5148148148148148 0.021354166666666667 0.5166666666666667 0.022395833333333334 0.5175925925925926 0.022395833333333334 0.5185185185185185 0.022916666666666665 0.5203703703703704 0.022916666666666665 0.525 0.025520833333333333 0.5259259259259259 0.025520833333333333 0.5268518518518519 0.026041666666666668 0.5277777777777778 0.026041666666666668 0.5287037037037037 0.0265625 0.5296296296296297 0.0265625 0.5333333333333333 0.028645833333333332 0.5351851851851852 0.028645833333333332 0.537962962962963 0.0296875 0.5416666666666666 0.0296875 0.5425925925925926 0.030208333333333334 0.5444444444444444 0.030208333333333334 0.5453703703703704 0.0296875 0.5472222222222223 0.0296875 0.5481481481481482 0.029166666666666667 0.549074074074074 0.029166666666666667 0.5537037037037037 0.0265625 0.5537037037037037 0.026041666666666668 0.5555555555555556 0.025 0.5555555555555556 0.022395833333333334 0.5564814814814815 0.021875 0.5564814814814815 0.020833333333333332 0.5555555555555556 0.0203125 0.5555555555555556 0.01875 0.5546296296296296 0.018229166666666668 0.5546296296296296 0.0171875 0.5527777777777778 0.016145833333333335 0.5527777777777778 0.015625 0.5518518518518518 0.015104166666666667 0.5509259259259259 0.015104166666666667 0.549074074074074 0.0140625 0.5472222222222223 0.0140625 0.5462962962962963 0.013541666666666667 0.5444444444444444 0.013541666666666667 0.5435185185185185 0.013020833333333334 0.5425925925925926 0.013020833333333334 0.5416666666666666 0.0125 0.5407407407407407 0.0125 0.5398148148148149 0.011979166666666667 0.5388888888888889 0.011979166666666667 0.5351851851851852 0.009895833333333333 0.5342592592592592 0.009895833333333333 0.5333333333333333 0.009375 0.5324074074074074 0.009375 0.5305555555555556 0.008333333333333333 0.5296296296296297 0.008333333333333333 0.5287037037037037 0.0078125 0.5277777777777778 0.0078125 0.525 0.0067708333333333336 0.5222222222222223 0.0067708333333333336 0.5212962962962963 0.00625 0.5203703703703704 0.00625 0.5194444444444445 0.005729166666666666 0.5185185185185185 0.005729166666666666 0.5157407407407407 0.0046875 0.5138888888888888 0.0046875 0.512962962962963 0.004166666666666667 0.5111111111111111 0.004166666666666667 0.5101851851851852 0.0036458333333333334 0.5092592592592593 0.0036458333333333334 0.5083333333333333 0.003125 0.5074074074074074 0.003125 0.5064814814814815 0.0026041666666666665 0.5055555555555555 0.0026041666666666665 0.5046296296296297 0.0020833333333333333 0.5037037037037037 0.0020833333333333333 0.5027777777777778 0.0015625 0.5027777777777778 0.0
4 0.33240740740740743 0.0 0.29907407407407405 0.0 0.29907407407407405 0.0020833333333333333 0.2935185185185185 0.005208333333333333 0.29259259259259257 0.005208333333333333 0.2916666666666667 0.005729166666666666 0.2898148148148148 0.005729166666666666 0.28888888888888886 0.00625 0.2851851851851852 0.00625 0.28425925925925927 0.0067708333333333336 0.2824074074074074 0.0067708333333333336 0.2814814814814815 0.007291666666666667 0.2814814814814815 0.0078125 0.27870370370370373 0.009375 0.27870370370370373 0.009895833333333333 0.2777777777777778 0.010416666666666666 0.2777777777777778 0.0109375 0.2759259259259259 0.011979166666666667 0.2759259259259259 0.0125 0.275 0.013020833333333334 0.275 0.015625 0.2759259259259259 0.016145833333333335 0.2759259259259259 0.01875 0.27685185185185185 0.019270833333333334 0.27685185185185185 0.021354166666666667 0.2777777777777778 0.021875 0.2777777777777778 0.0234375 0.27870370370370373 0.023958333333333335 0.27870370370370373 0.024479166666666666 0.2796296296296296 0.025 0.2796296296296296 0.025520833333333333 0.2814814814814815 0.0265625 0.2814814814814815 0.027083333333333334 0.2861111111111111 0.0296875 0.28703703703703703 0.0296875 0.287962962962963 0.030208333333333334 0.28888888888888886 0.030208333333333334 0.29074074074074074 0.03125 0.2916666666666667 0.03125 0.29259259259259257 0.03177083333333333 0.2935185185185185 0.03177083333333333 0.2953703703703704 0.0328125 0.29814814814814816 0.0328125 0.29907407407407405 0.03333333333333333 0.3055555555555556 0.03333333333333333 0.30648148148148147 0.0328125 0.3101851851851852 0.0328125 0.3111111111111111 0.03229166666666667 0.31203703703703706 0.03229166666666667 0.31296296296296294 0.03177083333333333 0.3138888888888889 0.03177083333333333 0.3194444444444444 0.028645833333333332 0.3194444444444444 0.027604166666666666 0.32037037037037036 0.027083333333333334 0.32037037037037036 0.0265625 0.3212962962962963 0.026041666666666668 0.3212962962962963 0.019791666666666666 0.32037037037037036 0.019270833333333334 0.32037037037037036 0.015625 0.3212962962962963 0.015104166666666667 0.3212962962962963 0.013541666666666667 0.32222222222222224 0.013020833333333334 0.32222222222222224 0.0125 0.32314814814814813 0.011979166666666667 0.32314814814814813 0.011458333333333333 0.325 0.010416666666666666 0.325 0.009375 0.32592592592592595 0.008854166666666666 0.32592592592592595 0.008333333333333333 0.32685185185185184 0.0078125 0.32685185185185184 0.007291666666666667 0.3277777777777778 0.0067708333333333336 0.3277777777777778 0.00625 0.3287037037037037 0.005729166666666666 0.3287037037037037 0.005208333333333333 0.3296296296296296 0.0046875 0.3296296296296296 0.004166666666666667 0.33055555555555555 0.0036458333333333334 0.33055555555555555 0.003125 0.3314814814814815 0.0026041666666666665 0.3314814814814815 0.0020833333333333333 0.33240740740740743 0.0015625
4 0.2814814814814815 0.0 0.25833333333333336 0.0 0.25833333333333336 0.0015625 0.2574074074074074 0.0020833333333333333 0.2574074074074074 0.0026041666666666665 0.25555555555555554 0.0036458333333333334 0.25555555555555554 0.004166666666666667 0.25462962962962965 0.0046875 0.25462962962962965 0.005208333333333333 0.2537037037037037 0.005729166666666666 0.25277777777777777 0.007291666666666667 0.25092592592592594 0.008333333333333333 0.25092592592592594 0.009375 0.25 0.009895833333333333 0.2490740740740741 0.011458333333333333 0.24722222222222223 0.0125 0.24722222222222223 0.013020833333333334 0.2462962962962963 0.013541666666666667 0.2462962962962963 0.0140625 0.24537037037037038 0.014583333333333334 0.24537037037037038 0.015104166666666667 0.24444444444444444 0.015625 0.24444444444444444 0.016145833333333335 0.24351851851851852 0.016666666666666666 0.24351851851851852 0.0171875 0.24259259259259258 0.017708333333333333 0.24259259259259258 0.018229166666666668 0.24166666666666667 0.01875 0.24166666666666667 0.019270833333333334 0.24074074074074073 0.019791666666666666 0.24074074074074073 0.0203125 0.23981481481481481 0.020833333333333332 0.23981481481481481 0.021354166666666667 0.23796296296296296 0.022916666666666665 0.23796296296296296 0.023958333333333335 0.23703703703703705 0.024479166666666666 0.23703703703703705 0.025 0.2361111111111111 0.025520833333333333 0.2361111111111111 0.026041666666666668 0.2351851851851852 0.0265625 0.2351851851851852 0.027083333333333334 0.23425925925925925 0.027604166666666666 0.23333333333333334 0.029166666666666667 0.22777777777777777 0.03229166666666667 0.22314814814814815 0.03229166666666667 0.2222222222222222 0.0328125 0.22037037037037038 0.0328125 0.21944444444444444 0.03333333333333333 0.21666666666666667 0.033854166666666664 0.21203703703703702 0.036458333333333336 0.21203703703703702 0.0375 0.2111111111111111 0.03802083333333333 0.2111111111111111 0.0390625 0.2101851851851852 0.03958333333333333 0.2101851851851852 0.0421875 0.2111111111111111 0.042708333333333334 0.2111111111111111 0.044270833333333336 0.21203703703703702 0.04479166666666667 0.21203703703703702 0.04583333333333333 0.21296296296296297 0.04635416666666667 0.21296296296296297 0.046875 0.21388888888888888 0.04739583333333333 0.21388888888888888 0.04791666666666667 0.21481481481481482 0.0484375 0.21574074074074073 0.05 0.2175925925925926 0.051041666666666666 0.2175925925925926 0.0515625 0.22037037037037038 0.053125 0.22037037037037038 0.05364583333333333 0.2222222222222222 0.0546875 0.22314814814814815 0.0546875 0.225 0.05572916666666667 0.22592592592592592 0.05572916666666667 0.22685185185185186 0.05625 0.22962962962962963 0.05677083333333333 0.23148148148148148 0.0578125 0.2324074074074074 0.0578125 0.23333333333333334 0.058333333333333334 0.23796296296296296 0.058333333333333334 0.2388888888888889 0.058854166666666666 0.24351851851851852 0.058854166666666666 0.24444444444444444 0.058333333333333334 0.24537037037037038 0.058333333333333334 0.24814814814814815 0.057291666666666664 0.25092592592592594 0.057291666666666664 0.2518518518518518 0.05677083333333333 0.25277777777777777 0.05677083333333333 0.25555555555555554 0.05572916666666667 0.25555555555555554 0.05520833333333333 0.2564814814814815 0.0546875 0.2564814814814815 0.05416666666666667 0.25833333333333336 0.05260416666666667 0.25833333333333336 0.0453125 0.2574074074074074 0.04479166666666667 0.2574074074074074 0.03958333333333333 0.25833333333333336 0.0390625 0.25833333333333336 0.03802083333333333 0.25925925925925924 0.0375 0.25925925925925924 0.036458333333333336 0.2601851851851852 0.0359375 0.2601851851851852 0.034895833333333334 0.2611111111111111 0.034375 0.2611111111111111 0.03333333333333333 0.262037037037037 0.0328125 0.262037037037037 0.03177083333333333 0.2638888888888889 0.030208333333333334 0.2638888888888889 0.029166666666666667 0.26481481481481484 0.028645833333333332 0.26481481481481484 0.028125 0.2657407407407407 0.027604166666666666 0.26666666666666666 0.026041666666666668 0.26851851851851855 0.025 0.26851851851851855 0.023958333333333335 0.26944444444444443 0.0234375 0.27037037037037037 0.021875 0.2722222222222222 0.020833333333333332 0.2722222222222222 0.0203125 0.27314814814814814 0.019791666666666666 0.27314814814814814 0.01875 0.2740740740740741 0.018229166666666668 0.2740740740740741 0.015104166666666667 0.275 0.014583333333333334 0.275 0.013020833333333334 0.2759259259259259 0.0125 0.2759259259259259 0.011979166666666667 0.27685185185185185 0.011458333333333333 0.27685185185185185 0.010416666666666666 0.2777777777777778 0.009895833333333333 0.2777777777777778 0.009375 0.27870370370370373 0.008854166666666666 0.27870370370370373 0.008333333333333333 0.2796296296296296 0.0078125 0.2796296296296296 0.007291666666666667 0.2814814814814815 0.005729166666666666
4 0.41388888888888886 0.019791666666666666 0.412962962962963 0.0203125 0.4101851851851852 0.0203125 0.40925925925925927 0.020833333333333332 0.4064814814814815 0.021354166666666667 0.40370370370370373 0.022916666666666665 0.40370370370370373 0.0234375 0.4027777777777778 0.023958333333333335 0.4027777777777778 0.0265625 0.40185185185185185 0.027083333333333334 0.40185185185185185 0.029166666666666667 0.4027777777777778 0.0296875 0.4027777777777778 0.030729166666666665 0.40370370370370373 0.03125 0.40370370370370373 0.03229166666666667 0.4046296296296296 0.0328125 0.4046296296296296 0.034375 0.40555555555555556 0.034895833333333334 0.40555555555555556 0.0359375 0.4064814814814815 0.036458333333333336 0.4064814814814815 0.03854166666666667 0.4074074074074074 0.0390625 0.4074074074074074 0.043229166666666666 0.4083333333333333 0.04375 0.4083333333333333 0.07083333333333333 0.4074074074074074 0.07135416666666666 0.4074074074074074 0.08125 0.4083333333333333 0.08177083333333333 0.4083333333333333 0.08489583333333334 0.40925925925925927 0.08541666666666667 0.40925925925925927 0.08645833333333333 0.4111111111111111 0.08802083333333334 0.41203703703703703 0.08802083333333334 0.4148148148148148 0.0890625 0.4166666666666667 0.0890625 0.41759259259259257 0.08958333333333333 0.4212962962962963 0.08958333333333333 0.4222222222222222 0.0890625 0.42407407407407405 0.0890625 0.425 0.08854166666666667 0.42685185185185187 0.08854166666666667 0.4305555555555556 0.08645833333333333 0.4305555555555556 0.0859375 0.43148148148148147 0.08541666666666667 0.43148148148148147 0.084375 0.4324074074074074 0.08385416666666666 0.4324074074074074 0.08125 0.43333333333333335 0.08072916666666667 0.43333333333333335 0.07708333333333334 0.43425925925925923 0.0765625 0.43425925925925923 0.06927083333333334 0.4351851851851852 0.06875 0.4351851851851852 0.06041666666666667 0.4361111111111111 0.059895833333333336 0.4361111111111111 0.051041666666666666 0.43703703703703706 0.050520833333333334 0.43703703703703706 0.04635416666666667 0.43796296296296294 0.04583333333333333 0.43796296296296294 0.04114583333333333 0.4388888888888889 0.040625 0.4388888888888889 0.03958333333333333 0.44351851851851853 0.03697916666666667 0.4444444444444444 0.03697916666666667 0.44722222222222224 0.035416666666666666 0.44722222222222224 0.034895833333333334 0.44814814814814813 0.034375 0.44814814814814813 0.03333333333333333 0.44907407407407407 0.0328125 0.44907407407407407 0.028645833333333332 0.44814814814814813 0.028125 0.44814814814814813 0.0265625 0.44722222222222224 0.026041666666666668 0.44722222222222224 0.025 0.4425925925925926 0.022395833333333334 0.44074074074074077 0.022395833333333334 0.4398148148148148 0.021875 0.4388888888888889 0.021875 0.43796296296296294 0.021354166666666667 0.4361111111111111 0.021354166666666667 0.4351851851851852 0.020833333333333332 0.43148148148148147 0.020833333333333332 0.4305555555555556 0.0203125 0.42314814814814816 0.0203125 0.4222222222222222 0.019791666666666666
1 0.3712962962962963 0.04010416666666667 0.36944444444444446 0.04010416666666667 0.3685185185185185 0.03958333333333333 0.362962962962963 0.03958333333333333 0.36203703703703705 0.04010416666666667 0.3611111111111111 0.04010416666666667 0.3592592592592593 0.04114583333333333 0.3592592592592593 0.041666666666666664 0.3574074074074074 0.042708333333333334 0.3574074074074074 0.043229166666666666 0.35555555555555557 0.044270833333333336 0.35555555555555557 0.04479166666666667 0.35462962962962963 0.0453125 0.35462962962962963 0.04635416666666667 0.3527777777777778 0.04739583333333333 0.3527777777777778 0.04791666666666667 0.35185185185185186 0.0484375 0.35185185185185186 0.04895833333333333 0.35 0.05 0.35 0.050520833333333334 0.3490740740740741 0.051041666666666666 0.34814814814814815 0.051041666666666666 0.3472222222222222 0.0515625 0.34629629629629627 0.0515625 0.3453703703703704 0.052083333333333336 0.34444444444444444 0.052083333333333336 0.3435185185185185 0.05260416666666667 0.3425925925925926 0.05260416666666667 0.33611111111111114 0.05625 0.33611111111111114 0.057291666666666664 0.3351851851851852 0.0578125 0.3351851851851852 0.058854166666666666 0.33425925925925926 0.059375 0.33425925925925926 0.06041666666666667 0.3333333333333333 0.0609375 0.3333333333333333 0.0625 0.33240740740740743 0.06302083333333333 0.33240740740740743 0.0640625 0.3314814814814815 0.06458333333333334 0.3314814814814815 0.065625 0.33055555555555555 0.06614583333333333 0.33055555555555555 0.0671875 0.3296296296296296 0.06770833333333333 0.3296296296296296 0.071875 0.33055555555555555 0.07239583333333334 0.33055555555555555 0.0734375 0.3314814814814815 0.07395833333333333 0.3314814814814815 0.07447916666666667 0.3333333333333333 0.07552083333333333 0.3333333333333333 0.07604166666666666 0.3388888888888889 0.07916666666666666 0.3398148148148148 0.07916666666666666 0.34074074074074073 0.0796875 0.3416666666666667 0.0796875 0.3425925925925926 0.08020833333333334 0.34629629629629627 0.08020833333333334 0.3472222222222222 0.08072916666666667 0.35 0.08072916666666667 0.3509259259259259 0.08020833333333334 0.3537037037037037 0.08020833333333334 0.35462962962962963 0.0796875 0.35555555555555557 0.0796875 0.3574074074074074 0.07864583333333333 0.3574074074074074 0.078125 0.3592592592592593 0.07708333333333334 0.3592592592592593 0.0765625 0.36018518518518516 0.07604166666666666 0.36018518518518516 0.07552083333333333 0.3611111111111111 0.075 0.3611111111111111 0.07447916666666667 0.362962962962963 0.0734375 0.362962962962963 0.07291666666666667 0.36574074074074076 0.07135416666666666 0.36574074074074076 0.07083333333333333 0.3675925925925926 0.06979166666666667 0.3675925925925926 0.06927083333333334 0.3685185185185185 0.06875 0.3685185185185185 0.06770833333333333 0.36944444444444446 0.0671875 0.36944444444444446 0.06510416666666667 0.37037037037037035 0.06458333333333334 0.37037037037037035 0.05572916666666667 0.3712962962962963 0.05520833333333333 0.3712962962962963 0.05416666666666667 0.37222222222222223 0.05364583333333333 0.37222222222222223 0.052083333333333336 0.3731481481481482 0.0515625 0.3731481481481482 0.05 0.37407407407407406 0.049479166666666664 0.37407407407407406 0.04739583333333333 0.375 0.046875 0.375 0.043229166666666666 0.37407407407407406 0.042708333333333334 0.37407407407407406 0.041666666666666664
2 0.6370370370370371 0.030208333333333334 0.6287037037037037 0.0328125 0.6240740740740741 0.035416666666666666 0.6240740740740741 0.03958333333333333 0.6231481481481481 0.04010416666666667 0.6231481481481481 0.04114583333333333 0.6240740740740741 0.041666666666666664 0.6240740740740741 0.04635416666666667 0.6277777777777778 0.04895833333333333 0.6314814814814815 0.053125 0.6314814814814815 0.05416666666666667 0.6342592592592593 0.05677083333333333 0.6342592592592593 0.058333333333333334 0.6361111111111111 0.06041666666666667 0.6370370370370371 0.06458333333333334 0.637962962962963 0.06510416666666667 0.637962962962963 0.06666666666666667 0.6388888888888888 0.0671875 0.6388888888888888 0.06927083333333334 0.6398148148148148 0.06979166666666667 0.6398148148148148 0.07135416666666666 0.6407407407407407 0.071875 0.6407407407407407 0.07395833333333333 0.6416666666666667 0.07447916666666667 0.6416666666666667 0.0765625 0.6425925925925926 0.07708333333333334 0.6425925925925926 0.07864583333333333 0.6435185185185185 0.07916666666666666 0.6435185185185185 0.08177083333333333 0.6444444444444445 0.08229166666666667 0.6453703703703704 0.08854166666666667 0.6462962962962963 0.0890625 0.6472222222222223 0.09427083333333333 0.6481481481481481 0.09479166666666666 0.6481481481481481 0.09739583333333333 0.649074074074074 0.09791666666666667 0.65 0.10572916666666667 0.6509259259259259 0.10625 0.6509259259259259 0.10833333333333334 0.6518518518518519 0.10885416666666667 0.6518518518518519 0.11145833333333334 0.6527777777777778 0.11197916666666667 0.6527777777777778 0.1140625 0.6537037037037037 0.11458333333333333 0.6537037037037037 0.1171875 0.6546296296296297 0.11770833333333333 0.6555555555555556 0.12291666666666666 0.6564814814814814 0.1234375 0.6574074074074074 0.12864583333333332 0.6583333333333333 0.12916666666666668 0.6583333333333333 0.13177083333333334 0.6592592592592592 0.13229166666666667 0.6592592592592592 0.13489583333333333 0.6601851851851852 0.13541666666666666 0.6601851851851852 0.13802083333333334 0.662962962962963 0.140625 0.662962962962963 0.14166666666666666 0.6675925925925926 0.14427083333333332 0.6694444444444444 0.14479166666666668 0.674074074074074 0.14479166666666668 0.6814814814814815 0.14270833333333333 0.6833333333333333 0.14166666666666666 0.6842592592592592 0.13958333333333334 0.6851851851851852 0.1390625 0.6851851851851852 0.134375 0.6842592592592592 0.13385416666666666 0.6833333333333333 0.12708333333333333 0.6824074074074075 0.1265625 0.6814814814814815 0.12239583333333333 0.6805555555555556 0.121875 0.6805555555555556 0.11875 0.6796296296296296 0.11822916666666666 0.6796296296296296 0.115625 0.6787037037037037 0.11510416666666666 0.6777777777777778 0.109375 0.6768518518518518 0.10885416666666667 0.6768518518518518 0.10677083333333333 0.6759259259259259 0.10625 0.6759259259259259 0.103125 0.675 0.10260416666666666 0.675 0.10104166666666667 0.674074074074074 0.10052083333333334 0.674074074074074 0.09791666666666667 0.6731481481481482 0.09739583333333333 0.6731481481481482 0.09322916666666667 0.6722222222222223 0.09270833333333334 0.6722222222222223 0.090625 0.6712962962962963 0.09010416666666667 0.6712962962962963 0.08802083333333334 0.6703703703703704 0.0875 0.6703703703703704 0.08541666666666667 0.6694444444444444 0.08489583333333334 0.6694444444444444 0.08072916666666667 0.6685185185185185 0.08020833333333334 0.6685185185185185 0.07864583333333333 0.6675925925925926 0.078125 0.6675925925925926 0.07552083333333333 0.6666666666666666 0.075 0.6666666666666666 0.071875 0.6657407407407407 0.07135416666666666 0.6648148148148149 0.06510416666666667 0.6638888888888889 0.06458333333333334 0.662962962962963 0.059375 0.6620370370370371 0.058854166666666666 0.6611111111111111 0.052083333333333336 0.6601851851851852 0.0515625 0.6601851851851852 0.049479166666666664 0.6592592592592592 0.04895833333333333 0.6592592592592592 0.044270833333333336 0.6638888888888889 0.04114583333333333 0.6638888888888889 0.04010416666666667 0.6648148148148149 0.03958333333333333 0.6648148148148149 0.036458333333333336 0.662962962962963 0.034375 0.662962962962963 0.0328125 0.6611111111111111 0.03125 0.6592592592592592 0.03125 0.6555555555555556 0.030208333333333334
6 0.20462962962962963 0.0953125 0.20277777777777778 0.09635416666666667 0.20092592592592592 0.09635416666666667 0.19907407407407407 0.09739583333333333 0.19814814814814816 0.09739583333333333 0.19722222222222222 0.09791666666666667 0.1962962962962963 0.09791666666666667 0.1935185185185185 0.09947916666666666 0.1935185185185185 0.10052083333333334 0.1925925925925926 0.10104166666666667 0.1925925925925926 0.1015625 0.19166666666666668 0.10208333333333333 0.19166666666666668 0.103125 0.19074074074074074 0.10364583333333334 0.19074074074074074 0.10677083333333333 0.18981481481481483 0.10729166666666666 0.18981481481481483 0.1171875 0.19074074074074074 0.11770833333333333 0.19074074074074074 0.11875 0.19537037037037036 0.12135416666666667 0.19537037037037036 0.121875 0.19722222222222222 0.12291666666666666 0.19814814814814816 0.12291666666666666 0.19907407407407407 0.1234375 0.2 0.1234375 0.20092592592592592 0.12395833333333334 0.20185185185185187 0.12395833333333334 0.20277777777777778 0.12447916666666667 0.2037037037037037 0.12447916666666667 0.20462962962962963 0.125 0.20555555555555555 0.125 0.2064814814814815 0.12552083333333333 0.2074074074074074 0.12552083333333333 0.20833333333333334 0.12604166666666666 0.21296296296296297 0.12604166666666666 0.21388888888888888 0.1265625 0.21666666666666667 0.1265625 0.2175925925925926 0.12604166666666666 0.2222222222222222 0.12604166666666666 0.22314814814814815 0.12552083333333333 0.22685185185185186 0.12552083333333333 0.22777777777777777 0.125 0.22962962962962963 0.125 0.23055555555555557 0.12447916666666667 0.23148148148148148 0.12447916666666667 0.23333333333333334 0.1234375 0.23333333333333334 0.12291666666666666 0.23425925925925925 0.12239583333333333 0.23425925925925925 0.121875 0.2361111111111111 0.12083333333333333 0.2361111111111111 0.11979166666666667 0.23703703703703705 0.11927083333333334 0.23703703703703705 0.1171875 0.23796296296296296 0.11666666666666667 0.23796296296296296 0.11197916666666667 0.2388888888888889 0.11145833333333334 0.2388888888888889 0.10729166666666666 0.23796296296296296 0.10677083333333333 0.23796296296296296 0.10572916666666667 0.23703703703703705 0.10520833333333333 0.23703703703703705 0.1046875 0.2361111111111111 0.10416666666666667 0.2361111111111111 0.103125 0.2351851851851852 0.10260416666666666 0.2351851851851852 0.10208333333333333 0.22870370370370371 0.0984375 0.22777777777777777 0.0984375 0.22407407407407406 0.09635416666666667 0.22314814814814815 0.09635416666666667 0.2212962962962963 0.0953125 0.21944444444444444 0.0953125 0.21851851851851853 0.09479166666666666 0.21388888888888888 0.09479166666666666 0.21296296296296297 0.0953125
2 0.4824074074074074 0.103125 0.4740740740740741 0.0984375 0.47129629629629627 0.0984375 0.4675925925925926 0.09739583333333333 0.462037037037037 0.09739583333333333 0.4564814814814815 0.09895833333333333 0.4546296296296296 0.1 0.4527777777777778 0.10729166666666666 0.44814814814814813 0.10989583333333333 0.4425925925925926 0.11145833333333334 0.43703703703703706 0.1140625 0.43148148148148147 0.115625 0.4185185185185185 0.12135416666666667 0.41388888888888886 0.12239583333333333 0.4064814814814815 0.12552083333333333 0.40185185185185185 0.1265625 0.3925925925925926 0.13020833333333334 0.38981481481481484 0.13072916666666667 0.387037037037037 0.13229166666666667 0.38425925925925924 0.1328125 0.3814814814814815 0.134375 0.3787037037037037 0.13489583333333333 0.3731481481481482 0.1375 0.37037037037037035 0.13802083333333334 0.3675925925925926 0.13958333333333334 0.362962962962963 0.140625 0.3611111111111111 0.14166666666666666 0.36018518518518516 0.14166666666666666 0.35833333333333334 0.14270833333333333 0.3490740740740741 0.14583333333333334 0.34629629629629627 0.14739583333333334 0.3351851851851852 0.15104166666666666 0.33240740740740743 0.15260416666666668 0.325 0.1546875 0.31851851851851853 0.15833333333333333 0.3175925925925926 0.16041666666666668 0.31666666666666665 0.1609375 0.31666666666666665 0.16302083333333334 0.3175925925925926 0.16354166666666667 0.3175925925925926 0.16510416666666666 0.3194444444444444 0.1671875 0.32222222222222224 0.16875 0.32592592592592595 0.16979166666666667 0.3287037037037037 0.16979166666666667 0.3296296296296296 0.1703125 0.337037037037037 0.16927083333333334 0.3388888888888889 0.16822916666666668 0.3425925925925926 0.1671875 0.3453703703703704 0.165625 0.34814814814814815 0.16510416666666666 0.3638888888888889 0.15885416666666666 0.36666666666666664 0.15833333333333333 0.3685185185185185 0.15729166666666666 0.3712962962962963 0.15677083333333333 0.3731481481481482 0.15572916666666667 0.37962962962962965 0.15364583333333334 0.38333333333333336 0.1515625 0.387037037037037 0.15052083333333333 0.39166666666666666 0.14791666666666667 0.39814814814814814 0.14635416666666667 0.40370370370370373 0.14375 0.4111111111111111 0.14166666666666666 0.41574074074074074 0.13958333333333334 0.4203703703703704 0.13854166666666667 0.42314814814814816 0.13697916666666668 0.42962962962962964 0.13489583333333333 0.4324074074074074 0.13333333333333333 0.43333333333333335 0.13333333333333333 0.4462962962962963 0.128125 0.45092592592592595 0.12708333333333333 0.4527777777777778 0.12604166666666666 0.4564814814814815 0.12552083333333333 0.45740740740740743 0.125 0.45925925925925926 0.125 0.4601851851851852 0.12447916666666667 0.462037037037037 0.12447916666666667 0.46296296296296297 0.12395833333333334 0.46574074074074073 0.12395833333333334 0.4666666666666667 0.1234375 0.4703703703703704 0.1234375 0.47129629629629627 0.12395833333333334 0.47962962962962963 0.12395833333333334 0.48055555555555557 0.1234375 0.4842592592592593 0.12291666666666666 0.4888888888888889 0.1203125 0.4898148148148148 0.11927083333333334 0.4898148148148148 0.115625 0.49074074074074076 0.11510416666666666 0.4898148148148148 0.11458333333333333 0.4898148148148148 0.1109375 0.48703703703703705 0.10833333333333334 0.4861111111111111 0.10625 0.48333333333333334 0.1046875
1 0.22962962962962963 0.20989583333333334 0.22777777777777777 0.20989583333333334 0.22685185185185186 0.21041666666666667 0.22592592592592592 0.21041666666666667 0.22407407407407406 0.21145833333333333 0.22407407407407406 0.21197916666666666 0.22314814814814815 0.2125 0.22314814814814815 0.21302083333333333 0.2222222222222222 0.21354166666666666 0.2222222222222222 0.21458333333333332 0.2212962962962963 0.21510416666666668 0.2212962962962963 0.215625 0.22037037037037038 0.21614583333333334 0.22037037037037038 0.21666666666666667 0.21944444444444444 0.2171875 0.21944444444444444 0.21770833333333334 0.21851851851851853 0.21822916666666667 0.21851851851851853 0.21875 0.21481481481481482 0.22083333333333333 0.21481481481481482 0.22395833333333334 0.21388888888888888 0.22447916666666667 0.21481481481481482 0.225 0.21481481481481482 0.228125 0.21388888888888888 0.22864583333333333 0.21388888888888888 0.2296875 0.21296296296296297 0.23020833333333332 0.21296296296296297 0.23125 0.21203703703703702 0.23177083333333334 0.21203703703703702 0.23229166666666667 0.2111111111111111 0.2328125 0.2111111111111111 0.23333333333333334 0.2074074074074074 0.23541666666666666 0.2074074074074074 0.23645833333333333 0.2064814814814815 0.23697916666666666 0.2064814814814815 0.2375 0.20555555555555555 0.23802083333333332 0.20555555555555555 0.2390625 0.20462962962962963 0.23958333333333334 0.20462962962962963 0.24010416666666667 0.2037037037037037 0.240625 0.2037037037037037 0.24114583333333334 0.20277777777777778 0.24166666666666667 0.20277777777777778 0.2421875 0.20185185185185187 0.24270833333333333 0.20185185185185187 0.24322916666666666 0.20092592592592592 0.24375 0.20092592592592592 0.24479166666666666 0.2 0.2453125 0.2 0.24635416666666668 0.19907407407407407 0.246875 0.19907407407407407 0.2515625 0.2 0.2520833333333333 0.2 0.253125 0.20092592592592592 0.25364583333333335 0.20092592592592592 0.25416666666666665 0.20185185185185187 0.2546875 0.20185185185185187 0.2552083333333333 0.20277777777777778 0.2552083333333333 0.2037037037037037 0.2557291666666667 0.20555555555555555 0.2557291666666667 0.2064814814814815 0.25625 0.20925925925925926 0.25625 0.2101851851851852 0.2557291666666667 0.21203703703703702 0.2557291666666667 0.21666666666666667 0.253125 0.21666666666666667 0.2526041666666667 0.21851851851851853 0.2515625 0.21851851851851853 0.25104166666666666 0.21944444444444444 0.25052083333333336 0.21944444444444444 0.25 0.2212962962962963 0.24895833333333334 0.2212962962962963 0.2484375 0.2222222222222222 0.24791666666666667 0.2222222222222222 0.24739583333333334 0.22314814814814815 0.246875 0.22314814814814815 0.24635416666666668 0.22407407407407406 0.24583333333333332 0.22407407407407406 0.2453125 0.22592592592592592 0.24427083333333333 0.22592592592592592 0.24375 0.22685185185185186 0.24322916666666666 0.22685185185185186 0.24270833333333333 0.22870370370370371 0.24166666666666667 0.22870370370370371 0.24114583333333334 0.2324074074074074 0.2390625 0.23333333333333334 0.2390625 0.2351851851851852 0.23802083333333332 0.2361111111111111 0.23802083333333332 0.23703703703703705 0.2375 0.23796296296296296 0.2375 0.2388888888888889 0.23697916666666666 0.23981481481481481 0.23697916666666666 0.24074074074074073 0.23645833333333333 0.24166666666666667 0.23645833333333333 0.24444444444444444 0.23489583333333333 0.24444444444444444 0.234375 0.24537037037037038 0.23385416666666667 0.24537037037037038 0.2328125 0.2462962962962963 0.23229166666666667 0.2462962962962963 0.23072916666666668 0.24722222222222223 0.23020833333333332 0.24722222222222223 0.2296875 0.24814814814814815 0.22916666666666666 0.25092592592592594 0.22916666666666666 0.25092592592592594 0.22760416666666666 0.2518518518518518 0.22708333333333333 0.2518518518518518 0.225 0.25277777777777777 0.22447916666666667 0.25277777777777777 0.22291666666666668 0.2537037037037037 0.22239583333333332 0.2537037037037037 0.21927083333333333 0.25277777777777777 0.21875 0.25277777777777777 0.21822916666666667 0.2518518518518518 0.21770833333333334 0.2518518518518518 0.2171875 0.25 0.21614583333333334 0.24814814814814815 0.21614583333333334 0.24722222222222223 0.215625 0.2462962962962963 0.215625 0.24351851851851852 0.2140625 0.24166666666666667 0.2140625 0.24074074074074073 0.21354166666666666 0.23981481481481481 0.21354166666666666 0.23796296296296296 0.2125 0.23703703703703705 0.2125 0.2361111111111111 0.21197916666666666 0.2351851851851852 0.21197916666666666 0.2324074074074074 0.21041666666666667 0.23055555555555557 0.21041666666666667
2 0.7101851851851851 0.04635416666666667 0.7111111111111111 0.046875 0.7111111111111111 0.0484375 0.712037037037037 0.04895833333333333 0.7138888888888889 0.0515625 0.7157407407407408 0.05260416666666667 0.7157407407407408 0.053125 0.7212962962962963 0.05520833333333333 0.725925925925926 0.05520833333333333 0.7268518518518519 0.0546875 0.7287037037037037 0.0546875 0.7296296296296296 0.05416666666666667 0.7324074074074074 0.05416666666666667 0.7333333333333333 0.05364583333333333 0.7351851851851852 0.05364583333333333 0.7361111111111112 0.053125 0.7388888888888889 0.05260416666666667 0.7444444444444445 0.04895833333333333 0.7462962962962963 0.04895833333333333 0.7472222222222222 0.0484375 0.7490740740740741 0.0484375 0.75 0.04791666666666667 0.7564814814814815 0.04791666666666667 0.7574074074074074 0.04739583333333333 0.7657407407407407 0.04739583333333333 0.7666666666666667 0.046875 0.7787037037037037 0.046875 0.7796296296296297 0.04635416666666667 0.7861111111111111 0.04635416666666667 0.7870370370370371 0.04583333333333333 0.8046296296296296 0.04583333333333333 0.8055555555555556 0.0453125 0.8074074074074075 0.0453125 0.8083333333333333 0.04583333333333333 0.8101851851851852 0.04583333333333333 0.8111111111111111 0.0453125 0.8333333333333334 0.0453125 0.8342592592592593 0.04479166666666667 0.8398148148148148 0.04479166666666667 0.8407407407407408 0.044270833333333336 0.8555555555555555 0.044270833333333336 0.8564814814814815 0.04375 0.8611111111111112 0.043229166666666666 0.8638888888888889 0.0421875 0.8675925925925926 0.0421875 0.8694444444444445 0.04114583333333333 0.8694444444444445 0.040625 0.8703703703703703 0.04010416666666667 0.8703703703703703 0.0390625 0.8712962962962963 0.03854166666666667 0.8712962962962963 0.0375 0.8722222222222222 0.03697916666666667 0.8722222222222222 0.03229166666666667 0.8685185185185185 0.029166666666666667 0.8648148148148148 0.029166666666666667 0.8638888888888889 0.028645833333333332 0.8435185185185186 0.028645833333333332 0.8425925925925926 0.029166666666666667 0.8305555555555556 0.029166666666666667 0.8296296296296296 0.028645833333333332 0.8287037037037037 0.029166666666666667 0.8212962962962963 0.029166666666666667 0.8203703703703704 0.0296875 0.8083333333333333 0.0296875 0.8074074074074075 0.030208333333333334 0.7935185185185185 0.030208333333333334 0.7925925925925926 0.030729166666666665 0.7814814814814814 0.030729166666666665 0.7805555555555556 0.03125 0.7694444444444445 0.03125 0.7685185185185185 0.03177083333333333 0.7638888888888888 0.03177083333333333 0.762962962962963 0.03229166666666667 0.7435185185185185 0.03229166666666667 0.7388888888888889 0.0296875 0.7379629629629629 0.0296875 0.737037037037037 0.029166666666666667 0.7333333333333333 0.029166666666666667 0.7324074074074074 0.028645833333333332 0.7296296296296296 0.028645833333333332 0.7287037037037037 0.028125 0.7194444444444444 0.028125 0.7157407407407408 0.030208333333333334 0.7157407407407408 0.030729166666666665 0.7138888888888889 0.03229166666666667 0.7138888888888889 0.03333333333333333 0.7129629629629629 0.033854166666666664 0.712037037037037 0.036458333333333336 0.7111111111111111 0.03697916666666667 0.7111111111111111 0.03854166666666667 0.7101851851851851 0.0390625
4 0.5657407407407408 0.10677083333333333 0.5638888888888889 0.10677083333333333 0.562962962962963 0.10625 0.5611111111111111 0.10625 0.5601851851851852 0.10572916666666667 0.5574074074074075 0.10572916666666667 0.5564814814814815 0.10520833333333333 0.5481481481481482 0.10520833333333333 0.5435185185185185 0.1078125 0.5435185185185185 0.10885416666666667 0.5425925925925926 0.109375 0.5425925925925926 0.11041666666666666 0.5416666666666666 0.1109375 0.5425925925925926 0.11145833333333334 0.5425925925925926 0.1140625 0.5435185185185185 0.11458333333333333 0.5435185185185185 0.12239583333333333 0.5425925925925926 0.12291666666666666 0.5425925925925926 0.12395833333333334 0.5416666666666666 0.12447916666666667 0.5416666666666666 0.125 0.5398148148148149 0.1265625 0.5398148148148149 0.12760416666666666 0.5388888888888889 0.128125 0.5388888888888889 0.12864583333333332 0.5370370370370371 0.13020833333333334 0.5370370370370371 0.13125 0.5351851851851852 0.1328125 0.5351851851851852 0.13385416666666666 0.5342592592592592 0.134375 0.5342592592592592 0.13489583333333333 0.5333333333333333 0.13541666666666666 0.5333333333333333 0.1359375 0.5314814814814814 0.1375 0.5314814814814814 0.13854166666666667 0.5305555555555556 0.1390625 0.5305555555555556 0.13958333333333334 0.5287037037037037 0.140625 0.5287037037037037 0.14114583333333333 0.5268518518518519 0.14270833333333333 0.5268518518518519 0.14375 0.525 0.1453125 0.525 0.14635416666666667 0.524074074074074 0.146875 0.524074074074074 0.14739583333333334 0.5231481481481481 0.14791666666666667 0.5231481481481481 0.14895833333333333 0.5222222222222223 0.14947916666666666 0.5222222222222223 0.15 0.5212962962962963 0.15052083333333333 0.5212962962962963 0.15104166666666666 0.5194444444444445 0.15260416666666668 0.5194444444444445 0.15364583333333334 0.5185185185185185 0.15416666666666667 0.5185185185185185 0.1546875 0.5166666666666667 0.15625 0.5166666666666667 0.1578125 0.5157407407407407 0.15833333333333333 0.5157407407407407 0.1625 0.5166666666666667 0.16302083333333334 0.5166666666666667 0.16458333333333333 0.5194444444444445 0.16614583333333333 0.5203703703703704 0.16614583333333333 0.5212962962962963 0.16666666666666666 0.5231481481481481 0.16666666666666666 0.524074074074074 0.1671875 0.5277777777777778 0.1671875 0.5287037037037037 0.16666666666666666 0.5305555555555556 0.16666666666666666 0.5333333333333333 0.165625 0.5333333333333333 0.16510416666666666 0.5351851851851852 0.1640625 0.5351851851851852 0.16354166666666667 0.5370370370370371 0.1625 0.5370370370370371 0.16197916666666667 0.5388888888888889 0.1609375 0.5388888888888889 0.16041666666666668 0.5416666666666666 0.15885416666666666 0.5416666666666666 0.15833333333333333 0.5425925925925926 0.1578125 0.5425925925925926 0.15729166666666666 0.5435185185185185 0.15677083333333333 0.5435185185185185 0.15625 0.5453703703703704 0.1546875 0.5453703703703704 0.153125 0.5462962962962963 0.15260416666666668 0.5462962962962963 0.15208333333333332 0.5472222222222223 0.1515625 0.5472222222222223 0.15104166666666666 0.549074074074074 0.14947916666666666 0.549074074074074 0.1484375 0.55 0.14791666666666667 0.55 0.14739583333333334 0.5518518518518518 0.14635416666666667 0.5518518518518518 0.1453125 0.5527777777777778 0.14479166666666668 0.5527777777777778 0.14427083333333332 0.5537037037037037 0.14375 0.5537037037037037 0.14322916666666666 0.5546296296296296 0.14270833333333333 0.5546296296296296 0.1421875 0.5555555555555556 0.14166666666666666 0.5555555555555556 0.14114583333333333 0.5564814814814815 0.140625 0.5564814814814815 0.14010416666666667 0.5574074074074075 0.13958333333333334 0.5574074074074075 0.1390625 0.5583333333333333 0.13854166666666667 0.5583333333333333 0.13802083333333334 0.5592592592592592 0.1375 0.5592592592592592 0.13697916666666668 0.5611111111111111 0.13541666666666666 0.5611111111111111 0.134375 0.562037037037037 0.13385416666666666 0.562962962962963 0.13229166666666667 0.5648148148148148 0.13125 0.5648148148148148 0.13072916666666667 0.5657407407407408 0.13020833333333334 0.5666666666666667 0.12864583333333332 0.5694444444444444 0.12708333333333333 0.5703703703703704 0.12708333333333333 0.5712962962962963 0.1265625 0.5731481481481482 0.1265625 0.5740740740740741 0.12604166666666666 0.5768518518518518 0.12604166666666666 0.5777777777777777 0.12552083333333333 0.5796296296296296 0.12552083333333333 0.5814814814814815 0.12447916666666667 0.5814814814814815 0.12395833333333334 0.5824074074074074 0.1234375 0.5824074074074074 0.12291666666666666 0.5842592592592593 0.12135416666666667 0.5842592592592593 0.11614583333333334 0.5833333333333334 0.115625 0.5833333333333334 0.11458333333333333 0.5787037037037037 0.11197916666666667 0.5787037037037037 0.11145833333333334 0.575925925925926 0.10989583333333333 0.575 0.10989583333333333 0.5740740740740741 0.109375 0.5712962962962963 0.10885416666666667 0.5694444444444444 0.1078125 0.5685185185185185 0.1078125
1 0.6037037037037037 0.11927083333333334 0.6027777777777777 0.11979166666666667 0.6018518518518519 0.11979166666666667 0.600925925925926 0.1203125 0.6 0.1203125 0.5972222222222222 0.121875 0.5962962962962963 0.121875 0.5944444444444444 0.12291666666666666 0.5935185185185186 0.12291666666666666 0.587037037037037 0.1265625 0.587037037037037 0.12760416666666666 0.5861111111111111 0.128125 0.5861111111111111 0.1328125 0.587037037037037 0.13333333333333333 0.587037037037037 0.134375 0.5879629629629629 0.13489583333333333 0.5879629629629629 0.13541666666666666 0.5888888888888889 0.1359375 0.5888888888888889 0.13645833333333332 0.5898148148148148 0.13697916666666668 0.5898148148148148 0.1375 0.5916666666666667 0.13854166666666667 0.5916666666666667 0.1390625 0.5925925925925926 0.13958333333333334 0.5935185185185186 0.13958333333333334 0.5962962962962963 0.14114583333333333 0.5972222222222222 0.14114583333333333 0.5981481481481481 0.14166666666666666 0.5990740740740741 0.14166666666666666 0.6 0.1421875 0.6018518518518519 0.1421875 0.6046296296296296 0.14375 0.6055555555555555 0.14375 0.6092592592592593 0.14583333333333334 0.6092592592592593 0.14635416666666667 0.612037037037037 0.14791666666666667 0.612037037037037 0.1484375 0.6129629629629629 0.14895833333333333 0.6129629629629629 0.14947916666666666 0.6148148148148148 0.15052083333333333 0.6148148148148148 0.15104166666666666 0.6166666666666667 0.15208333333333332 0.6166666666666667 0.15260416666666668 0.6175925925925926 0.153125 0.6175925925925926 0.15364583333333334 0.6194444444444445 0.1546875 0.6194444444444445 0.15520833333333334 0.6212962962962963 0.15625 0.6212962962962963 0.15677083333333333 0.6222222222222222 0.15729166666666666 0.6222222222222222 0.1578125 0.6231481481481481 0.15833333333333333 0.6240740740740741 0.15833333333333333 0.625 0.15885416666666666 0.6259259259259259 0.15885416666666666 0.6268518518518519 0.159375 0.6324074074074074 0.159375 0.6333333333333333 0.15885416666666666 0.6342592592592593 0.15885416666666666 0.6361111111111111 0.1578125 0.6370370370370371 0.1578125 0.637962962962963 0.15729166666666666 0.637962962962963 0.15677083333333333 0.6388888888888888 0.15625 0.6388888888888888 0.15572916666666667 0.6398148148148148 0.15520833333333334 0.6398148148148148 0.15260416666666668 0.6388888888888888 0.15208333333333332 0.6388888888888888 0.15104166666666666 0.637962962962963 0.15052083333333333 0.637962962962963 0.15 0.6370370370370371 0.14947916666666666 0.6370370370370371 0.14895833333333333 0.6351851851851852 0.14791666666666667 0.6351851851851852 0.14739583333333334 0.6342592592592593 0.146875 0.6342592592592593 0.14635416666666667 0.6324074074074074 0.1453125 0.6324074074074074 0.14479166666666668 0.6314814814814815 0.14427083333333332 0.6314814814814815 0.14375 0.6305555555555555 0.14322916666666666 0.6305555555555555 0.14270833333333333 0.6287037037037037 0.14166666666666666 0.6287037037037037 0.14114583333333333 0.6268518518518519 0.14010416666666667 0.6268518518518519 0.13958333333333334 0.6259259259259259 0.1390625 0.6259259259259259 0.13854166666666667 0.625 0.13802083333333334 0.625 0.1375 0.6240740740740741 0.13697916666666668 0.6240740740740741 0.13541666666666666 0.6231481481481481 0.13489583333333333 0.6231481481481481 0.13333333333333333 0.6240740740740741 0.1328125 0.6240740740740741 0.13020833333333334 0.6231481481481481 0.1296875 0.6231481481481481 0.12864583333333332 0.6222222222222222 0.128125 0.6222222222222222 0.12760416666666666 0.6212962962962963 0.12708333333333333 0.6203703703703703 0.12708333333333333 0.6194444444444445 0.1265625 0.6185185185185185 0.1265625 0.6175925925925926 0.12604166666666666 0.6175925925925926 0.12552083333333333 0.6166666666666667 0.125 0.6166666666666667 0.12447916666666667 0.6157407407407407 0.12395833333333334 0.6157407407407407 0.12291666666666666 0.6148148148148148 0.12239583333333333 0.6148148148148148 0.12135416666666667 0.6111111111111112 0.11927083333333334 0.6101851851851852 0.11927083333333334 0.6092592592592593 0.11875 0.6064814814814815 0.11875 0.6055555555555555 0.11927083333333334
4 0.3851851851851852 0.24010416666666667 0.38425925925925924 0.24010416666666667 0.38333333333333336 0.23958333333333334 0.3824074074074074 0.23958333333333334 0.37962962962962965 0.23854166666666668 0.37592592592592594 0.23854166666666668 0.375 0.2390625 0.37222222222222223 0.2390625 0.3712962962962963 0.23958333333333334 0.37037037037037035 0.23958333333333334 0.36944444444444446 0.24010416666666667 0.3685185185185185 0.24010416666666667 0.3685185185185185 0.240625 0.362962962962963 0.24375 0.36203703703703705 0.24375 0.3611111111111111 0.24427083333333333 0.3611111111111111 0.24479166666666666 0.3574074074074074 0.246875 0.35648148148148145 0.246875 0.35462962962962963 0.24791666666666667 0.35462962962962963 0.2484375 0.3425925925925926 0.2552083333333333 0.3416666666666667 0.2552083333333333 0.3296296296296296 0.26197916666666665 0.3287037037037037 0.26197916666666665 0.32685185185185184 0.2630208333333333 0.32592592592592595 0.2630208333333333 0.32222222222222224 0.265625 0.3212962962962963 0.265625 0.32037037037037036 0.26614583333333336 0.31851851851851853 0.26614583333333336 0.3175925925925926 0.26666666666666666 0.31574074074074077 0.26666666666666666 0.3148148148148148 0.2671875 0.3111111111111111 0.2671875 0.3101851851851852 0.26666666666666666 0.30925925925925923 0.26666666666666666 0.30833333333333335 0.2671875 0.3037037037037037 0.2671875 0.30277777777777776 0.2677083333333333 0.30092592592592593 0.2677083333333333 0.29814814814814816 0.26927083333333335 0.29814814814814816 0.2755208333333333 0.29907407407407405 0.2760416666666667 0.29907407407407405 0.27760416666666665 0.3 0.278125 0.3 0.2796875 0.30092592592592593 0.28020833333333334 0.30092592592592593 0.28072916666666664 0.3037037037037037 0.28229166666666666 0.3037037037037037 0.2828125 0.3101851851851852 0.2864583333333333 0.3101851851851852 0.2869791666666667 0.31203703703703706 0.28802083333333334 0.31296296296296294 0.28802083333333334 0.3148148148148148 0.2890625 0.31851851851851853 0.2890625 0.3194444444444444 0.28958333333333336 0.3212962962962963 0.28958333333333336 0.32222222222222224 0.29010416666666666 0.33425925925925926 0.29010416666666666 0.33796296296296297 0.28802083333333334 0.33796296296296297 0.2875 0.3388888888888889 0.2869791666666667 0.3388888888888889 0.2838541666666667 0.3398148148148148 0.2833333333333333 0.3398148148148148 0.2791666666666667 0.34074074074074073 0.2786458333333333 0.34074074074074073 0.27760416666666665 0.3416666666666667 0.27708333333333335 0.3416666666666667 0.2765625 0.3425925925925926 0.2760416666666667 0.3425925925925926 0.2755208333333333 0.35 0.2713541666666667 0.35 0.2708333333333333 0.3527777777777778 0.26927083333333335 0.3537037037037037 0.26927083333333335 0.36203703703703705 0.26458333333333334 0.362962962962963 0.26458333333333334 0.36574074074074076 0.2630208333333333 0.36574074074074076 0.2625 0.3685185185185185 0.2609375 0.36944444444444446 0.2609375 0.3712962962962963 0.2598958333333333 0.3712962962962963 0.259375 0.38425925925925924 0.2520833333333333 0.38425925925925924 0.2515625 0.3851851851851852 0.25104166666666666 0.3851851851851852 0.25052083333333336 0.3861111111111111 0.25 0.3861111111111111 0.24947916666666667 0.38796296296296295 0.2484375 0.38796296296296295 0.24635416666666668 0.3888888888888889 0.24583333333333332 0.3888888888888889 0.24322916666666666 0.38796296296296295 0.24270833333333333 0.38796296296296295 0.24166666666666667
1 0.5453703703703704 0.15885416666666666 0.5435185185185185 0.15885416666666666 0.5425925925925926 0.159375 0.5407407407407407 0.159375 0.5398148148148149 0.15989583333333332 0.5398148148148149 0.16041666666666668 0.537962962962963 0.16145833333333334 0.537962962962963 0.16197916666666667 0.5370370370370371 0.1625 0.5370370370370371 0.16302083333333334 0.5361111111111111 0.16354166666666667 0.5361111111111111 0.1640625 0.5351851851851852 0.16458333333333333 0.5351851851851852 0.16510416666666666 0.5342592592592592 0.165625 0.5342592592592592 0.16666666666666666 0.5333333333333333 0.1671875 0.5333333333333333 0.17083333333333334 0.5324074074074074 0.17135416666666667 0.5324074074074074 0.17552083333333332 0.5314814814814814 0.17604166666666668 0.5314814814814814 0.17760416666666667 0.5305555555555556 0.178125 0.5305555555555556 0.17916666666666667 0.5296296296296297 0.1796875 0.5296296296296297 0.18072916666666666 0.5287037037037037 0.18125 0.5287037037037037 0.1828125 0.5277777777777778 0.18333333333333332 0.5277777777777778 0.18489583333333334 0.5268518518518519 0.18541666666666667 0.5268518518518519 0.18645833333333334 0.5259259259259259 0.18697916666666667 0.5259259259259259 0.1875 0.525 0.18802083333333333 0.525 0.1890625 0.524074074074074 0.18958333333333333 0.524074074074074 0.190625 0.5231481481481481 0.19114583333333332 0.5231481481481481 0.19166666666666668 0.5222222222222223 0.1921875 0.5222222222222223 0.19322916666666667 0.5212962962962963 0.19375 0.5212962962962963 0.1953125 0.5203703703703704 0.19583333333333333 0.5203703703703704 0.20104166666666667 0.5212962962962963 0.2015625 0.5212962962962963 0.20260416666666667 0.5222222222222223 0.203125 0.5231481481481481 0.203125 0.525 0.20416666666666666 0.5287037037037037 0.20416666666666666 0.5296296296296297 0.20364583333333333 0.5324074074074074 0.20364583333333333 0.5342592592592592 0.20260416666666667 0.5342592592592592 0.20208333333333334 0.5361111111111111 0.20104166666666667 0.5361111111111111 0.20052083333333334 0.5370370370370371 0.2 0.5370370370370371 0.19947916666666668 0.537962962962963 0.19895833333333332 0.537962962962963 0.1984375 0.5388888888888889 0.19791666666666666 0.5388888888888889 0.19739583333333333 0.5398148148148149 0.196875 0.5398148148148149 0.19635416666666666 0.5407407407407407 0.19583333333333333 0.5407407407407407 0.19479166666666667 0.5416666666666666 0.19427083333333334 0.5416666666666666 0.19375 0.5425925925925926 0.19322916666666667 0.5425925925925926 0.19270833333333334 0.5435185185185185 0.1921875 0.5435185185185185 0.19166666666666668 0.5444444444444444 0.19114583333333332 0.5444444444444444 0.19010416666666666 0.5453703703703704 0.18958333333333333 0.5453703703703704 0.1890625 0.5462962962962963 0.18854166666666666 0.5462962962962963 0.18802083333333333 0.5472222222222223 0.1875 0.5472222222222223 0.18697916666666667 0.5509259259259259 0.18489583333333334 0.5509259259259259 0.184375 0.5546296296296296 0.18229166666666666 0.5564814814814815 0.18229166666666666 0.5574074074074075 0.18177083333333333 0.5592592592592592 0.18177083333333333 0.5601851851851852 0.18125 0.5601851851851852 0.18072916666666666 0.5611111111111111 0.18020833333333333 0.5611111111111111 0.17916666666666667 0.562037037037037 0.17864583333333334 0.562037037037037 0.17708333333333334 0.562962962962963 0.1765625 0.562962962962963 0.175 0.5638888888888889 0.17447916666666666 0.5638888888888889 0.1734375 0.5648148148148148 0.17291666666666666 0.5648148148148148 0.17239583333333333 0.5657407407407408 0.171875 0.5657407407407408 0.17135416666666667 0.5666666666666667 0.17083333333333334 0.5666666666666667 0.1703125 0.5675925925925925 0.16979166666666667 0.5675925925925925 0.16614583333333333 0.562962962962963 0.16354166666666667 0.562037037037037 0.16354166666666667 0.5601851851851852 0.1625 0.5592592592592592 0.1625 0.5583333333333333 0.16197916666666667 0.5574074074074075 0.16197916666666667 0.5564814814814815 0.16145833333333334 0.5546296296296296 0.16145833333333334 0.5537037037037037 0.1609375 0.5527777777777778 0.1609375 0.5509259259259259 0.15989583333333332 0.549074074074074 0.15989583333333332 0.5481481481481482 0.159375 0.5462962962962963 0.159375
4 0.4601851851851852 0.2078125 0.45555555555555555 0.21041666666666667 0.4546296296296296 0.21041666666666667 0.4546296296296296 0.2109375 0.4462962962962963 0.215625 0.4462962962962963 0.21614583333333334 0.44537037037037036 0.21666666666666667 0.44537037037037036 0.2171875 0.4425925925925926 0.21875 0.4425925925925926 0.21927083333333333 0.44074074074074077 0.22083333333333333 0.44074074074074077 0.22604166666666667 0.44166666666666665 0.2265625 0.44166666666666665 0.22760416666666666 0.4444444444444444 0.22916666666666666 0.44537037037037036 0.22916666666666666 0.4462962962962963 0.2296875 0.44722222222222224 0.2296875 0.45 0.23072916666666668 0.45555555555555555 0.23072916666666668 0.4564814814814815 0.23125 0.4583333333333333 0.23125 0.4601851851851852 0.23229166666666667 0.46111111111111114 0.23229166666666667 0.462037037037037 0.2328125 0.46296296296296297 0.2328125 0.4638888888888889 0.23333333333333334 0.4648148148148148 0.23333333333333334 0.4666666666666667 0.234375 0.4675925925925926 0.234375 0.4685185185185185 0.23489583333333333 0.46944444444444444 0.23489583333333333 0.47314814814814815 0.23697916666666666 0.47314814814814815 0.2375 0.4740740740740741 0.23802083333333332 0.475 0.23802083333333332 0.4787037037037037 0.24010416666666667 0.4787037037037037 0.240625 0.4861111111111111 0.24479166666666666 0.4861111111111111 0.2453125 0.487962962962963 0.24635416666666668 0.487962962962963 0.246875 0.49074074074074076 0.2484375 0.49166666666666664 0.2484375 0.4981481481481482 0.2520833333333333 0.49907407407407406 0.2520833333333333 0.5046296296296297 0.2552083333333333 0.5046296296296297 0.2557291666666667 0.5101851851851852 0.25885416666666666 0.5111111111111111 0.25885416666666666 0.512962962962963 0.2598958333333333 0.5148148148148148 0.2598958333333333 0.5157407407407407 0.2604166666666667 0.5212962962962963 0.2604166666666667 0.5222222222222223 0.2598958333333333 0.524074074074074 0.2598958333333333 0.5305555555555556 0.25625 0.5305555555555556 0.2515625 0.5296296296296297 0.25104166666666666 0.5296296296296297 0.25052083333333336 0.5287037037037037 0.25 0.5287037037037037 0.24947916666666667 0.5277777777777778 0.24895833333333334 0.5277777777777778 0.2484375 0.5268518518518519 0.24791666666666667 0.5268518518518519 0.24739583333333334 0.5212962962962963 0.24427083333333333 0.5212962962962963 0.24375 0.5111111111111111 0.23802083333333332 0.5111111111111111 0.2375 0.5074074074074074 0.23541666666666666 0.5074074074074074 0.23489583333333333 0.5027777777777778 0.23229166666666667 0.5027777777777778 0.23177083333333334 0.49166666666666664 0.22552083333333334 0.49166666666666664 0.225 0.48518518518518516 0.22135416666666666 0.48518518518518516 0.22083333333333333 0.4842592592592593 0.2203125 0.4842592592592593 0.21979166666666666 0.48333333333333334 0.21927083333333333 0.48333333333333334 0.21875 0.4824074074074074 0.21822916666666667 0.4824074074074074 0.21770833333333334 0.47962962962962963 0.21614583333333334 0.47962962962962963 0.21145833333333333 0.4787037037037037 0.2109375 0.4787037037037037 0.20885416666666667 0.4740740740740741 0.20625 0.47314814814814815 0.20625 0.4703703703703704 0.20520833333333333 0.46944444444444444 0.20520833333333333 0.4685185185185185 0.20572916666666666 0.4666666666666667 0.20572916666666666 0.46574074074074073 0.20625 0.4648148148148148 0.20625 0.4638888888888889 0.20677083333333332 0.46296296296296297 0.20677083333333332 0.46111111111111114 0.2078125
1 0.22685185185185186 0.3307291666666667 0.22685185185185186 0.33125 0.22592592592592592 0.33177083333333335 0.22592592592592592 0.3328125 0.225 0.3333333333333333 0.225 0.33489583333333334 0.22592592592592592 0.33541666666666664 0.22592592592592592 0.3375 0.22685185185185186 0.3380208333333333 0.22685185185185186 0.3385416666666667 0.23333333333333334 0.3421875 0.23425925925925925 0.3421875 0.2361111111111111 0.34322916666666664 0.23703703703703705 0.34322916666666664 0.2388888888888889 0.34427083333333336 0.23981481481481481 0.34427083333333336 0.24166666666666667 0.3453125 0.24259259259259258 0.3453125 0.24444444444444444 0.3463541666666667 0.24537037037037038 0.3463541666666667 0.24722222222222223 0.34739583333333335 0.24814814814814815 0.34739583333333335 0.2518518518518518 0.3494791666666667 0.25277777777777777 0.3494791666666667 0.2564814814814815 0.3515625 0.2564814814814815 0.35208333333333336 0.25833333333333336 0.353125 0.25833333333333336 0.3536458333333333 0.2601851851851852 0.3546875 0.2601851851851852 0.35520833333333335 0.2611111111111111 0.35520833333333335 0.26296296296296295 0.35625 0.2638888888888889 0.35625 0.2657407407407407 0.3572916666666667 0.26666666666666666 0.3572916666666667 0.2675925925925926 0.3578125 0.26944444444444443 0.3578125 0.27037037037037037 0.35833333333333334 0.2712962962962963 0.35833333333333334 0.2759259259259259 0.3609375 0.27685185185185185 0.3609375 0.2777777777777778 0.3614583333333333 0.2833333333333333 0.3614583333333333 0.28425925925925927 0.3609375 0.2851851851851852 0.3609375 0.2861111111111111 0.36041666666666666 0.28703703703703703 0.36041666666666666 0.29074074074074074 0.35833333333333334 0.29074074074074074 0.3578125 0.2935185185185185 0.35625 0.2935185185185185 0.35572916666666665 0.2953703703703704 0.3546875 0.2953703703703704 0.3541666666666667 0.2962962962962963 0.3536458333333333 0.2962962962962963 0.353125 0.2972222222222222 0.35260416666666666 0.2972222222222222 0.3515625 0.29814814814814816 0.35104166666666664 0.29814814814814816 0.3484375 0.2972222222222222 0.3484375 0.29444444444444445 0.346875 0.2935185185185185 0.346875 0.29259259259259257 0.3463541666666667 0.2916666666666667 0.3463541666666667 0.29074074074074074 0.3458333333333333 0.2898148148148148 0.3458333333333333 0.28888888888888886 0.3453125 0.287962962962963 0.3453125 0.2824074074074074 0.3421875 0.2824074074074074 0.3416666666666667 0.2814814814814815 0.3416666666666667 0.2777777777777778 0.33958333333333335 0.2712962962962963 0.33958333333333335 0.27037037037037037 0.3390625 0.2675925925925926 0.3390625 0.26666666666666666 0.3385416666666667 0.2657407407407407 0.3385416666666667 0.26481481481481484 0.3380208333333333 0.2638888888888889 0.3380208333333333 0.26296296296296295 0.3375 0.262037037037037 0.3375 0.2601851851851852 0.33645833333333336 0.25925925925925924 0.33645833333333336 0.25833333333333336 0.3359375 0.2574074074074074 0.3359375 0.25462962962962965 0.334375 0.2537037037037037 0.334375 0.2518518518518518 0.3333333333333333 0.25092592592592594 0.3333333333333333 0.25 0.3328125 0.2490740740740741 0.3328125 0.2462962962962963 0.33125 0.24537037037037038 0.33125 0.24444444444444444 0.3307291666666667 0.24351851851851852 0.3307291666666667 0.24166666666666667 0.3296875 0.24074074074074073 0.3296875 0.23981481481481481 0.32916666666666666 0.23796296296296296 0.32916666666666666 0.23703703703703705 0.32864583333333336 0.23333333333333334 0.32864583333333336 0.2324074074074074 0.32916666666666666 0.23055555555555557 0.32916666666666666 0.22870370370370371 0.3302083333333333 0.22777777777777777 0.3302083333333333
4 0.7342592592592593 0.09322916666666667 0.7314814814814815 0.09479166666666666 0.7314814814814815 0.0953125 0.7305555555555555 0.09583333333333334 0.7305555555555555 0.09635416666666667 0.7296296296296296 0.096875 0.7296296296296296 0.09739583333333333 0.7277777777777777 0.0984375 0.7277777777777777 0.09947916666666666 0.7268518518518519 0.1 0.7268518518518519 0.10208333333333333 0.725925925925926 0.10260416666666666 0.725925925925926 0.10364583333333334 0.7268518518518519 0.10416666666666667 0.7268518518518519 0.10520833333333333 0.7379629629629629 0.11145833333333334 0.7388888888888889 0.11145833333333334 0.7407407407407407 0.1125 0.7416666666666667 0.1125 0.7425925925925926 0.11302083333333333 0.7435185185185185 0.11302083333333333 0.7453703703703703 0.1140625 0.7462962962962963 0.1140625 0.7490740740740741 0.115625 0.75 0.115625 0.7555555555555555 0.11875 0.7564814814814815 0.11875 0.7574074074074074 0.11927083333333334 0.7583333333333333 0.11927083333333334 0.7601851851851852 0.1203125 0.7611111111111111 0.1203125 0.7620370370370371 0.12083333333333333 0.762962962962963 0.12083333333333333 0.7648148148148148 0.121875 0.7648148148148148 0.12239583333333333 0.7675925925925926 0.12395833333333334 0.7685185185185185 0.12395833333333334 0.7694444444444445 0.12447916666666667 0.7703703703703704 0.12447916666666667 0.7731481481481481 0.12604166666666666 0.774074074074074 0.12604166666666666 0.7805555555555556 0.1296875 0.7814814814814814 0.1296875 0.7833333333333333 0.13072916666666667 0.7833333333333333 0.13125 0.7851851851851852 0.1328125 0.7851851851851852 0.134375 0.7861111111111111 0.13489583333333333 0.7861111111111111 0.13541666666666666 0.787962962962963 0.13645833333333332 0.787962962962963 0.13697916666666668 0.7898148148148149 0.13802083333333334 0.7907407407407407 0.13802083333333334 0.7916666666666666 0.13854166666666667 0.7935185185185185 0.13854166666666667 0.7944444444444444 0.1390625 0.7981481481481482 0.1390625 0.799074074074074 0.13854166666666667 0.8 0.13854166666666667 0.8009259259259259 0.13802083333333334 0.8018518518518518 0.13802083333333334 0.8074074074074075 0.13489583333333333 0.8074074074074075 0.134375 0.8083333333333333 0.13385416666666666 0.8083333333333333 0.13333333333333333 0.8111111111111111 0.13177083333333334 0.8111111111111111 0.13125 0.8138888888888889 0.1296875 0.8138888888888889 0.12916666666666668 0.8148148148148148 0.12864583333333332 0.8148148148148148 0.128125 0.8166666666666667 0.12708333333333333 0.8166666666666667 0.1265625 0.8175925925925925 0.12604166666666666 0.8175925925925925 0.125 0.8194444444444444 0.1234375 0.8194444444444444 0.11875 0.8185185185185185 0.11822916666666666 0.8175925925925925 0.11822916666666666 0.8138888888888889 0.11614583333333334 0.8101851851851852 0.11614583333333334 0.8092592592592592 0.11666666666666667 0.8064814814814815 0.11666666666666667 0.8055555555555556 0.1171875 0.8018518518518518 0.1171875 0.8 0.11614583333333334 0.799074074074074 0.11614583333333334 0.7981481481481482 0.115625 0.7972222222222223 0.115625 0.7953703703703704 0.11458333333333333 0.7944444444444444 0.11458333333333333 0.7935185185185185 0.1140625 0.7925925925925926 0.1140625 0.7916666666666666 0.11354166666666667 0.7907407407407407 0.11354166666666667 0.7888888888888889 0.1125 0.787962962962963 0.1125 0.7851851851851852 0.1109375 0.7842592592592592 0.1109375 0.7824074074074074 0.10989583333333333 0.7814814814814814 0.10989583333333333 0.7796296296296297 0.10885416666666667 0.7787037037037037 0.10885416666666667 0.7759259259259259 0.10729166666666666 0.775 0.10729166666666666 0.7722222222222223 0.10572916666666667 0.7712962962962963 0.10572916666666667 0.7685185185185185 0.10416666666666667 0.7675925925925926 0.10416666666666667 0.7657407407407407 0.103125 0.7648148148148148 0.103125 0.7611111111111111 0.10104166666666667 0.7601851851851852 0.10104166666666667 0.7564814814814815 0.09895833333333333 0.7555555555555555 0.09895833333333333 0.7537037037037037 0.09791666666666667 0.7527777777777778 0.09791666666666667 0.7481481481481481 0.0953125 0.7472222222222222 0.0953125 0.7462962962962963 0.09479166666666666 0.7453703703703703 0.09479166666666666 0.7444444444444445 0.09427083333333333 0.7435185185185185 0.09427083333333333 0.7407407407407407 0.09322916666666667 0.7379629629629629 0.09322916666666667 0.737037037037037 0.09270833333333334 0.7361111111111112 0.09270833333333334 0.7351851851851852 0.09322916666666667
4 0.362962962962963 0.3411458333333333 0.35555555555555557 0.3453125 0.35555555555555557 0.3463541666666667 0.35462962962962963 0.346875 0.35462962962962963 0.3494791666666667 0.35555555555555557 0.35 0.35648148148148145 0.3515625 0.3611111111111111 0.3541666666666667 0.37222222222222223 0.35625 0.37962962962962965 0.36041666666666666 0.37962962962962965 0.3609375 0.3824074074074074 0.3625 0.3824074074074074 0.36302083333333335 0.38425925925925924 0.3640625 0.38425925925925924 0.3645833333333333 0.3851851851851852 0.3651041666666667 0.3861111111111111 0.36666666666666664 0.38796296296296295 0.36770833333333336 0.38796296296296295 0.36822916666666666 0.38981481481481484 0.3697916666666667 0.38981481481481484 0.37083333333333335 0.3907407407407407 0.37135416666666665 0.3907407407407407 0.371875 0.3925925925925926 0.3729166666666667 0.3925925925925926 0.3734375 0.39537037037037037 0.375 0.39537037037037037 0.37552083333333336 0.3972222222222222 0.3765625 0.39814814814814814 0.378125 0.4 0.37916666666666665 0.4 0.3796875 0.40370370370370373 0.38229166666666664 0.40370370370370373 0.3828125 0.4046296296296296 0.38333333333333336 0.4046296296296296 0.38385416666666666 0.40555555555555556 0.384375 0.40555555555555556 0.3848958333333333 0.4064814814814815 0.3854166666666667 0.4064814814814815 0.3859375 0.4074074074074074 0.38645833333333335 0.4074074074074074 0.38697916666666665 0.4083333333333333 0.3875 0.40925925925925927 0.3890625 0.41203703703703703 0.390625 0.412962962962963 0.390625 0.41574074074074074 0.3921875 0.4185185185185185 0.3921875 0.41944444444444445 0.3927083333333333 0.4212962962962963 0.3927083333333333 0.4222222222222222 0.3932291666666667 0.42685185185185187 0.3932291666666667 0.42777777777777776 0.3927083333333333 0.4305555555555556 0.3927083333333333 0.43148148148148147 0.3921875 0.43148148148148147 0.39166666666666666 0.4324074074074074 0.39114583333333336 0.4324074074074074 0.39010416666666664 0.43333333333333335 0.38958333333333334 0.43333333333333335 0.3848958333333333 0.4324074074074074 0.384375 0.4324074074074074 0.38333333333333336 0.43148148148148147 0.3828125 0.43148148148148147 0.38229166666666664 0.4305555555555556 0.38177083333333334 0.4305555555555556 0.38125 0.42962962962962964 0.3807291666666667 0.42962962962962964 0.3802083333333333 0.4287037037037037 0.3796875 0.42777777777777776 0.378125 0.42592592592592593 0.3770833333333333 0.42592592592592593 0.3765625 0.42407407407407405 0.37552083333333336 0.42314814814814816 0.37395833333333334 0.4212962962962963 0.3729166666666667 0.4212962962962963 0.3723958333333333 0.4185185185185185 0.37083333333333335 0.4185185185185185 0.3703125 0.41759259259259257 0.3697916666666667 0.4166666666666667 0.36822916666666666 0.4148148148148148 0.3671875 0.4148148148148148 0.36666666666666664 0.41388888888888886 0.36614583333333334 0.41388888888888886 0.365625 0.412962962962963 0.3651041666666667 0.41203703703703703 0.36354166666666665 0.4101851851851852 0.3625 0.4101851851851852 0.3619791666666667 0.40925925925925927 0.3614583333333333 0.40925925925925927 0.3609375 0.4083333333333333 0.36041666666666666 0.4083333333333333 0.35989583333333336 0.4074074074074074 0.359375 0.4074074074074074 0.35885416666666664 0.40555555555555556 0.3572916666666667 0.40555555555555556 0.35625 0.4046296296296296 0.35572916666666665 0.4046296296296296 0.35520833333333335 0.40370370370370373 0.3546875 0.40370370370370373 0.3541666666666667 0.4027777777777778 0.3536458333333333 0.4027777777777778 0.353125 0.40185185185185185 0.35260416666666666 0.40185185185185185 0.35208333333333336 0.4 0.35052083333333334 0.4 0.3494791666666667 0.3990740740740741 0.3489583333333333 0.3990740740740741 0.34739583333333335 0.39814814814814814 0.346875 0.39814814814814814 0.3453125 0.3972222222222222 0.34479166666666666 0.3972222222222222 0.340625 0.3962962962962963 0.34010416666666665 0.3962962962962963 0.3385416666666667 0.39537037037037037 0.3380208333333333 0.39444444444444443 0.33645833333333336 0.3925925925925926 0.33541666666666664 0.39166666666666666 0.33541666666666664 0.3907407407407407 0.33489583333333334 0.3851851851851852 0.33489583333333334 0.38425925925925924 0.33541666666666664 0.3824074074074074 0.33541666666666664 0.3814814814814815 0.3359375 0.38055555555555554 0.3359375 0.37962962962962965 0.33645833333333336 0.3787037037037037 0.33645833333333336 0.37777777777777777 0.33697916666666666 0.375 0.3375 0.3731481481481482 0.3385416666666667 0.3712962962962963 0.3385416666666667 0.37037037037037035 0.3390625 0.3675925925925926 0.33958333333333335 0.36574074074074076 0.340625
1 0.5805555555555556 0.21666666666666667 0.5787037037037037 0.21770833333333334 0.5787037037037037 0.21822916666666667 0.5740740740740741 0.22083333333333333 0.5740740740740741 0.22135416666666666 0.5731481481481482 0.221875 0.5731481481481482 0.22291666666666668 0.5722222222222222 0.2234375 0.5722222222222222 0.2296875 0.5731481481481482 0.23020833333333332 0.5731481481481482 0.23125 0.5740740740740741 0.23177083333333334 0.5740740740740741 0.2328125 0.575 0.23333333333333334 0.575 0.23385416666666667 0.5805555555555556 0.23697916666666666 0.5814814814814815 0.23697916666666666 0.5824074074074074 0.2375 0.5842592592592593 0.2375 0.5851851851851851 0.23802083333333332 0.587037037037037 0.23802083333333332 0.5879629629629629 0.23854166666666668 0.5898148148148148 0.23854166666666668 0.5907407407407408 0.2390625 0.5916666666666667 0.2390625 0.5925925925925926 0.23958333333333334 0.5925925925925926 0.24010416666666667 0.5990740740740741 0.24375 0.5990740740740741 0.24427083333333333 0.6055555555555555 0.24791666666666667 0.6055555555555555 0.2484375 0.6074074074074074 0.24947916666666667 0.6074074074074074 0.25 0.6111111111111112 0.2520833333333333 0.6129629629629629 0.2520833333333333 0.6138888888888889 0.2526041666666667 0.6166666666666667 0.2526041666666667 0.6175925925925926 0.253125 0.6231481481481481 0.253125 0.625 0.2520833333333333 0.625 0.2515625 0.6259259259259259 0.25104166666666666 0.6259259259259259 0.25052083333333336 0.6268518518518519 0.25 0.6268518518518519 0.24895833333333334 0.6277777777777778 0.2484375 0.6277777777777778 0.24427083333333333 0.6268518518518519 0.24375 0.6268518518518519 0.24322916666666666 0.6259259259259259 0.24270833333333333 0.6259259259259259 0.2421875 0.6240740740740741 0.24114583333333334 0.6240740740740741 0.240625 0.6231481481481481 0.24010416666666667 0.6231481481481481 0.2390625 0.6222222222222222 0.23854166666666668 0.6222222222222222 0.23802083333333332 0.6212962962962963 0.23802083333333332 0.6175925925925926 0.2359375 0.6175925925925926 0.23541666666666666 0.6166666666666667 0.23489583333333333 0.6166666666666667 0.234375 0.6157407407407407 0.23385416666666667 0.6157407407407407 0.23333333333333334 0.6138888888888889 0.23229166666666667 0.6138888888888889 0.23125 0.6129629629629629 0.23072916666666668 0.6129629629629629 0.23020833333333332 0.6111111111111112 0.22916666666666666 0.6111111111111112 0.22864583333333333 0.6101851851851852 0.228125 0.6101851851851852 0.2265625 0.6092592592592593 0.22604166666666667 0.6092592592592593 0.22395833333333334 0.6083333333333333 0.2234375 0.6083333333333333 0.22291666666666668 0.6046296296296296 0.22083333333333333 0.6037037037037037 0.22083333333333333 0.6 0.21875 0.6 0.21822916666666667 0.5953703703703703 0.215625 0.5935185185185186 0.215625 0.5925925925925926 0.21510416666666668 0.5879629629629629 0.21510416666666668 0.587037037037037 0.215625 0.5851851851851851 0.215625 0.5842592592592593 0.21614583333333334 0.5824074074074074 0.21614583333333334 0.5814814814814815 0.21666666666666667
4 0.4361111111111111 0.32708333333333334 0.4351851851851852 0.32760416666666664 0.43425925925925923 0.32760416666666664 0.43333333333333335 0.328125 0.4324074074074074 0.328125 0.42962962962962964 0.3296875 0.42962962962962964 0.3307291666666667 0.4287037037037037 0.33125 0.4287037037037037 0.33697916666666666 0.42962962962962964 0.3375 0.42962962962962964 0.3390625 0.4305555555555556 0.33958333333333335 0.4305555555555556 0.340625 0.43148148148148147 0.3411458333333333 0.43148148148148147 0.34270833333333334 0.4324074074074074 0.34322916666666664 0.4324074074074074 0.34427083333333336 0.43333333333333335 0.34479166666666666 0.43333333333333335 0.3458333333333333 0.43425925925925923 0.3463541666666667 0.43425925925925923 0.34739583333333335 0.4351851851851852 0.34791666666666665 0.4351851851851852 0.3489583333333333 0.4361111111111111 0.3494791666666667 0.4361111111111111 0.35052083333333334 0.43703703703703706 0.35104166666666664 0.43703703703703706 0.35208333333333336 0.43796296296296294 0.35260416666666666 0.43796296296296294 0.3541666666666667 0.4388888888888889 0.3546875 0.4388888888888889 0.35572916666666665 0.4398148148148148 0.35625 0.4398148148148148 0.3567708333333333 0.44166666666666665 0.35833333333333334 0.44166666666666665 0.359375 0.4425925925925926 0.35989583333333336 0.4425925925925926 0.36041666666666666 0.4444444444444444 0.3619791666666667 0.4444444444444444 0.36354166666666665 0.44537037037037036 0.3640625 0.44537037037037036 0.365625 0.4462962962962963 0.36614583333333334 0.4462962962962963 0.3671875 0.44722222222222224 0.36770833333333336 0.44722222222222224 0.3692708333333333 0.44814814814814813 0.3697916666666667 0.44814814814814813 0.37135416666666665 0.44907407407407407 0.371875 0.44907407407407407 0.3765625 0.44814814814814813 0.3770833333333333 0.44814814814814813 0.37864583333333335 0.44722222222222224 0.37916666666666665 0.44722222222222224 0.38229166666666664 0.44814814814814813 0.3828125 0.44814814814814813 0.3848958333333333 0.4527777777777778 0.3875 0.4537037037037037 0.3875 0.4546296296296296 0.3880208333333333 0.4601851851851852 0.3880208333333333 0.46111111111111114 0.3875 0.4666666666666667 0.3875 0.4675925925925926 0.38697916666666665 0.46944444444444444 0.38697916666666665 0.4703703703703704 0.38645833333333335 0.4722222222222222 0.38645833333333335 0.47314814814814815 0.3859375 0.475 0.3859375 0.4759259259259259 0.3854166666666667 0.4787037037037037 0.3854166666666667 0.4824074074074074 0.38333333333333336 0.48333333333333334 0.38333333333333336 0.4842592592592593 0.3828125 0.48518518518518516 0.3828125 0.4888888888888889 0.3807291666666667 0.4888888888888889 0.37916666666666665 0.4898148148148148 0.37864583333333335 0.4898148148148148 0.3770833333333333 0.4888888888888889 0.3765625 0.4888888888888889 0.37604166666666666 0.487962962962963 0.37552083333333336 0.487962962962963 0.375 0.4861111111111111 0.37395833333333334 0.4861111111111111 0.3729166666666667 0.48518518518518516 0.3723958333333333 0.4842592592592593 0.3723958333333333 0.4824074074074074 0.37135416666666665 0.48148148148148145 0.37135416666666665 0.48055555555555557 0.37083333333333335 0.47962962962962963 0.37083333333333335 0.4787037037037037 0.3703125 0.4777777777777778 0.3703125 0.47685185185185186 0.3697916666666667 0.47685185185185186 0.3692708333333333 0.475 0.36822916666666666 0.475 0.36770833333333336 0.4740740740740741 0.3671875 0.4740740740740741 0.36666666666666664 0.4722222222222222 0.3651041666666667 0.4722222222222222 0.3640625 0.4703703703703704 0.3625 0.4703703703703704 0.3614583333333333 0.46944444444444444 0.3609375 0.46944444444444444 0.35989583333333336 0.4685185185185185 0.359375 0.4685185185185185 0.35833333333333334 0.4675925925925926 0.3578125 0.4675925925925926 0.3567708333333333 0.46574074074074073 0.35520833333333335 0.46574074074074073 0.3541666666666667 0.4648148148148148 0.3536458333333333 0.4648148148148148 0.35260416666666666 0.46296296296296297 0.35104166666666664 0.46296296296296297 0.35 0.462037037037037 0.3494791666666667 0.462037037037037 0.3484375 0.46111111111111114 0.34791666666666665 0.46111111111111114 0.346875 0.45925925925925926 0.3453125 0.45925925925925926 0.34427083333333336 0.4583333333333333 0.34375 0.4583333333333333 0.34322916666666664 0.4564814814814815 0.3416666666666667 0.4564814814814815 0.340625 0.4546296296296296 0.3390625 0.4546296296296296 0.3375 0.4527777777777778 0.3359375 0.4527777777777778 0.33489583333333334 0.45185185185185184 0.334375 0.45185185185185184 0.3333333333333333 0.45092592592592595 0.3328125 0.45092592592592595 0.33177083333333335 0.45 0.33125 0.45 0.3307291666666667 0.44907407407407407 0.3302083333333333 0.44907407407407407 0.3296875 0.44351851851851853 0.3265625 0.4388888888888889 0.3265625 0.43796296296296294 0.32708333333333334
6 0.7305555555555555 0.2078125 0.7296296296296296 0.20833333333333334 0.7277777777777777 0.20833333333333334 0.7268518518518519 0.20885416666666667 0.725925925925926 0.20885416666666667 0.725 0.209375 0.7240740740740741 0.209375 0.7175925925925926 0.21302083333333333 0.7175925925925926 0.21354166666666666 0.7166666666666667 0.2140625 0.7166666666666667 0.21458333333333332 0.7148148148148148 0.215625 0.7148148148148148 0.21614583333333334 0.7138888888888889 0.21666666666666667 0.7138888888888889 0.22395833333333334 0.7148148148148148 0.22447916666666667 0.7148148148148148 0.22864583333333333 0.7157407407407408 0.22916666666666666 0.7157407407407408 0.23177083333333334 0.7175925925925926 0.2328125 0.7175925925925926 0.23333333333333334 0.7185185185185186 0.23385416666666667 0.7185185185185186 0.234375 0.7203703703703703 0.23541666666666666 0.7203703703703703 0.2359375 0.7240740740740741 0.23802083333333332 0.725 0.23802083333333332 0.7277777777777777 0.23958333333333334 0.7287037037037037 0.23958333333333334 0.7296296296296296 0.24010416666666667 0.7305555555555555 0.24010416666666667 0.7314814814814815 0.240625 0.7361111111111112 0.240625 0.737037037037037 0.24114583333333334 0.7435185185185185 0.24114583333333334 0.7444444444444445 0.240625 0.7472222222222222 0.240625 0.7481481481481481 0.24010416666666667 0.7490740740740741 0.24010416666666667 0.75 0.23958333333333334 0.7509259259259259 0.23958333333333334 0.7527777777777778 0.23854166666666668 0.7537037037037037 0.23854166666666668 0.7546296296296297 0.23802083333333332 0.7555555555555555 0.23802083333333332 0.7592592592592593 0.2359375 0.7592592592592593 0.23541666666666666 0.7601851851851852 0.23489583333333333 0.7601851851851852 0.234375 0.7611111111111111 0.23385416666666667 0.7611111111111111 0.23333333333333334 0.7620370370370371 0.2328125 0.7620370370370371 0.23229166666666667 0.762962962962963 0.23177083333333334 0.762962962962963 0.22916666666666666 0.7638888888888888 0.22864583333333333 0.7638888888888888 0.2203125 0.762962962962963 0.21979166666666666 0.762962962962963 0.21927083333333333 0.7620370370370371 0.21875 0.7620370370370371 0.21822916666666667 0.7611111111111111 0.21770833333333334 0.7611111111111111 0.21666666666666667 0.7601851851851852 0.21614583333333334 0.7601851851851852 0.215625 0.7592592592592593 0.21510416666666668 0.7592592592592593 0.21458333333333332 0.7574074074074074 0.21354166666666666 0.7574074074074074 0.21302083333333333 0.7527777777777778 0.21041666666666667 0.7518518518518519 0.21041666666666667 0.7509259259259259 0.20989583333333334 0.75 0.20989583333333334 0.7490740740740741 0.209375 0.7481481481481481 0.209375 0.7472222222222222 0.20885416666666667 0.7453703703703703 0.20885416666666667 0.7444444444444445 0.20833333333333334 0.7416666666666667 0.20833333333333334 0.7407407407407407 0.2078125
6 0.6833333333333333 0.21041666666666667 0.6824074074074075 0.2109375 0.6796296296296296 0.2109375 0.6787037037037037 0.21145833333333333 0.6768518518518518 0.21145833333333333 0.675 0.2125 0.674074074074074 0.2125 0.6722222222222223 0.21354166666666666 0.6712962962962963 0.21354166666666666 0.6666666666666666 0.21614583333333334 0.6666666666666666 0.21666666666666667 0.6657407407407407 0.2171875 0.6657407407407407 0.21822916666666667 0.6648148148148149 0.21875 0.6648148148148149 0.21927083333333333 0.6638888888888889 0.21979166666666666 0.6638888888888889 0.22083333333333333 0.662962962962963 0.22135416666666666 0.662962962962963 0.22291666666666668 0.6620370370370371 0.2234375 0.6620370370370371 0.2296875 0.662962962962963 0.23020833333333332 0.662962962962963 0.23229166666666667 0.6638888888888889 0.2328125 0.6638888888888889 0.23333333333333334 0.6648148148148149 0.23385416666666667 0.6648148148148149 0.23489583333333333 0.6657407407407407 0.23541666666666666 0.6657407407407407 0.2359375 0.6666666666666666 0.23645833333333333 0.6666666666666666 0.23697916666666666 0.6685185185185185 0.23802083333333332 0.6685185185185185 0.23854166666666668 0.6703703703703704 0.23958333333333334 0.6703703703703704 0.24010416666666667 0.6731481481481482 0.24166666666666667 0.674074074074074 0.24166666666666667 0.6759259259259259 0.24270833333333333 0.6768518518518518 0.24270833333333333 0.6787037037037037 0.24375 0.6805555555555556 0.24375 0.6814814814814815 0.24427083333333333 0.6842592592592592 0.24427083333333333 0.6851851851851852 0.24479166666666666 0.6935185185185185 0.24479166666666666 0.6944444444444444 0.24427083333333333 0.6972222222222222 0.24427083333333333 0.6981481481481482 0.24375 0.6990740740740741 0.24375 0.7 0.24322916666666666 0.700925925925926 0.24322916666666666 0.7018518518518518 0.24270833333333333 0.7027777777777777 0.24270833333333333 0.7037037037037037 0.2421875 0.7046296296296296 0.2421875 0.7092592592592593 0.23958333333333334 0.7092592592592593 0.2390625 0.7111111111111111 0.23802083333333332 0.7111111111111111 0.2375 0.7129629629629629 0.23645833333333333 0.7129629629629629 0.2359375 0.7138888888888889 0.23541666666666666 0.7138888888888889 0.234375 0.7148148148148148 0.23385416666666667 0.7148148148148148 0.22447916666666667 0.7138888888888889 0.22395833333333334 0.7138888888888889 0.22083333333333333 0.7129629629629629 0.2203125 0.7129629629629629 0.21875 0.712037037037037 0.21822916666666667 0.712037037037037 0.2171875 0.7092592592592593 0.215625 0.7083333333333334 0.215625 0.7055555555555556 0.2140625 0.7046296296296296 0.2140625 0.7037037037037037 0.21354166666666666 0.7027777777777777 0.21354166666666666 0.7018518518518518 0.21302083333333333 0.700925925925926 0.21302083333333333 0.7 0.2125 0.6990740740740741 0.2125 0.6981481481481482 0.21197916666666666 0.6972222222222222 0.21197916666666666 0.6962962962962963 0.21145833333333333 0.6944444444444444 0.21145833333333333 0.6935185185185185 0.2109375 0.6898148148148148 0.2109375 0.6888888888888889 0.21041666666666667
5 0.5462962962962963 0.35 0.5416666666666666 0.35 0.5407407407407407 0.3494791666666667 0.5370370370370371 0.3494791666666667 0.5361111111111111 0.35 0.5333333333333333 0.35 0.5324074074074074 0.35052083333333334 0.5314814814814814 0.35052083333333334 0.5305555555555556 0.35104166666666664 0.5296296296296297 0.35104166666666664 0.5277777777777778 0.35208333333333336 0.5277777777777778 0.35260416666666666 0.5268518518518519 0.353125 0.5268518518518519 0.3536458333333333 0.5259259259259259 0.3541666666666667 0.5259259259259259 0.35520833333333335 0.525 0.35572916666666665 0.525 0.3567708333333333 0.524074074074074 0.3572916666666667 0.524074074074074 0.359375 0.5231481481481481 0.35989583333333336 0.5231481481481481 0.3619791666666667 0.5222222222222223 0.3625 0.5222222222222223 0.3645833333333333 0.5212962962962963 0.3651041666666667 0.5212962962962963 0.36770833333333336 0.5203703703703704 0.36822916666666666 0.5203703703703704 0.37083333333333335 0.5194444444444445 0.37135416666666665 0.5194444444444445 0.3734375 0.5185185185185185 0.37395833333333334 0.5185185185185185 0.37447916666666664 0.5175925925925926 0.375 0.5175925925925926 0.37552083333333336 0.5157407407407407 0.3765625 0.5157407407407407 0.3770833333333333 0.512962962962963 0.37864583333333335 0.5111111111111111 0.37864583333333335 0.5101851851851852 0.37916666666666665 0.5092592592592593 0.37916666666666665 0.5083333333333333 0.3796875 0.5074074074074074 0.3796875 0.5064814814814815 0.3802083333333333 0.5055555555555555 0.3802083333333333 0.5055555555555555 0.38125 0.5046296296296297 0.38177083333333334 0.5046296296296297 0.384375 0.5037037037037037 0.3848958333333333 0.5037037037037037 0.3859375 0.5046296296296297 0.38645833333333335 0.5046296296296297 0.39010416666666664 0.5055555555555555 0.390625 0.5055555555555555 0.39114583333333336 0.5064814814814815 0.39166666666666666 0.5064814814814815 0.3921875 0.5074074074074074 0.3927083333333333 0.5074074074074074 0.3932291666666667 0.5111111111111111 0.3953125 0.5120370370370371 0.3953125 0.512962962962963 0.3958333333333333 0.5138888888888888 0.3958333333333333 0.5148148148148148 0.3963541666666667 0.5175925925925926 0.3963541666666667 0.5185185185185185 0.396875 0.5203703703703704 0.396875 0.5212962962962963 0.39739583333333334 0.5259259259259259 0.39739583333333334 0.5268518518518519 0.39791666666666664 0.5453703703703704 0.39791666666666664 0.5462962962962963 0.39739583333333334 0.55 0.39739583333333334 0.5509259259259259 0.396875 0.5518518518518518 0.396875 0.5527777777777778 0.3963541666666667 0.5537037037037037 0.3963541666666667 0.5555555555555556 0.3953125 0.5555555555555556 0.39479166666666665 0.5564814814814815 0.39427083333333335 0.5564814814814815 0.3921875 0.5574074074074075 0.39166666666666666 0.5574074074074075 0.38385416666666666 0.5564814814814815 0.38333333333333336 0.5564814814814815 0.38177083333333334 0.5555555555555556 0.38125 0.5555555555555556 0.3796875 0.5546296296296296 0.37916666666666665 0.5546296296296296 0.378125 0.5537037037037037 0.3776041666666667 0.5537037037037037 0.37604166666666666 0.5527777777777778 0.37552083333333336 0.5527777777777778 0.37395833333333334 0.5518518518518518 0.3734375 0.5518518518518518 0.37135416666666665 0.5527777777777778 0.37083333333333335 0.5527777777777778 0.3671875 0.5537037037037037 0.36666666666666664 0.5537037037037037 0.3609375 0.5546296296296296 0.36041666666666666 0.5546296296296296 0.35572916666666665 0.5537037037037037 0.35520833333333335 0.5537037037037037 0.353125 0.5527777777777778 0.35260416666666666 0.5527777777777778 0.35208333333333336 0.5509259259259259 0.35104166666666664 0.55 0.35104166666666664 0.549074074074074 0.35052083333333334 0.5472222222222223 0.35052083333333334
2 0.5916666666666667 0.45677083333333335 0.5861111111111111 0.4505208333333333 0.5787037037037037 0.44583333333333336 0.5777777777777777 0.44583333333333336 0.575925925925926 0.44479166666666664 0.5703703703703704 0.44479166666666664 0.5694444444444444 0.4453125 0.5675925925925925 0.4453125 0.5638888888888889 0.44635416666666666 0.562962962962963 0.4484375 0.562037037037037 0.44895833333333335 0.562037037037037 0.45 0.5611111111111111 0.4505208333333333 0.5611111111111111 0.4515625 0.5555555555555556 0.4552083333333333 0.5444444444444444 0.4583333333333333 0.5425925925925926 0.4583333333333333 0.5398148148148149 0.459375 0.537962962962963 0.459375 0.5351851851851852 0.46041666666666664 0.5333333333333333 0.46041666666666664 0.5324074074074074 0.4609375 0.525 0.46197916666666666 0.5157407407407407 0.46458333333333335 0.5138888888888888 0.46458333333333335 0.512962962962963 0.46510416666666665 0.5083333333333333 0.465625 0.5055555555555555 0.4666666666666667 0.5037037037037037 0.4666666666666667 0.5 0.46822916666666664 0.4981481481481482 0.46822916666666664 0.4935185185185185 0.46979166666666666 0.487962962962963 0.4703125 0.48333333333333334 0.471875 0.4787037037037037 0.47239583333333335 0.4722222222222222 0.4744791666666667 0.4648148148148148 0.47552083333333334 0.45 0.4796875 0.44814814814814813 0.4796875 0.4425925925925926 0.48125 0.43796296296296294 0.4817708333333333 0.4305555555555556 0.48385416666666664 0.425 0.484375 0.41759259259259257 0.4864583333333333 0.41203703703703703 0.4890625 0.4111111111111111 0.4901041666666667 0.41203703703703703 0.49114583333333334 0.41203703703703703 0.4942708333333333 0.4148148148148148 0.49635416666666665 0.4148148148148148 0.496875 0.41944444444444445 0.4984375 0.4212962962962963 0.4979166666666667 0.42962962962962964 0.4979166666666667 0.4305555555555556 0.4973958333333333 0.43425925925925923 0.4973958333333333 0.43703703703703706 0.49635416666666665 0.4388888888888889 0.49635416666666665 0.4425925925925926 0.4953125 0.44537037037037036 0.4953125 0.4546296296296296 0.49270833333333336 0.45925925925925926 0.4921875 0.4638888888888889 0.490625 0.46574074074074073 0.490625 0.4666666666666667 0.4901041666666667 0.4740740740740741 0.4890625 0.4759259259259259 0.48802083333333335 0.47962962962962963 0.4869791666666667 0.48518518518518516 0.4864583333333333 0.4861111111111111 0.4859375 0.4935185185185185 0.48489583333333336 0.5027777777777778 0.4822916666666667 0.5055555555555555 0.4822916666666667 0.512962962962963 0.4796875 0.5148148148148148 0.4796875 0.5203703703703704 0.478125 0.5222222222222223 0.478125 0.5268518518518519 0.4765625 0.5305555555555556 0.47604166666666664 0.5324074074074074 0.475 0.537962962962963 0.4744791666666667 0.5472222222222223 0.471875 0.549074074074074 0.471875 0.5527777777777778 0.4708333333333333 0.5601851851851852 0.4703125 0.5611111111111111 0.46979166666666666 0.5666666666666667 0.46979166666666666 0.5675925925925925 0.46927083333333336 0.575 0.46927083333333336 0.575925925925926 0.46979166666666666 0.5805555555555556 0.46979166666666666 0.5842592592592593 0.46875 0.587037037037037 0.46875 0.5907407407407408 0.4666666666666667 0.5907407407407408 0.465625 0.5916666666666667 0.46510416666666665 0.5916666666666667 0.4630208333333333 0.5925925925925926 0.4625 0.5925925925925926 0.4588541666666667 0.5916666666666667 0.4583333333333333
3 0.8268518518518518 0.17864583333333334 0.825925925925926 0.17864583333333334 0.825 0.178125 0.8231481481481482 0.178125 0.8222222222222222 0.17760416666666667 0.8194444444444444 0.17760416666666667 0.8185185185185185 0.17708333333333334 0.8138888888888889 0.17708333333333334 0.812962962962963 0.1765625 0.812037037037037 0.1765625 0.8111111111111111 0.17604166666666668 0.8101851851851852 0.17604166666666668 0.8083333333333333 0.175 0.8074074074074075 0.175 0.8064814814814815 0.17447916666666666 0.8046296296296296 0.17447916666666666 0.8037037037037037 0.17395833333333333 0.7981481481481482 0.17395833333333333 0.7972222222222223 0.17447916666666666 0.7944444444444444 0.17447916666666666 0.7925925925925926 0.17552083333333332 0.7916666666666666 0.17552083333333332 0.7888888888888889 0.17708333333333334 0.7888888888888889 0.17760416666666667 0.7870370370370371 0.17864583333333334 0.7870370370370371 0.17916666666666667 0.7861111111111111 0.1796875 0.7861111111111111 0.18072916666666666 0.7851851851851852 0.18125 0.7851851851851852 0.18333333333333332 0.7842592592592592 0.18385416666666668 0.7842592592592592 0.18802083333333333 0.7833333333333333 0.18854166666666666 0.7833333333333333 0.19375 0.7824074074074074 0.19427083333333334 0.7824074074074074 0.19635416666666666 0.7814814814814814 0.196875 0.7814814814814814 0.19791666666666666 0.7805555555555556 0.1984375 0.7805555555555556 0.19947916666666668 0.7787037037037037 0.20104166666666667 0.7787037037037037 0.20208333333333334 0.7777777777777778 0.20260416666666667 0.7777777777777778 0.203125 0.7768518518518519 0.20364583333333333 0.7768518518518519 0.20416666666666666 0.775 0.20520833333333333 0.775 0.20625 0.774074074074074 0.20677083333333332 0.774074074074074 0.20729166666666668 0.7722222222222223 0.20885416666666667 0.7722222222222223 0.20989583333333334 0.7712962962962963 0.21041666666666667 0.7712962962962963 0.2109375 0.7703703703703704 0.21145833333333333 0.7703703703703704 0.2125 0.7694444444444445 0.21302083333333333 0.7694444444444445 0.21510416666666668 0.7685185185185185 0.215625 0.7685185185185185 0.21875 0.7694444444444445 0.21927083333333333 0.7694444444444445 0.2203125 0.7703703703703704 0.22083333333333333 0.7703703703703704 0.22135416666666666 0.7731481481481481 0.22291666666666668 0.774074074074074 0.22291666666666668 0.7768518518518519 0.22395833333333334 0.7787037037037037 0.22395833333333334 0.7796296296296297 0.22447916666666667 0.7842592592592592 0.22447916666666667 0.7851851851851852 0.225 0.7907407407407407 0.225 0.7916666666666666 0.22447916666666667 0.7935185185185185 0.22447916666666667 0.8 0.22083333333333333 0.8 0.2203125 0.8009259259259259 0.21979166666666666 0.8009259259259259 0.21927083333333333 0.8027777777777778 0.21822916666666667 0.8027777777777778 0.21770833333333334 0.8037037037037037 0.2171875 0.8037037037037037 0.21666666666666667 0.8046296296296296 0.21614583333333334 0.8046296296296296 0.215625 0.8055555555555556 0.21510416666666668 0.8055555555555556 0.21458333333333332 0.8064814814814815 0.2140625 0.8064814814814815 0.21354166666666666 0.8074074074074075 0.21302083333333333 0.8074074074074075 0.2125 0.8083333333333333 0.21197916666666666 0.8083333333333333 0.21145833333333333 0.8092592592592592 0.2109375 0.8092592592592592 0.21041666666666667 0.8111111111111111 0.209375 0.8111111111111111 0.20885416666666667 0.812962962962963 0.2078125 0.812962962962963 0.20729166666666668 0.8148148148148148 0.20625 0.8148148148148148 0.20572916666666666 0.8166666666666667 0.2046875 0.8166666666666667 0.20416666666666666 0.8194444444444444 0.20260416666666667 0.8203703703703704 0.20260416666666667 0.8212962962962963 0.20208333333333334 0.8231481481481482 0.20208333333333334 0.8240740740740741 0.2015625 0.825925925925926 0.2015625 0.8268518518518518 0.20104166666666667 0.8277777777777777 0.20104166666666667 0.8305555555555556 0.19947916666666668 0.8305555555555556 0.19895833333333332 0.8314814814814815 0.1984375 0.8314814814814815 0.19791666666666666 0.8324074074074074 0.19739583333333333 0.8324074074074074 0.196875 0.8342592592592593 0.19583333333333333 0.8342592592592593 0.1953125 0.837037037037037 0.19375 0.837037037037037 0.19322916666666667 0.8379629629629629 0.19270833333333334 0.8379629629629629 0.19166666666666668 0.8388888888888889 0.19114583333333332 0.8388888888888889 0.190625 0.8398148148148148 0.19010416666666666 0.8398148148148148 0.18958333333333333 0.8407407407407408 0.1890625 0.8407407407407408 0.18854166666666666 0.8398148148148148 0.18802083333333333 0.8398148148148148 0.18541666666666667 0.8388888888888889 0.18489583333333334 0.8388888888888889 0.184375 0.837037037037037 0.18333333333333332 0.837037037037037 0.1828125 0.8361111111111111 0.1828125 0.8324074074074074 0.18072916666666666 0.8314814814814815 0.18072916666666666 0.8296296296296296 0.1796875 0.8287037037037037 0.1796875
4 0.7981481481481482 0.2859375 0.7962962962962963 0.28489583333333335 0.7962962962962963 0.284375 0.7953703703703704 0.2838541666666667 0.7944444444444444 0.2838541666666667 0.7935185185185185 0.2833333333333333 0.7916666666666666 0.2833333333333333 0.7907407407407407 0.2828125 0.7861111111111111 0.2828125 0.7851851851851852 0.2833333333333333 0.7833333333333333 0.2833333333333333 0.7824074074074074 0.2838541666666667 0.7814814814814814 0.2838541666666667 0.7805555555555556 0.284375 0.7796296296296297 0.284375 0.7787037037037037 0.28489583333333335 0.7777777777777778 0.28489583333333335 0.7768518518518519 0.28541666666666665 0.7759259259259259 0.28541666666666665 0.775 0.2859375 0.774074074074074 0.2859375 0.7731481481481481 0.2864583333333333 0.7722222222222223 0.2864583333333333 0.7712962962962963 0.2869791666666667 0.7703703703703704 0.2869791666666667 0.7685185185185185 0.28802083333333334 0.7675925925925926 0.28802083333333334 0.7666666666666667 0.28854166666666664 0.7657407407407407 0.28854166666666664 0.7648148148148148 0.2890625 0.7638888888888888 0.2890625 0.762962962962963 0.28958333333333336 0.7620370370370371 0.28958333333333336 0.7611111111111111 0.29010416666666666 0.7601851851851852 0.29010416666666666 0.7592592592592593 0.290625 0.7583333333333333 0.290625 0.7574074074074074 0.2911458333333333 0.7564814814814815 0.2911458333333333 0.7555555555555555 0.2916666666666667 0.7546296296296297 0.2916666666666667 0.7537037037037037 0.2921875 0.7527777777777778 0.2921875 0.7518518518518519 0.29270833333333335 0.7509259259259259 0.29270833333333335 0.75 0.29322916666666665 0.7490740740740741 0.29322916666666665 0.7481481481481481 0.29375 0.7462962962962963 0.29375 0.7453703703703703 0.2942708333333333 0.7444444444444445 0.2942708333333333 0.7435185185185185 0.2947916666666667 0.7425925925925926 0.2947916666666667 0.7416666666666667 0.2953125 0.7407407407407407 0.2953125 0.7398148148148148 0.29583333333333334 0.7379629629629629 0.29583333333333334 0.737037037037037 0.29635416666666664 0.7268518518518519 0.29635416666666664 0.725925925925926 0.29583333333333334 0.7222222222222222 0.29583333333333334 0.7212962962962963 0.29635416666666664 0.7185185185185186 0.29635416666666664 0.7175925925925926 0.296875 0.7166666666666667 0.296875 0.7157407407407408 0.29739583333333336 0.7148148148148148 0.29739583333333336 0.7129629629629629 0.2984375 0.7129629629629629 0.2989583333333333 0.7101851851851851 0.30052083333333335 0.7101851851851851 0.30104166666666665 0.7092592592592593 0.3015625 0.7092592592592593 0.3020833333333333 0.7083333333333334 0.3026041666666667 0.7083333333333334 0.3078125 0.7092592592592593 0.30833333333333335 0.7092592592592593 0.3098958333333333 0.7101851851851851 0.3104166666666667 0.7101851851851851 0.3109375 0.7111111111111111 0.31145833333333334 0.7111111111111111 0.31197916666666664 0.712037037037037 0.3125 0.712037037037037 0.31302083333333336 0.7138888888888889 0.3140625 0.7138888888888889 0.3145833333333333 0.7194444444444444 0.3177083333333333 0.7203703703703703 0.3177083333333333 0.7212962962962963 0.3182291666666667 0.7222222222222222 0.3182291666666667 0.7231481481481481 0.31875 0.7268518518518519 0.31875 0.7277777777777777 0.31927083333333334 0.7351851851851852 0.31927083333333334 0.7361111111111112 0.31875 0.737037037037037 0.31875 0.7379629629629629 0.3182291666666667 0.7388888888888889 0.3182291666666667 0.7425925925925926 0.31614583333333335 0.7425925925925926 0.315625 0.7453703703703703 0.3140625 0.7453703703703703 0.31354166666666666 0.7481481481481481 0.31197916666666664 0.7481481481481481 0.31145833333333334 0.75 0.3104166666666667 0.75 0.3098958333333333 0.7518518518518519 0.30885416666666665 0.7527777777777778 0.30885416666666665 0.7546296296296297 0.3078125 0.7555555555555555 0.3078125 0.7564814814814815 0.3072916666666667 0.7574074074074074 0.3072916666666667 0.7601851851851852 0.30572916666666666 0.7611111111111111 0.30572916666666666 0.7620370370370371 0.30520833333333336 0.762962962962963 0.30520833333333336 0.7638888888888888 0.3046875 0.7648148148148148 0.3046875 0.7666666666666667 0.30364583333333334 0.7685185185185185 0.30364583333333334 0.7694444444444445 0.303125 0.7712962962962963 0.303125 0.7731481481481481 0.3020833333333333 0.774074074074074 0.3020833333333333 0.775 0.3015625 0.7759259259259259 0.3015625 0.7768518518518519 0.30104166666666665 0.7787037037037037 0.30104166666666665 0.7796296296296297 0.30052083333333335 0.7805555555555556 0.30052083333333335 0.7814814814814814 0.3 0.7824074074074074 0.3 0.7842592592592592 0.2989583333333333 0.7851851851851852 0.2989583333333333 0.7870370370370371 0.29791666666666666 0.787962962962963 0.29791666666666666 0.7953703703703704 0.29375 0.7953703703703704 0.29322916666666665 0.7972222222222223 0.2921875 0.7972222222222223 0.2916666666666667 0.7981481481481482 0.2911458333333333
4 0.7407407407407407 0.3416666666666667 0.7398148148148148 0.3416666666666667 0.7388888888888889 0.3411458333333333 0.7379629629629629 0.3411458333333333 0.737037037037037 0.340625 0.7361111111111112 0.340625 0.7351851851851852 0.34010416666666665 0.7342592592592593 0.34010416666666665 0.7314814814814815 0.3390625 0.7296296296296296 0.3390625 0.7287037037037037 0.3385416666666667 0.725 0.3385416666666667 0.7240740740740741 0.3380208333333333 0.7203703703703703 0.3380208333333333 0.7194444444444444 0.3385416666666667 0.7166666666666667 0.3385416666666667 0.7129629629629629 0.340625 0.7129629629629629 0.3411458333333333 0.712037037037037 0.3416666666666667 0.712037037037037 0.34322916666666664 0.7111111111111111 0.34375 0.7111111111111111 0.35 0.7101851851851851 0.35052083333333334 0.7101851851851851 0.353125 0.7092592592592593 0.3536458333333333 0.7092592592592593 0.3546875 0.7074074074074074 0.35625 0.7074074074074074 0.3572916666666667 0.7064814814814815 0.3578125 0.7064814814814815 0.35833333333333334 0.7046296296296296 0.359375 0.7046296296296296 0.35989583333333336 0.7037037037037037 0.36041666666666666 0.7037037037037037 0.3609375 0.7027777777777777 0.3614583333333333 0.7027777777777777 0.3619791666666667 0.7018518518518518 0.3625 0.7018518518518518 0.36302083333333335 0.6990740740740741 0.3645833333333333 0.6990740740740741 0.3651041666666667 0.6981481481481482 0.365625 0.6981481481481482 0.36614583333333334 0.6962962962962963 0.3671875 0.6962962962962963 0.36770833333333336 0.6953703703703704 0.36822916666666666 0.6953703703703704 0.36875 0.6944444444444444 0.3692708333333333 0.6944444444444444 0.3697916666666667 0.6925925925925925 0.37083333333333335 0.6925925925925925 0.37135416666666665 0.6916666666666667 0.371875 0.6916666666666667 0.3723958333333333 0.6907407407407408 0.3729166666666667 0.6907407407407408 0.3734375 0.6898148148148148 0.37395833333333334 0.6898148148148148 0.37447916666666664 0.687962962962963 0.37552083333333336 0.687962962962963 0.37604166666666666 0.687037037037037 0.3765625 0.687037037037037 0.3770833333333333 0.6851851851851852 0.378125 0.6851851851851852 0.37864583333333335 0.6833333333333333 0.3796875 0.6833333333333333 0.3802083333333333 0.6805555555555556 0.38177083333333334 0.6805555555555556 0.38229166666666664 0.6787037037037037 0.38385416666666666 0.6787037037037037 0.3859375 0.6777777777777778 0.38645833333333335 0.6777777777777778 0.3890625 0.6787037037037037 0.38958333333333334 0.6787037037037037 0.39010416666666664 0.6796296296296296 0.390625 0.6796296296296296 0.39114583333333336 0.6814814814814815 0.3921875 0.6824074074074075 0.3921875 0.6851851851851852 0.3932291666666667 0.6916666666666667 0.3932291666666667 0.6925925925925925 0.3927083333333333 0.6935185185185185 0.3927083333333333 0.6944444444444444 0.3921875 0.6953703703703704 0.3921875 0.7018518518518518 0.3885416666666667 0.7018518518518518 0.3880208333333333 0.7027777777777777 0.3875 0.7027777777777777 0.38697916666666665 0.7046296296296296 0.3859375 0.7046296296296296 0.3854166666666667 0.7064814814814815 0.384375 0.7064814814814815 0.38385416666666666 0.7092592592592593 0.38229166666666664 0.7092592592592593 0.38177083333333334 0.7111111111111111 0.3807291666666667 0.7111111111111111 0.3802083333333333 0.712037037037037 0.3796875 0.712037037037037 0.37916666666666665 0.7129629629629629 0.37864583333333335 0.7129629629629629 0.378125 0.7138888888888889 0.3776041666666667 0.7138888888888889 0.3770833333333333 0.7148148148148148 0.3765625 0.7148148148148148 0.37604166666666666 0.7175925925925926 0.37447916666666664 0.7175925925925926 0.37395833333333334 0.7194444444444444 0.3729166666666667 0.7194444444444444 0.3723958333333333 0.7222222222222222 0.37083333333333335 0.7222222222222222 0.3703125 0.7240740740740741 0.3692708333333333 0.7240740740740741 0.36875 0.725 0.36822916666666666 0.725 0.36770833333333336 0.7268518518518519 0.36666666666666664 0.7268518518518519 0.36614583333333334 0.7287037037037037 0.3651041666666667 0.7287037037037037 0.3645833333333333 0.7324074074074074 0.3625 0.7324074074074074 0.3619791666666667 0.7388888888888889 0.35833333333333334 0.7398148148148148 0.35833333333333334 0.7407407407407407 0.3578125 0.7416666666666667 0.3578125 0.7425925925925926 0.3572916666666667 0.7435185185185185 0.3572916666666667 0.7472222222222222 0.35520833333333335 0.7472222222222222 0.3546875 0.7490740740740741 0.3536458333333333 0.7490740740740741 0.353125 0.75 0.35260416666666666 0.75 0.3515625 0.7509259259259259 0.35104166666666664 0.7509259259259259 0.34791666666666665 0.75 0.34739583333333335 0.75 0.3458333333333333 0.7462962962962963 0.34375 0.7453703703703703 0.34375 0.7435185185185185 0.34270833333333334 0.7425925925925926 0.34270833333333334
1 0.8398148148148148 0.18854166666666666 0.8398148148148148 0.1890625 0.837037037037037 0.190625 0.837037037037037 0.19114583333333332 0.8342592592592593 0.19270833333333334 0.8342592592592593 0.19322916666666667 0.8333333333333334 0.19375 0.8333333333333334 0.19479166666666667 0.8324074074074074 0.1953125 0.8324074074074074 0.19635416666666666 0.8314814814814815 0.196875 0.8314814814814815 0.19791666666666666 0.8305555555555556 0.1984375 0.8305555555555556 0.19947916666666668 0.8296296296296296 0.2 0.8296296296296296 0.2015625 0.8305555555555556 0.20208333333333334 0.8305555555555556 0.20260416666666667 0.8314814814814815 0.203125 0.8314814814814815 0.20416666666666666 0.8324074074074074 0.2046875 0.8324074074074074 0.20520833333333333 0.8333333333333334 0.20572916666666666 0.8333333333333334 0.20625 0.8342592592592593 0.20677083333333332 0.8351851851851851 0.20677083333333332 0.8361111111111111 0.20729166666666668 0.837037037037037 0.20729166666666668 0.8388888888888889 0.20833333333333334 0.8398148148148148 0.20833333333333334 0.8416666666666667 0.209375 0.8444444444444444 0.209375 0.8453703703703703 0.20989583333333334 0.8472222222222222 0.20989583333333334 0.8481481481481481 0.21041666666666667 0.8537037037037037 0.21041666666666667 0.8546296296296296 0.2109375 0.8564814814814815 0.2109375 0.8574074074074074 0.21145833333333333 0.8583333333333333 0.21145833333333333 0.8601851851851852 0.2125 0.8611111111111112 0.2125 0.862037037037037 0.21302083333333333 0.8629629629629629 0.21302083333333333 0.8638888888888889 0.21354166666666666 0.8648148148148148 0.21354166666666666 0.8657407407407407 0.2140625 0.8666666666666667 0.2140625 0.8675925925925926 0.21458333333333332 0.8703703703703703 0.21458333333333332 0.8712962962962963 0.21510416666666668 0.8740740740740741 0.21510416666666668 0.875 0.215625 0.8805555555555555 0.215625 0.8814814814814815 0.21510416666666668 0.8833333333333333 0.21510416666666668 0.8842592592592593 0.21458333333333332 0.8842592592592593 0.2140625 0.8851851851851852 0.21354166666666666 0.8851851851851852 0.21302083333333333 0.8861111111111111 0.2125 0.8861111111111111 0.2109375 0.8870370370370371 0.21041666666666667 0.8870370370370371 0.2078125 0.8861111111111111 0.20729166666666668 0.8861111111111111 0.20625 0.8851851851851852 0.20572916666666666 0.8851851851851852 0.20520833333333333 0.8842592592592593 0.2046875 0.8842592592592593 0.20260416666666667 0.8833333333333333 0.20208333333333334 0.8833333333333333 0.20104166666666667 0.8814814814814815 0.2 0.8814814814814815 0.19947916666666668 0.8759259259259259 0.19635416666666666 0.8722222222222222 0.19635416666666666 0.8712962962962963 0.19583333333333333 0.8703703703703703 0.19583333333333333 0.8694444444444445 0.1953125 0.8685185185185185 0.1953125 0.8638888888888889 0.19270833333333334 0.8629629629629629 0.19270833333333334 0.862037037037037 0.1921875 0.8601851851851852 0.1921875 0.8592592592592593 0.19166666666666668 0.8564814814814815 0.19166666666666668 0.8555555555555555 0.19114583333333332 0.8537037037037037 0.19114583333333332 0.8527777777777777 0.190625 0.850925925925926 0.190625 0.85 0.19010416666666666 0.8490740740740741 0.19010416666666666 0.8481481481481481 0.18958333333333333 0.8472222222222222 0.18958333333333333 0.8462962962962963 0.1890625 0.8444444444444444 0.1890625 0.8435185185185186 0.18854166666666666 0.8425925925925926 0.18854166666666666 0.8416666666666667 0.18802083333333333 0.8407407407407408 0.18854166666666666
3 0.8759259259259259 0.15208333333333332 0.8740740740740741 0.153125 0.8731481481481481 0.153125 0.8722222222222222 0.15364583333333334 0.8703703703703703 0.15364583333333334 0.8694444444444445 0.15416666666666667 0.8675925925925926 0.15416666666666667 0.8657407407407407 0.15520833333333334 0.8648148148148148 0.15520833333333334 0.8592592592592593 0.15833333333333333 0.8592592592592593 0.15885416666666666 0.8574074074074074 0.16041666666666668 0.8574074074074074 0.16145833333333334 0.8564814814814815 0.16197916666666667 0.8564814814814815 0.16666666666666666 0.8574074074074074 0.1671875 0.8574074074074074 0.16927083333333334 0.8583333333333333 0.16979166666666667 0.8583333333333333 0.17083333333333334 0.8592592592592593 0.17135416666666667 0.8592592592592593 0.17239583333333333 0.8611111111111112 0.17395833333333333 0.8611111111111112 0.175 0.862037037037037 0.17552083333333332 0.862037037037037 0.17604166666666668 0.8629629629629629 0.1765625 0.8629629629629629 0.17708333333333334 0.8638888888888889 0.17760416666666667 0.8638888888888889 0.178125 0.8648148148148148 0.17864583333333334 0.8648148148148148 0.17916666666666667 0.8666666666666667 0.18020833333333333 0.8666666666666667 0.18072916666666666 0.8675925925925926 0.18125 0.8675925925925926 0.18177083333333333 0.8694444444444445 0.1828125 0.8694444444444445 0.18333333333333332 0.8703703703703703 0.18385416666666668 0.8703703703703703 0.184375 0.8722222222222222 0.1859375 0.8722222222222222 0.18697916666666667 0.8731481481481481 0.1875 0.8731481481481481 0.18854166666666666 0.8740740740740741 0.1890625 0.8740740740740741 0.19322916666666667 0.875 0.19375 0.875 0.19479166666666667 0.8759259259259259 0.1953125 0.8759259259259259 0.19635416666666666 0.8768518518518519 0.196875 0.8768518518518519 0.19739583333333333 0.8777777777777778 0.19791666666666666 0.8777777777777778 0.1984375 0.8796296296296297 0.19947916666666668 0.8805555555555555 0.19947916666666668 0.8824074074074074 0.20052083333333334 0.8833333333333333 0.20052083333333334 0.8842592592592593 0.20104166666666667 0.8851851851851852 0.20104166666666667 0.8861111111111111 0.20052083333333334 0.8907407407407407 0.20052083333333334 0.8916666666666667 0.2 0.8935185185185185 0.2 0.8944444444444445 0.19947916666666668 0.8953703703703704 0.19947916666666668 0.8962962962962963 0.19895833333333332 0.8972222222222223 0.19895833333333332 0.899074074074074 0.19791666666666666 0.9 0.19791666666666666 0.9009259259259259 0.19739583333333333 0.9027777777777778 0.19739583333333333 0.9074074074074074 0.19479166666666667 0.9083333333333333 0.19479166666666667 0.9111111111111111 0.19322916666666667 0.9120370370370371 0.19322916666666667 0.9138888888888889 0.1921875 0.9148148148148149 0.1921875 0.9185185185185185 0.19010416666666666 0.9194444444444444 0.19010416666666666 0.924074074074074 0.1875 0.924074074074074 0.18697916666666667 0.9268518518518518 0.18541666666666667 0.9268518518518518 0.18489583333333334 0.9277777777777778 0.184375 0.9277777777777778 0.18229166666666666 0.9287037037037037 0.18177083333333333 0.9287037037037037 0.18125 0.9277777777777778 0.18072916666666666 0.9277777777777778 0.18020833333333333 0.9268518518518518 0.1796875 0.9268518518518518 0.17916666666666667 0.925 0.178125 0.925 0.17760416666666667 0.9231481481481482 0.17604166666666668 0.9222222222222223 0.17604166666666668 0.9194444444444444 0.175 0.9148148148148149 0.175 0.9138888888888889 0.17447916666666666 0.9111111111111111 0.17447916666666666 0.9064814814814814 0.171875 0.9064814814814814 0.17135416666666667 0.9055555555555556 0.17083333333333334 0.9055555555555556 0.1703125 0.9027777777777778 0.16875 0.9027777777777778 0.16822916666666668 0.899074074074074 0.16614583333333333 0.899074074074074 0.165625 0.8953703703703704 0.16354166666666667 0.8953703703703704 0.16302083333333334 0.8944444444444445 0.1625 0.8944444444444445 0.16197916666666667 0.8925925925925926 0.1609375 0.8925925925925926 0.16041666666666668 0.8916666666666667 0.15989583333333332 0.8916666666666667 0.15885416666666666 0.8907407407407407 0.15833333333333333 0.8907407407407407 0.1578125 0.8898148148148148 0.15729166666666666 0.8898148148148148 0.15677083333333333 0.8888888888888888 0.15625 0.8888888888888888 0.15572916666666667 0.8870370370370371 0.15416666666666667 0.8861111111111111 0.15416666666666667 0.8842592592592593 0.153125 0.8833333333333333 0.153125 0.8805555555555555 0.15208333333333332
1 0.7407407407407407 0.5364583333333334 0.7407407407407407 0.5375 0.7398148148148148 0.5380208333333333 0.7398148148148148 0.5416666666666666 0.7407407407407407 0.5421875 0.7407407407407407 0.5432291666666667 0.7416666666666667 0.54375 0.7416666666666667 0.5442708333333334 0.7425925925925926 0.5447916666666667 0.7425925925925926 0.5453125 0.7435185185185185 0.5458333333333333 0.7435185185185185 0.5463541666666667 0.7472222222222222 0.5484375 0.7481481481481481 0.5484375 0.75 0.5494791666666666 0.7509259259259259 0.5494791666666666 0.7518518518518519 0.55 0.7537037037037037 0.55 0.7546296296296297 0.5505208333333333 0.7611111111111111 0.5505208333333333 0.7620370370370371 0.5510416666666667 0.7657407407407407 0.5510416666666667 0.7666666666666667 0.5515625 0.7685185185185185 0.5515625 0.7694444444444445 0.5510416666666667 0.774074074074074 0.5510416666666667 0.775 0.5515625 0.7759259259259259 0.5510416666666667 0.7768518518518519 0.5510416666666667 0.7777777777777778 0.5505208333333333 0.7805555555555556 0.5505208333333333 0.7814814814814814 0.5510416666666667 0.7898148148148149 0.5510416666666667 0.7907407407407407 0.5515625 0.7916666666666666 0.5510416666666667 0.7962962962962963 0.5510416666666667 0.7972222222222223 0.5515625 0.799074074074074 0.5515625 0.8009259259259259 0.5505208333333333 0.8018518518518518 0.5505208333333333 0.8018518518518518 0.55 0.8027777777777778 0.5494791666666666 0.8027777777777778 0.54375 0.8 0.5421875 0.799074074074074 0.5421875 0.7981481481481482 0.5416666666666666 0.7972222222222223 0.5416666666666666 0.7962962962962963 0.5411458333333333 0.7953703703703704 0.5411458333333333 0.7944444444444444 0.540625 0.7925925925925926 0.540625 0.7916666666666666 0.5401041666666667 0.7907407407407407 0.5401041666666667 0.7898148148148149 0.5395833333333333 0.7888888888888889 0.5395833333333333 0.787962962962963 0.5390625 0.7861111111111111 0.5390625 0.7851851851851852 0.5385416666666667 0.7842592592592592 0.5385416666666667 0.7833333333333333 0.5380208333333333 0.7824074074074074 0.5380208333333333 0.7805555555555556 0.5369791666666667 0.7805555555555556 0.5364583333333334 0.7787037037037037 0.5354166666666667 0.7787037037037037 0.5348958333333333 0.775 0.5328125 0.7731481481481481 0.5328125 0.7722222222222223 0.5322916666666667 0.7712962962962963 0.5322916666666667 0.7703703703703704 0.5317708333333333 0.7666666666666667 0.5317708333333333 0.7657407407407407 0.53125 0.7601851851851852 0.53125 0.7592592592592593 0.5307291666666667 0.7583333333333333 0.5307291666666667 0.7574074074074074 0.5302083333333333 0.7564814814814815 0.5302083333333333 0.7555555555555555 0.5296875 0.7518518518518519 0.5296875 0.7509259259259259 0.5302083333333333 0.75 0.5302083333333333 0.7490740740740741 0.5307291666666667 0.7481481481481481 0.5307291666666667 0.7435185185185185 0.5333333333333333 0.7435185185185185 0.5338541666666666 0.7425925925925926 0.534375 0.7425925925925926 0.5348958333333333 0.7416666666666667 0.5354166666666667 0.7416666666666667 0.5359375
4 0.7231481481481481 0.55625 0.725 0.5572916666666666 0.725 0.5578125 0.7268518518518519 0.5588541666666667 0.7268518518518519 0.559375 0.7287037037037037 0.5609375 0.7296296296296296 0.5609375 0.7333333333333333 0.5630208333333333 0.7342592592592593 0.5630208333333333 0.7351851851851852 0.5635416666666667 0.7361111111111112 0.5635416666666667 0.7388888888888889 0.5645833333333333 0.7444444444444445 0.5645833333333333 0.7453703703703703 0.5651041666666666 0.7527777777777778 0.5651041666666666 0.7537037037037037 0.565625 0.7574074074074074 0.565625 0.7583333333333333 0.5661458333333333 0.7611111111111111 0.5661458333333333 0.7620370370370371 0.5666666666666667 0.7657407407407407 0.5666666666666667 0.7666666666666667 0.5671875 0.7694444444444445 0.5671875 0.7703703703703704 0.5677083333333334 0.775 0.5677083333333334 0.7759259259259259 0.5682291666666667 0.7787037037037037 0.5682291666666667 0.7796296296296297 0.56875 0.7814814814814814 0.56875 0.7824074074074074 0.5692708333333333 0.7842592592592592 0.5692708333333333 0.7851851851851852 0.5697916666666667 0.7870370370370371 0.5697916666666667 0.787962962962963 0.5703125 0.7888888888888889 0.5703125 0.7898148148148149 0.5708333333333333 0.7907407407407407 0.5708333333333333 0.7925925925925926 0.571875 0.7935185185185185 0.571875 0.8 0.5755208333333334 0.8009259259259259 0.5755208333333334 0.8037037037037037 0.5765625 0.8111111111111111 0.5765625 0.812037037037037 0.5760416666666667 0.812962962962963 0.5760416666666667 0.8148148148148148 0.575 0.8157407407407408 0.575 0.8185185185185185 0.5734375 0.8185185185185185 0.5729166666666666 0.8203703703703704 0.571875 0.8203703703703704 0.5708333333333333 0.8212962962962963 0.5703125 0.8212962962962963 0.5692708333333333 0.8222222222222222 0.56875 0.8222222222222222 0.5588541666666667 0.8212962962962963 0.5583333333333333 0.8212962962962963 0.5578125 0.812037037037037 0.5526041666666667 0.8101851851851852 0.5526041666666667 0.8092592592592592 0.5520833333333334 0.8083333333333333 0.5520833333333334 0.8074074074074075 0.5526041666666667 0.8055555555555556 0.5526041666666667 0.8018518518518518 0.5546875 0.8009259259259259 0.5546875 0.799074074074074 0.5557291666666667 0.7981481481481482 0.5557291666666667 0.7972222222222223 0.55625 0.7953703703703704 0.55625 0.7944444444444444 0.5567708333333333 0.7935185185185185 0.5567708333333333 0.7925925925925926 0.55625 0.7851851851851852 0.55625 0.7842592592592592 0.5557291666666667 0.7796296296296297 0.5557291666666667 0.7787037037037037 0.5552083333333333 0.7722222222222223 0.5552083333333333 0.7712962962962963 0.5546875 0.7666666666666667 0.5546875 0.7657407407407407 0.5541666666666667 0.7638888888888888 0.5541666666666667 0.762962962962963 0.5536458333333333 0.7546296296296297 0.5536458333333333 0.7537037037037037 0.553125 0.7490740740740741 0.553125 0.7481481481481481 0.5526041666666667 0.7444444444444445 0.5526041666666667 0.7435185185185185 0.5520833333333334 0.7416666666666667 0.5520833333333334 0.7407407407407407 0.5515625 0.7351851851851852 0.5515625 0.7342592592592593 0.5510416666666667 0.7333333333333333 0.5510416666666667 0.7324074074074074 0.5505208333333333 0.7314814814814815 0.5505208333333333 0.7305555555555555 0.5510416666666667 0.7287037037037037 0.5510416666666667 0.725 0.553125 0.725 0.5541666666666667 0.7240740740740741 0.5546875 0.7240740740740741 0.5557291666666667
4 0.5657407407407408 0.540625 0.5657407407407408 0.5447916666666667 0.5666666666666667 0.5453125 0.5666666666666667 0.5484375 0.5675925925925925 0.5489583333333333 0.5675925925925925 0.55 0.5685185185185185 0.5505208333333333 0.5685185185185185 0.5515625 0.5694444444444444 0.5520833333333334 0.5694444444444444 0.5526041666666667 0.5712962962962963 0.5536458333333333 0.5712962962962963 0.5541666666666667 0.5768518518518518 0.5572916666666666 0.5777777777777777 0.5572916666666666 0.5796296296296296 0.5583333333333333 0.5805555555555556 0.5578125 0.587037037037037 0.5578125 0.5879629629629629 0.5572916666666666 0.5888888888888889 0.5572916666666666 0.5898148148148148 0.5567708333333333 0.5907407407407408 0.5567708333333333 0.5953703703703703 0.5541666666666667 0.5962962962962963 0.5541666666666667 0.5972222222222222 0.5536458333333333 0.5990740740740741 0.5536458333333333 0.600925925925926 0.5526041666666667 0.6018518518518519 0.5526041666666667 0.6046296296296296 0.5515625 0.6064814814814815 0.5515625 0.6074074074074074 0.5510416666666667 0.6101851851851852 0.5510416666666667 0.6111111111111112 0.5505208333333333 0.6157407407407407 0.5505208333333333 0.6166666666666667 0.55 0.6222222222222222 0.55 0.6231481481481481 0.5494791666666666 0.6287037037037037 0.5494791666666666 0.6296296296296297 0.5489583333333333 0.6388888888888888 0.5489583333333333 0.6398148148148148 0.5484375 0.6444444444444445 0.5484375 0.6453703703703704 0.5479166666666667 0.649074074074074 0.5479166666666667 0.65 0.5473958333333333 0.6518518518518519 0.5473958333333333 0.6527777777777778 0.546875 0.6546296296296297 0.546875 0.6555555555555556 0.5463541666666667 0.6564814814814814 0.5463541666666667 0.6574074074074074 0.5458333333333333 0.6583333333333333 0.5458333333333333 0.6592592592592592 0.5453125 0.6601851851851852 0.5453125 0.6611111111111111 0.5447916666666667 0.6620370370370371 0.5447916666666667 0.6638888888888889 0.54375 0.6638888888888889 0.5432291666666667 0.6648148148148149 0.5427083333333333 0.6648148148148149 0.5375 0.6638888888888889 0.5369791666666667 0.6638888888888889 0.5364583333333334 0.6611111111111111 0.5348958333333333 0.6601851851851852 0.5348958333333333 0.6592592592592592 0.534375 0.6435185185185185 0.534375 0.6425925925925926 0.5348958333333333 0.6342592592592593 0.5348958333333333 0.6333333333333333 0.5354166666666667 0.6287037037037037 0.5354166666666667 0.6277777777777778 0.5359375 0.6222222222222222 0.5359375 0.6212962962962963 0.5364583333333334 0.6129629629629629 0.5364583333333334 0.612037037037037 0.5369791666666667 0.6046296296296296 0.5369791666666667 0.6037037037037037 0.5375 0.6027777777777777 0.5375 0.6018518518518519 0.5369791666666667 0.5962962962962963 0.5369791666666667 0.5851851851851851 0.5328125 0.575925925925926 0.5328125 0.5731481481481482 0.534375 0.5722222222222222 0.534375 0.5703703703703704 0.5354166666666667 0.5703703703703704 0.5359375 0.5675925925925925 0.5375 0.5675925925925925 0.5385416666666667 0.5666666666666667 0.5390625 0.5666666666666667 0.5401041666666667
2 0.6925925925925925 0.5552083333333333 0.6916666666666667 0.55625 0.6925925925925925 0.5567708333333333 0.6925925925925925 0.559375 0.6944444444444444 0.5614583333333333 0.7064814814814815 0.5677083333333334 0.7074074074074074 0.5677083333333334 0.7111111111111111 0.5697916666666667 0.712037037037037 0.5697916666666667 0.7175925925925926 0.5729166666666666 0.7175925925925926 0.5734375 0.7203703703703703 0.575 0.7203703703703703 0.5755208333333334 0.7240740740740741 0.5765625 0.7277777777777777 0.5786458333333333 0.7287037037037037 0.5786458333333333 0.7314814814814815 0.5802083333333333 0.7324074074074074 0.5802083333333333 0.7546296296296297 0.5921875 0.7555555555555555 0.5921875 0.7574074074074074 0.5932291666666667 0.7611111111111111 0.5942708333333333 0.775 0.6026041666666667 0.7768518518518519 0.603125 0.7796296296296297 0.603125 0.7824074074074074 0.6041666666666666 0.7851851851851852 0.6041666666666666 0.7925925925925926 0.6072916666666667 0.7925925925925926 0.6078125 0.7953703703703704 0.609375 0.7962962962962963 0.6104166666666667 0.7972222222222223 0.6130208333333333 0.799074074074074 0.6145833333333334 0.799074074074074 0.6161458333333333 0.8 0.6166666666666667 0.8 0.6177083333333333 0.8018518518518518 0.6197916666666666 0.8055555555555556 0.6223958333333334 0.8055555555555556 0.6229166666666667 0.8083333333333333 0.6234375 0.8111111111111111 0.625 0.812962962962963 0.6255208333333333 0.8175925925925925 0.6255208333333333 0.8185185185185185 0.625 0.8212962962962963 0.625 0.8222222222222222 0.6244791666666667 0.8240740740740741 0.6244791666666667 0.8296296296296296 0.6229166666666667 0.8333333333333334 0.6208333333333333 0.8333333333333334 0.6203125 0.8351851851851851 0.6192708333333333 0.8388888888888889 0.6151041666666667 0.8388888888888889 0.6109375 0.837037037037037 0.6088541666666667 0.8351851851851851 0.6078125 0.825925925925926 0.6052083333333333 0.8175925925925925 0.6052083333333333 0.8157407407407408 0.6041666666666666 0.812037037037037 0.603125 0.8055555555555556 0.5994791666666667 0.8027777777777778 0.5989583333333334 0.7907407407407407 0.5921875 0.7907407407407407 0.5916666666666667 0.7870370370370371 0.590625 0.7824074074074074 0.5880208333333333 0.7787037037037037 0.5869791666666667 0.775 0.5848958333333333 0.775 0.584375 0.7712962962962963 0.5833333333333334 0.7555555555555555 0.5744791666666667 0.7546296296296297 0.5744791666666667 0.7509259259259259 0.5723958333333333 0.75 0.5723958333333333 0.7425925925925926 0.5682291666666667 0.7416666666666667 0.5682291666666667 0.7388888888888889 0.5666666666666667 0.7379629629629629 0.5666666666666667 0.7287037037037037 0.5614583333333333 0.7287037037037037 0.5609375 0.725925925925926 0.559375 0.725 0.559375 0.7185185185185186 0.5557291666666667 0.7175925925925926 0.5557291666666667 0.7111111111111111 0.5526041666666667 0.7092592592592593 0.5526041666666667 0.7083333333333334 0.5520833333333334 0.7 0.5520833333333334 0.6990740740740741 0.5526041666666667 0.6972222222222222 0.5526041666666667
3 0.7537037037037037 0.6067708333333334 0.7518518518518519 0.6078125 0.7509259259259259 0.6078125 0.7472222222222222 0.6098958333333333 0.7472222222222222 0.6104166666666667 0.7453703703703703 0.6114583333333333 0.7453703703703703 0.6125 0.7444444444444445 0.6130208333333333 0.7444444444444445 0.6135416666666667 0.7435185185185185 0.6140625 0.7435185185185185 0.6197916666666666 0.7444444444444445 0.6203125 0.7444444444444445 0.6208333333333333 0.7453703703703703 0.6213541666666667 0.7453703703703703 0.6223958333333334 0.7462962962962963 0.6229166666666667 0.7462962962962963 0.6234375 0.7481481481481481 0.6244791666666667 0.7481481481481481 0.625 0.7490740740740741 0.6255208333333333 0.7490740740740741 0.6260416666666667 0.7527777777777778 0.628125 0.7537037037037037 0.628125 0.7555555555555555 0.6291666666666667 0.7564814814814815 0.6291666666666667 0.7574074074074074 0.6296875 0.7592592592592593 0.6296875 0.7601851851851852 0.6302083333333334 0.7611111111111111 0.6302083333333334 0.7638888888888888 0.6317708333333333 0.7638888888888888 0.6322916666666667 0.7648148148148148 0.6328125 0.7648148148148148 0.6338541666666667 0.7657407407407407 0.634375 0.7657407407407407 0.6354166666666666 0.7666666666666667 0.6359375 0.7666666666666667 0.6364583333333333 0.7675925925925926 0.6369791666666667 0.7675925925925926 0.6375 0.7685185185185185 0.6380208333333334 0.7685185185185185 0.6390625 0.7694444444444445 0.6395833333333333 0.7694444444444445 0.6401041666666667 0.7703703703703704 0.640625 0.7703703703703704 0.6416666666666667 0.7712962962962963 0.6421875 0.7712962962962963 0.6427083333333333 0.7731481481481481 0.64375 0.7731481481481481 0.6442708333333333 0.774074074074074 0.6447916666666667 0.774074074074074 0.6453125 0.775 0.6458333333333334 0.775 0.6463541666666667 0.7814814814814814 0.65 0.7824074074074074 0.65 0.7833333333333333 0.6505208333333333 0.7925925925925926 0.6505208333333333 0.7935185185185185 0.65 0.799074074074074 0.65 0.8009259259259259 0.6489583333333333 0.8018518518518518 0.6489583333333333 0.8027777777777778 0.6484375 0.8027777777777778 0.6479166666666667 0.8046296296296296 0.646875 0.8046296296296296 0.6401041666666667 0.8037037037037037 0.6395833333333333 0.8037037037037037 0.6380208333333334 0.8027777777777778 0.6375 0.8027777777777778 0.6364583333333333 0.8018518518518518 0.6359375 0.8018518518518518 0.6348958333333333 0.8009259259259259 0.634375 0.8009259259259259 0.6338541666666667 0.8 0.6333333333333333 0.8 0.6322916666666667 0.799074074074074 0.6317708333333333 0.799074074074074 0.6307291666666667 0.7981481481481482 0.6302083333333334 0.7981481481481482 0.6291666666666667 0.7972222222222223 0.6286458333333333 0.7972222222222223 0.6276041666666666 0.7962962962962963 0.6270833333333333 0.7962962962962963 0.6229166666666667 0.7972222222222223 0.6223958333333334 0.7972222222222223 0.621875 0.7981481481481482 0.6213541666666667 0.7981481481481482 0.6203125 0.799074074074074 0.6197916666666666 0.799074074074074 0.615625 0.7981481481481482 0.6151041666666667 0.7981481481481482 0.6140625 0.7972222222222223 0.6135416666666667 0.7972222222222223 0.6125 0.7962962962962963 0.6119791666666666 0.7962962962962963 0.6104166666666667 0.7953703703703704 0.6098958333333333 0.7953703703703704 0.609375 0.7944444444444444 0.6088541666666667 0.7944444444444444 0.6083333333333333 0.7935185185185185 0.6078125 0.7935185185185185 0.6072916666666667 0.7907407407407407 0.6057291666666667 0.7898148148148149 0.6057291666666667 0.7888888888888889 0.6052083333333333 0.787962962962963 0.6052083333333333 0.7870370370370371 0.6046875 0.7851851851851852 0.6046875 0.7842592592592592 0.6041666666666666 0.7694444444444445 0.6041666666666666 0.7685185185185185 0.6046875 0.7611111111111111 0.6046875 0.7601851851851852 0.6052083333333333 0.7592592592592593 0.6052083333333333 0.7583333333333333 0.6057291666666667 0.7574074074074074 0.6057291666666667 0.7564814814814815 0.60625 0.7555555555555555 0.60625 0.7546296296296297 0.6067708333333334
1 0.49074074074074076 0.63125 0.4898148148148148 0.6317708333333333 0.4898148148148148 0.6322916666666667 0.487962962962963 0.6333333333333333 0.487962962962963 0.6338541666666667 0.48703703703703705 0.634375 0.48703703703703705 0.6364583333333333 0.4861111111111111 0.6369791666666667 0.4861111111111111 0.6385416666666667 0.48703703703703705 0.6390625 0.48703703703703705 0.6401041666666667 0.487962962962963 0.640625 0.487962962962963 0.6416666666666667 0.4888888888888889 0.6421875 0.4888888888888889 0.6427083333333333 0.4898148148148148 0.6432291666666666 0.4898148148148148 0.64375 0.4925925925925926 0.6453125 0.4925925925925926 0.6458333333333334 0.49722222222222223 0.6484375 0.49722222222222223 0.6489583333333333 0.49907407407407406 0.65 0.49907407407407406 0.6515625 0.5 0.6520833333333333 0.5 0.653125 0.5009259259259259 0.6536458333333334 0.5009259259259259 0.6541666666666667 0.5037037037037037 0.6541666666666667 0.5046296296296297 0.6546875 0.5074074074074074 0.6546875 0.5083333333333333 0.6552083333333333 0.5157407407407407 0.6552083333333333 0.5166666666666667 0.6557291666666667 0.5185185185185185 0.6557291666666667 0.5194444444444445 0.65625 0.5203703703703704 0.65625 0.5212962962962963 0.6567708333333333 0.5222222222222223 0.6567708333333333 0.5268518518518519 0.659375 0.5277777777777778 0.659375 0.5324074074074074 0.6619791666666667 0.5370370370370371 0.6619791666666667 0.5388888888888889 0.6609375 0.5388888888888889 0.6604166666666667 0.5398148148148149 0.6598958333333333 0.5398148148148149 0.6588541666666666 0.5407407407407407 0.6583333333333333 0.5407407407407407 0.6572916666666667 0.5398148148148149 0.6567708333333333 0.5398148148148149 0.6552083333333333 0.5388888888888889 0.6546875 0.5388888888888889 0.6536458333333334 0.537962962962963 0.653125 0.537962962962963 0.6526041666666667 0.5361111111111111 0.6515625 0.5361111111111111 0.6510416666666666 0.5351851851851852 0.6505208333333333 0.5351851851851852 0.65 0.5333333333333333 0.6489583333333333 0.5333333333333333 0.6484375 0.5314814814814814 0.6473958333333333 0.5314814814814814 0.646875 0.5305555555555556 0.6463541666666667 0.5305555555555556 0.6458333333333334 0.5296296296296297 0.6453125 0.5296296296296297 0.6442708333333333 0.5287037037037037 0.64375 0.5287037037037037 0.6432291666666666 0.5277777777777778 0.6427083333333333 0.5277777777777778 0.6416666666666667 0.5268518518518519 0.6411458333333333 0.5268518518518519 0.6401041666666667 0.5259259259259259 0.6395833333333333 0.5259259259259259 0.6390625 0.524074074074074 0.6380208333333334 0.524074074074074 0.6375 0.5231481481481481 0.6369791666666667 0.5231481481481481 0.6364583333333333 0.5222222222222223 0.6359375 0.5222222222222223 0.6354166666666666 0.5212962962962963 0.6348958333333333 0.5212962962962963 0.634375 0.5157407407407407 0.63125 0.5148148148148148 0.63125 0.5138888888888888 0.6307291666666667 0.512962962962963 0.6307291666666667 0.5101851851851852 0.6291666666666667 0.5092592592592593 0.6291666666666667 0.5083333333333333 0.6286458333333333 0.5074074074074074 0.6286458333333333 0.5064814814814815 0.628125 0.5009259259259259 0.628125 0.5 0.6286458333333333 0.4981481481481482 0.6286458333333333 0.49722222222222223 0.6291666666666667 0.4962962962962963 0.6291666666666667 0.49444444444444446 0.6302083333333334 0.4935185185185185 0.6302083333333334 0.49166666666666664 0.63125
1 0.5287037037037037 0.6296875 0.5287037037037037 0.6333333333333333 0.5277777777777778 0.6338541666666667 0.5277777777777778 0.6348958333333333 0.5287037037037037 0.6354166666666666 0.5287037037037037 0.6375 0.5296296296296297 0.6380208333333334 0.5296296296296297 0.6385416666666667 0.5314814814814814 0.6395833333333333 0.5314814814814814 0.6401041666666667 0.5342592592592592 0.6416666666666667 0.5351851851851852 0.6416666666666667 0.5370370370370371 0.6427083333333333 0.5388888888888889 0.6427083333333333 0.5398148148148149 0.6432291666666666 0.5416666666666666 0.6432291666666666 0.5425925925925926 0.64375 0.5444444444444444 0.64375 0.5462962962962963 0.6447916666666667 0.5472222222222223 0.6447916666666667 0.5481481481481482 0.6453125 0.55 0.6453125 0.5509259259259259 0.6458333333333334 0.5564814814814815 0.6458333333333334 0.5574074074074075 0.6453125 0.5592592592592592 0.6453125 0.5601851851851852 0.6447916666666667 0.562037037037037 0.6447916666666667 0.562962962962963 0.6442708333333333 0.5666666666666667 0.6442708333333333 0.5675925925925925 0.6447916666666667 0.5703703703703704 0.6447916666666667 0.5712962962962963 0.6453125 0.5796296296296296 0.6453125 0.5805555555555556 0.6458333333333334 0.5879629629629629 0.6458333333333334 0.5888888888888889 0.6453125 0.5898148148148148 0.6453125 0.5907407407407408 0.6447916666666667 0.5916666666666667 0.6447916666666667 0.5925925925925926 0.6442708333333333 0.5925925925925926 0.64375 0.5944444444444444 0.6427083333333333 0.5944444444444444 0.6411458333333333 0.5935185185185186 0.640625 0.5935185185185186 0.6385416666666667 0.5925925925925926 0.6380208333333334 0.5925925925925926 0.6375 0.5898148148148148 0.6359375 0.5888888888888889 0.6359375 0.5879629629629629 0.6354166666666666 0.5861111111111111 0.6354166666666666 0.5851851851851851 0.6348958333333333 0.5842592592592593 0.6348958333333333 0.5833333333333334 0.634375 0.5796296296296296 0.634375 0.5787037037037037 0.6338541666666667 0.5777777777777777 0.6338541666666667 0.5768518518518518 0.6333333333333333 0.575 0.6333333333333333 0.5740740740740741 0.6328125 0.5731481481481482 0.6328125 0.5722222222222222 0.6322916666666667 0.5712962962962963 0.6322916666666667 0.5703703703703704 0.6317708333333333 0.5694444444444444 0.6317708333333333 0.5657407407407408 0.6296875 0.5648148148148148 0.6296875 0.562037037037037 0.628125 0.562037037037037 0.6276041666666666 0.5611111111111111 0.6270833333333333 0.5611111111111111 0.6265625 0.5601851851851852 0.6265625 0.5592592592592592 0.6260416666666667 0.5564814814814815 0.6260416666666667 0.5555555555555556 0.6255208333333333 0.5537037037037037 0.6255208333333333 0.5527777777777778 0.625 0.5481481481481482 0.625 0.5472222222222223 0.6244791666666667 0.5453703703703704 0.6244791666666667 0.5444444444444444 0.6239583333333333 0.5370370370370371 0.6239583333333333 0.5361111111111111 0.6244791666666667 0.5351851851851852 0.6244791666666667 0.5305555555555556 0.6270833333333333 0.5305555555555556 0.628125 0.5296296296296297 0.6286458333333333 0.5296296296296297 0.6291666666666667
3 0.4888888888888889 0.6578125 0.487962962962963 0.6583333333333333 0.48703703703703705 0.6583333333333333 0.48518518518518516 0.659375 0.4842592592592593 0.659375 0.48333333333333334 0.6598958333333333 0.48333333333333334 0.6604166666666667 0.4824074074074074 0.6609375 0.48148148148148145 0.6609375 0.4777777777777778 0.6630208333333333 0.4777777777777778 0.6635416666666667 0.4759259259259259 0.6651041666666667 0.4759259259259259 0.6671875 0.475 0.6677083333333333 0.475 0.6734375 0.4759259259259259 0.6739583333333333 0.4759259259259259 0.675 0.47685185185185186 0.6755208333333333 0.47685185185185186 0.6765625 0.4777777777777778 0.6770833333333334 0.4777777777777778 0.6776041666666667 0.47962962962962963 0.6786458333333333 0.47962962962962963 0.6791666666666667 0.4824074074074074 0.6807291666666667 0.48333333333333334 0.6807291666666667 0.48518518518518516 0.6817708333333333 0.4861111111111111 0.6817708333333333 0.48703703703703705 0.6822916666666666 0.487962962962963 0.6822916666666666 0.4888888888888889 0.6828125 0.4898148148148148 0.6828125 0.49074074074074076 0.6833333333333333 0.49166666666666664 0.6833333333333333 0.4925925925925926 0.6838541666666667 0.4935185185185185 0.6838541666666667 0.49444444444444446 0.684375 0.49537037037037035 0.684375 0.49722222222222223 0.6854166666666667 0.49722222222222223 0.6859375 0.49907407407407406 0.6875 0.49907407407407406 0.6885416666666667 0.5 0.6890625 0.5 0.690625 0.5009259259259259 0.6911458333333333 0.5009259259259259 0.6921875 0.5018518518518519 0.6927083333333334 0.5018518518518519 0.69375 0.5037037037037037 0.6953125 0.5037037037037037 0.6963541666666667 0.5046296296296297 0.696875 0.5046296296296297 0.6973958333333333 0.5064814814814815 0.6984375 0.5064814814814815 0.6989583333333333 0.5074074074074074 0.6994791666666667 0.5074074074074074 0.7 0.5083333333333333 0.7005208333333334 0.5083333333333333 0.7010416666666667 0.5092592592592593 0.7015625 0.5092592592592593 0.7020833333333333 0.512962962962963 0.7041666666666667 0.5138888888888888 0.7041666666666667 0.5166666666666667 0.7052083333333333 0.5296296296296297 0.7052083333333333 0.5305555555555556 0.7046875 0.5324074074074074 0.7046875 0.5333333333333333 0.7041666666666667 0.5342592592592592 0.7041666666666667 0.5398148148148149 0.7010416666666667 0.5398148148148149 0.6984375 0.5407407407407407 0.6979166666666666 0.5407407407407407 0.6963541666666667 0.5398148148148149 0.6958333333333333 0.5398148148148149 0.6942708333333333 0.5388888888888889 0.69375 0.5388888888888889 0.6927083333333334 0.537962962962963 0.6921875 0.537962962962963 0.690625 0.5370370370370371 0.6901041666666666 0.5370370370370371 0.6885416666666667 0.5361111111111111 0.6880208333333333 0.5361111111111111 0.6869791666666667 0.5342592592592592 0.6854166666666667 0.5342592592592592 0.6838541666666667 0.5333333333333333 0.6833333333333333 0.5333333333333333 0.6817708333333333 0.5324074074074074 0.68125 0.5324074074074074 0.665625 0.5314814814814814 0.6651041666666667 0.5314814814814814 0.6625 0.5305555555555556 0.6619791666666667 0.5305555555555556 0.6614583333333334 0.5212962962962963 0.65625 0.5203703703703704 0.65625 0.5194444444444445 0.6557291666666667 0.5166666666666667 0.6557291666666667 0.5157407407407407 0.6552083333333333 0.5101851851851852 0.6552083333333333 0.5092592592592593 0.6557291666666667 0.5074074074074074 0.6557291666666667 0.5064814814814815 0.6552083333333333 0.5046296296296297 0.6552083333333333 0.5037037037037037 0.6557291666666667 0.4981481481481482 0.6557291666666667 0.49722222222222223 0.65625 0.4962962962962963 0.65625 0.4935185185185185 0.6572916666666667 0.49166666666666664 0.6572916666666667 0.49074074074074076 0.6578125
