1 0.04583333333333333 0.2734375 0.037037037037037035 0.27395833333333336 0.034722222222222224 0.2752604166666667 0.033796296296296297 0.27786458333333336 0.03333333333333333 0.2872395833333333 0.03287037037037037 0.2875 0.032407407407407406 0.3572916666666667 0.025 0.3606770833333333 0.022685185185185187 0.3645833333333333 0.02361111111111111 0.36875 0.02546296296296296 0.3697916666666667 0.03518518518518519 0.3729166666666667 0.04027777777777778 0.37395833333333334 0.04351851851851852 0.3736979166666667 0.04814814814814815 0.37213541666666666 0.05138888888888889 0.3723958333333333 0.056018518518518516 0.37213541666666666 0.060648148148148145 0.37057291666666664 0.06435185185185185 0.3703125 0.06666666666666667 0.3690104166666667 0.06666666666666667 0.3651041666666667 0.06481481481481481 0.36276041666666664 0.058333333333333334 0.35989583333333336 0.056018518518518516 0.3572916666666667 0.05555555555555555 0.3463541666666667 0.055092592592592596 0.34609375 0.05555555555555555 0.3450520833333333 0.05555555555555555 0.33255208333333336 0.055092592592592596 0.33229166666666665 0.055092592592592596 0.32369791666666664 0.05462962962962963 0.3234375 0.05462962962962963 0.31276041666666665 0.055092592592592596 0.3125 0.055092592592592596 0.3020833333333333 0.05462962962962963 0.30182291666666666 0.055092592592592596 0.29453125 0.05462962962962963 0.2942708333333333 0.05462962962962963 0.28802083333333334 0.05416666666666667 0.2877604166666667 0.05462962962962963 0.2791666666666667 0.05185185185185185 0.2755208333333333 0.04861111111111111 0.27369791666666665
3 0.13425925925925927 0.35598958333333336 0.1310185185185185 0.3546875 0.12916666666666668 0.3546875 0.1287037037037037 0.35494791666666664 0.12685185185185185 0.35494791666666664 0.12453703703703704 0.35546875 0.12268518518518519 0.35546875 0.12037037037037036 0.35651041666666666 0.1175925925925926 0.3572916666666667 0.11666666666666667 0.3572916666666667 0.10925925925925926 0.35963541666666665 0.10740740740740741 0.35989583333333336 0.10046296296296296 0.36276041666666664 0.09953703703703703 0.36276041666666664 0.09583333333333334 0.36432291666666666 0.09027777777777778 0.3653645833333333 0.08611111111111111 0.3671875 0.0837962962962963 0.36770833333333336 0.08055555555555556 0.3690104166666667 0.07962962962962963 0.3690104166666667 0.0787037037037037 0.36953125 0.07685185185185185 0.37005208333333334 0.07592592592592592 0.37005208333333334 0.075 0.37057291666666664 0.07083333333333333 0.371875 0.0699074074074074 0.371875 0.06666666666666667 0.3731770833333333 0.06111111111111111 0.37395833333333334 0.06018518518518518 0.37447916666666664 0.05648148148148148 0.37447916666666664 0.05462962962962963 0.3734375 0.05277777777777778 0.3729166666666667 0.050462962962962966 0.3729166666666667 0.05 0.37265625 0.04814814814814815 0.37265625 0.04675925925925926 0.3731770833333333 0.044444444444444446 0.3734375 0.04212962962962963 0.37447916666666664 0.041666666666666664 0.37578125 0.0412037037037037 0.37604166666666666 0.0412037037037037 0.37734375 0.04212962962962963 0.378125 0.043055555555555555 0.37994791666666666 0.04490740740740741 0.38177083333333334 0.04675925925925926 0.3828125 0.04814814814814815 0.3846354166666667 0.050462962962962966 0.3859375 0.05277777777777778 0.38828125 0.05416666666666667 0.3890625 0.058333333333333334 0.3924479166666667 0.06435185185185185 0.39427083333333335 0.06620370370370371 0.39375 0.06759259259259259 0.39375 0.07175925925925926 0.3924479166666667 0.07175925925925926 0.3919270833333333 0.0712962962962963 0.39166666666666666 0.0712962962962963 0.39010416666666664 0.07083333333333333 0.38984375 0.07083333333333333 0.3875 0.0712962962962963 0.38723958333333336 0.07175925925925926 0.38515625 0.07314814814814814 0.3841145833333333 0.07592592592592592 0.38333333333333336 0.07824074074074074 0.38229166666666664 0.08287037037037037 0.3809895833333333 0.0837962962962963 0.3809895833333333 0.08518518518518518 0.3802083333333333 0.08796296296296297 0.37942708333333336 0.08935185185185185 0.37864583333333335 0.09444444444444444 0.37734375 0.09537037037037037 0.3768229166666667 0.0962962962962963 0.3768229166666667 0.10046296296296296 0.375 0.10416666666666667 0.37395833333333334 0.1050925925925926 0.37395833333333334 0.10648148148148148 0.3734375 0.10740740740740741 0.3734375 0.1087962962962963 0.3729166666666667 0.10972222222222222 0.3729166666666667 0.11157407407407408 0.3723958333333333 0.11296296296296296 0.37161458333333336 0.11944444444444445 0.3697916666666667 0.12037037037037036 0.3692708333333333 0.12175925925925926 0.3690104166666667 0.12314814814814815 0.36822916666666666 0.12731481481481483 0.3671875 0.12962962962962962 0.36614583333333334 0.1337962962962963 0.3651041666666667 0.13472222222222222 0.3645833333333333 0.13657407407407407 0.36276041666666664 0.13657407407407407 0.36223958333333334 0.1375 0.3611979166666667 0.13657407407407407 0.36015625 0.13564814814814816 0.3572916666666667 0.13472222222222222 0.3567708333333333
2 0.09768518518518518 0.18880208333333334 0.0912037037037037 0.1921875 0.08935185185185185 0.19270833333333334 0.08796296296296297 0.19348958333333333 0.08657407407407407 0.19479166666666667 0.08425925925925926 0.19609375 0.0837962962962963 0.19609375 0.0837962962962963 0.19635416666666666 0.0824074074074074 0.19713541666666667 0.08009259259259259 0.19973958333333333 0.08009259259259259 0.20026041666666666 0.07962962962962963 0.20052083333333334 0.08009259259259259 0.20286458333333332 0.08101851851851852 0.20390625 0.08101851851851852 0.2046875 0.0837962962962963 0.20755208333333333 0.08425925925925926 0.20755208333333333 0.08611111111111111 0.20859375 0.08611111111111111 0.20885416666666667 0.08981481481481482 0.20989583333333334 0.09074074074074075 0.21041666666666667 0.09398148148148149 0.2109375 0.09444444444444444 0.21119791666666668 0.09953703703703703 0.21119791666666668 0.1 0.21145833333333333 0.10092592592592593 0.21145833333333333 0.10462962962962963 0.21328125 0.10694444444444444 0.2140625 0.11666666666666667 0.22005208333333334 0.11851851851851852 0.221875 0.12083333333333333 0.2234375 0.12268518518518519 0.22552083333333334 0.12546296296296297 0.22708333333333333 0.12685185185185185 0.22864583333333333 0.1287037037037037 0.2296875 0.13055555555555556 0.23151041666666666 0.1310185185185185 0.23151041666666666 0.13240740740740742 0.23229166666666667 0.13333333333333333 0.23229166666666667 0.13472222222222222 0.2328125 0.13796296296296295 0.2328125 0.13842592592592592 0.23307291666666666 0.1388888888888889 0.2328125 0.1425925925925926 0.23255208333333333 0.14305555555555555 0.23229166666666667 0.14583333333333334 0.23229166666666667 0.14814814814814814 0.23098958333333333 0.15046296296296297 0.23020833333333332 0.15046296296296297 0.22994791666666667 0.15231481481481482 0.22890625 0.15416666666666667 0.22682291666666668 0.15416666666666667 0.22630208333333332 0.15555555555555556 0.22447916666666667 0.1550925925925926 0.22395833333333334 0.1550925925925926 0.221875 0.15462962962962962 0.22161458333333334 0.15462962962962962 0.2203125 0.15416666666666667 0.22005208333333334 0.15416666666666667 0.21953125 0.1527777777777778 0.21875 0.15092592592592594 0.2171875 0.15046296296296297 0.21640625 0.14537037037037037 0.21328125 0.14351851851851852 0.21145833333333333 0.14212962962962963 0.21067708333333332 0.13935185185185187 0.20833333333333334 0.1375 0.20729166666666668 0.1375 0.20703125 0.13564814814814816 0.20598958333333334 0.1310185185185185 0.20104166666666667 0.13240740740740742 0.19973958333333333 0.13240740740740742 0.19921875 0.1337962962962963 0.19739583333333333 0.1337962962962963 0.19583333333333333 0.13425925925925927 0.19557291666666668 0.13425925925925927 0.19296875 0.1310185185185185 0.18932291666666667 0.12638888888888888 0.18645833333333334 0.12407407407407407 0.1859375 0.12314814814814815 0.18541666666666667 0.12083333333333333 0.18541666666666667 0.12037037037037036 0.18515625 0.11296296296296296 0.18541666666666667 0.10972222222222222 0.18619791666666666 0.10787037037037037 0.18619791666666666 0.1050925925925926 0.18697916666666667 0.10277777777777777 0.18802083333333333 0.09953703703703703 0.18828125
1 0.14212962962962963 0.484375 0.13425925925925927 0.48333333333333334 0.12731481481481483 0.48125 0.11898148148148148 0.4796875 0.11388888888888889 0.4791666666666667 0.10694444444444444 0.47942708333333334 0.1037037037037037 0.48203125 0.1037037037037037 0.4830729166666667 0.10601851851851851 0.4861979166666667 0.10740740740740741 0.4864583333333333 0.11018518518518519 0.48828125 0.11064814814814815 0.4903645833333333 0.10648148148148148 0.49609375 0.10231481481481482 0.5036458333333333 0.1 0.50625 0.09814814814814815 0.5104166666666666 0.09398148148148149 0.51640625 0.09351851851851851 0.5182291666666666 0.08611111111111111 0.52890625 0.08287037037037037 0.53515625 0.07962962962962963 0.5393229166666667 0.07824074074074074 0.5427083333333333 0.07592592592592592 0.5450520833333333 0.06620370370370371 0.5619791666666667 0.06388888888888888 0.5643229166666667 0.062037037037037036 0.5684895833333333 0.05925925925925926 0.571875 0.058333333333333334 0.5765625 0.060648148148148145 0.5783854166666667 0.06435185185185185 0.5796875 0.07314814814814814 0.5799479166666667 0.07685185185185185 0.5778645833333333 0.08194444444444444 0.5692708333333333 0.08518518518518518 0.5651041666666666 0.08657407407407407 0.5619791666666667 0.09074074074074075 0.5565104166666667 0.09722222222222222 0.54453125 0.10324074074074074 0.5364583333333334 0.10972222222222222 0.5247395833333334 0.1111111111111111 0.5234375 0.11574074074074074 0.515625 0.11990740740740741 0.5106770833333333 0.125 0.5015625 0.12824074074074074 0.4979166666666667 0.12962962962962962 0.49322916666666666 0.13287037037037036 0.49166666666666664 0.14212962962962963 0.49140625 0.1449074074074074 0.4901041666666667 0.14583333333333334 0.4861979166666667
2 0.13055555555555556 0.5986979166666667 0.12731481481481483 0.5994791666666667 0.12638888888888888 0.6 0.12222222222222222 0.6036458333333333 0.11990740740740741 0.6080729166666666 0.11851851851851852 0.609375 0.11712962962962963 0.6119791666666666 0.11527777777777778 0.6138020833333333 0.11296296296296296 0.6182291666666667 0.1111111111111111 0.6203125 0.11064814814814815 0.6216145833333333 0.10925925925925926 0.6229166666666667 0.10925925925925926 0.6236979166666666 0.1087962962962963 0.6239583333333333 0.10740740740740741 0.6265625 0.10555555555555556 0.6276041666666666 0.10185185185185185 0.6286458333333333 0.09722222222222222 0.6294270833333333 0.09537037037037037 0.6302083333333334 0.09166666666666666 0.63046875 0.0875 0.634375 0.0875 0.6377604166666667 0.08703703703703704 0.6380208333333334 0.08703703703703704 0.6385416666666667 0.0875 0.6390625 0.09074074074074075 0.640625 0.09722222222222222 0.6424479166666667 0.09814814814814815 0.6424479166666667 0.09861111111111111 0.6427083333333333 0.10092592592592593 0.64296875 0.10231481481481482 0.6434895833333333 0.1087962962962963 0.64453125 0.11481481481481481 0.6463541666666667 0.11666666666666667 0.6463541666666667 0.11712962962962963 0.6466145833333333 0.11898148148148148 0.6466145833333333 0.11944444444444445 0.646875 0.12314814814814815 0.6471354166666666 0.12638888888888888 0.6484375 0.12824074074074074 0.6484375 0.1287037037037037 0.6486979166666667 0.13194444444444445 0.6486979166666667 0.13240740740740742 0.6489583333333333 0.1388888888888889 0.6489583333333333 0.14212962962962963 0.6481770833333333 0.1449074074074074 0.6466145833333333 0.14722222222222223 0.6442708333333333 0.14722222222222223 0.64375 0.14814814814814814 0.6427083333333333 0.14814814814814814 0.6380208333333334 0.14675925925925926 0.6364583333333333 0.14305555555555555 0.6346354166666667 0.1412037037037037 0.63046875 0.14166666666666666 0.6302083333333334 0.1425925925925926 0.6265625 0.14351851851851852 0.62578125 0.1449074074074074 0.6229166666666667 0.1476851851851852 0.6197916666666666 0.1476851851851852 0.6192708333333333 0.14953703703703702 0.6166666666666667 0.15 0.6151041666666667 0.1527777777777778 0.61171875 0.1527777777777778 0.6109375 0.15416666666666667 0.6091145833333333 0.15462962962962962 0.6065104166666667 0.15416666666666667 0.60625 0.15416666666666667 0.6052083333333333 0.1537037037037037 0.6049479166666667 0.15324074074074073 0.6033854166666667 0.15 0.6018229166666667 0.14814814814814814 0.6015625 0.14583333333333334 0.60078125 0.1388888888888889 0.6 0.1375 0.5994791666666667 0.13657407407407407 0.5994791666666667 0.13472222222222222 0.5989583333333334
3 0.13287037037037036 0.4036458333333333 0.1287037037037037 0.4083333333333333 0.1287037037037037 0.40911458333333334 0.12777777777777777 0.40989583333333335 0.12777777777777777 0.41041666666666665 0.12685185185185185 0.4109375 0.12638888888888888 0.4127604166666667 0.1259259259259259 0.41302083333333334 0.12546296296296297 0.4166666666666667 0.1259259259259259 0.41692708333333334 0.12638888888888888 0.41848958333333336 0.12824074074074074 0.4197916666666667 0.1310185185185185 0.4200520833333333 0.13148148148148148 0.4203125 0.13518518518518519 0.4203125 0.1375 0.4197916666666667 0.13935185185185187 0.41875 0.14212962962962963 0.41796875 0.1425925925925926 0.41822916666666665 0.1449074074074074 0.41848958333333336 0.14629629629629629 0.41901041666666666 0.15046296296296297 0.41953125 0.1537037037037037 0.4205729166666667 0.15555555555555556 0.42083333333333334 0.15833333333333333 0.42213541666666665 0.16296296296296298 0.42291666666666666 0.16805555555555557 0.4244791666666667 0.1699074074074074 0.42473958333333334 0.17083333333333334 0.42526041666666664 0.17314814814814813 0.42552083333333335 0.1787037037037037 0.4276041666666667 0.18055555555555555 0.4278645833333333 0.18472222222222223 0.42916666666666664 0.18564814814814815 0.42916666666666664 0.18935185185185185 0.43072916666666666 0.19675925925925927 0.4328125 0.19907407407407407 0.43307291666666664 0.20879629629629629 0.4359375 0.21157407407407408 0.4359375 0.21203703703703702 0.4361979166666667 0.2152777777777778 0.4361979166666667 0.21574074074074073 0.43645833333333334 0.21666666666666667 0.43645833333333334 0.22037037037037038 0.4354166666666667 0.2222222222222222 0.434375 0.22407407407407406 0.43203125 0.22407407407407406 0.4309895833333333 0.22268518518518518 0.42890625 0.22083333333333333 0.4276041666666667 0.21666666666666667 0.4265625 0.2125 0.42473958333333334 0.2111111111111111 0.4244791666666667 0.20972222222222223 0.4236979166666667 0.2037037037037037 0.42213541666666665 0.19814814814814816 0.4197916666666667 0.18703703703703703 0.4166666666666667 0.18518518518518517 0.41640625 0.18425925925925926 0.4158854166666667 0.17916666666666667 0.41458333333333336 0.17824074074074073 0.4140625 0.175 0.41328125 0.17407407407407408 0.4127604166666667 0.1712962962962963 0.4119791666666667 0.17037037037037037 0.4119791666666667 0.16898148148148148 0.4114583333333333 0.16805555555555557 0.4114583333333333 0.16574074074074074 0.41067708333333336 0.1648148148148148 0.41067708333333336 0.16296296296296298 0.41015625 0.16203703703703703 0.40963541666666664 0.15787037037037038 0.4083333333333333 0.1550925925925926 0.4049479166666667 0.1550925925925926 0.40338541666666666 0.15462962962962962 0.403125 0.15462962962962962 0.4 0.15416666666666667 0.3997395833333333 0.15185185185185185 0.39947916666666666 0.15 0.39895833333333336 0.14907407407407408 0.39921875 0.14583333333333334 0.39921875 0.14537037037037037 0.39895833333333336 0.14212962962962963 0.39869791666666665 0.1412037037037037 0.39921875 0.13935185185185187 0.3997395833333333 0.13842592592592592 0.3997395833333333 0.1361111111111111 0.4015625 0.13472222222222222 0.40208333333333335
1 0.1699074074074074 0.4388020833333333 0.16203703703703703 0.4348958333333333 0.15787037037037038 0.43463541666666666 0.1550925925925926 0.4354166666666667 0.15046296296296297 0.4390625 0.15 0.4434895833333333 0.1486111111111111 0.44505208333333335 0.14166666666666666 0.44895833333333335 0.1361111111111111 0.4510416666666667 0.13472222222222222 0.45208333333333334 0.1310185185185185 0.453125 0.12638888888888888 0.4557291666666667 0.12175925925925926 0.45729166666666665 0.11157407407407408 0.4622395833333333 0.10092592592592593 0.46640625 0.09537037037037037 0.46953125 0.09166666666666666 0.4705729166666667 0.08009259259259259 0.47578125 0.07592592592592592 0.47708333333333336 0.0625 0.48359375 0.06018518518518518 0.48411458333333335 0.041666666666666664 0.49244791666666665 0.027777777777777776 0.4979166666666667 0.022222222222222223 0.5018229166666667 0.023148148148148147 0.50546875 0.029166666666666667 0.5080729166666667 0.034722222222222224 0.5080729166666667 0.040740740740740744 0.50703125 0.05416666666666667 0.5018229166666667 0.06296296296296296 0.49713541666666666 0.0712962962962963 0.4940104166666667 0.08472222222222223 0.48776041666666664 0.0875 0.4869791666666667 0.09444444444444444 0.48385416666666664 0.10231481481481482 0.48151041666666666 0.10787037037037037 0.4783854166666667 0.1111111111111111 0.4778645833333333 0.11481481481481481 0.4778645833333333 0.11805555555555555 0.47604166666666664 0.11898148148148148 0.4747395833333333 0.12546296296296297 0.47109375 0.16203703703703703 0.45625 0.16527777777777777 0.4557291666666667 0.17731481481481481 0.4557291666666667 0.18055555555555555 0.4549479166666667 0.1824074074074074 0.45260416666666664 0.18287037037037038 0.45078125 0.18009259259259258 0.4471354166666667 0.17777777777777778 0.44505208333333335 0.1726851851851852 0.4421875
4 0.21203703703703702 0.5359375 0.20925925925925926 0.53515625 0.20694444444444443 0.5348958333333333 0.20555555555555555 0.534375 0.1986111111111111 0.534375 0.19814814814814816 0.5341145833333333 0.1962962962962963 0.5341145833333333 0.19583333333333333 0.534375 0.19212962962962962 0.534375 0.18888888888888888 0.53515625 0.1884259259259259 0.5359375 0.18703703703703703 0.5369791666666667 0.1865740740740741 0.5393229166666667 0.18611111111111112 0.5395833333333333 0.18564814814814815 0.5416666666666666 0.18518518518518517 0.5419270833333333 0.18518518518518517 0.5434895833333333 0.18472222222222223 0.54375 0.18472222222222223 0.5450520833333333 0.18425925925925926 0.5453125 0.18425925925925926 0.546875 0.1837962962962963 0.5471354166666667 0.18333333333333332 0.5505208333333333 0.18287037037037038 0.55078125 0.1824074074074074 0.55390625 0.18194444444444444 0.5541666666666667 0.18194444444444444 0.5552083333333333 0.1814814814814815 0.55546875 0.1814814814814815 0.5572916666666666 0.18101851851851852 0.5575520833333333 0.18101851851851852 0.5588541666666667 0.18055555555555555 0.5591145833333333 0.18009259259259258 0.5609375 0.17916666666666667 0.5619791666666667 0.17731481481481481 0.5630208333333333 0.17407407407407408 0.5640625 0.17222222222222222 0.5643229166666667 0.17037037037037037 0.5653645833333333 0.1675925925925926 0.5661458333333333 0.16527777777777777 0.5677083333333334 0.16527777777777777 0.5684895833333333 0.1648148148148148 0.56875 0.1648148148148148 0.5703125 0.16435185185185186 0.5705729166666667 0.16435185185185186 0.5729166666666666 0.1648148148148148 0.5731770833333333 0.16527777777777777 0.5744791666666667 0.16805555555555557 0.5760416666666667 0.1699074074074074 0.5763020833333333 0.17037037037037037 0.5765625 0.1726851851851852 0.5765625 0.17314814814814813 0.5768229166666666 0.175 0.5768229166666666 0.17546296296296296 0.5770833333333333 0.17731481481481481 0.5770833333333333 0.17777777777777778 0.57734375 0.18009259259259258 0.57734375 0.18055555555555555 0.5776041666666667 0.18564814814814815 0.5776041666666667 0.18611111111111112 0.5778645833333333 0.1875 0.5778645833333333 0.18796296296296297 0.578125 0.19490740740740742 0.5783854166666667 0.19537037037037036 0.578125 0.20092592592592592 0.578125 0.20416666666666666 0.57734375 0.20925925925925926 0.57734375 0.20972222222222223 0.5770833333333333 0.2125 0.5768229166666666 0.21296296296296297 0.5765625 0.21574074074074073 0.5765625 0.2175925925925926 0.57578125 0.21851851851851853 0.5747395833333333 0.21944444444444444 0.57265625 0.2199074074074074 0.5723958333333333 0.2199074074074074 0.571875 0.21944444444444444 0.5716145833333334 0.21944444444444444 0.5705729166666667 0.21898148148148147 0.5703125 0.21898148148148147 0.56953125 0.21805555555555556 0.5684895833333333 0.21712962962962962 0.56796875 0.21157407407407408 0.5661458333333333 0.20879629629629629 0.5643229166666667 0.20879629629629629 0.56015625 0.20925925925925926 0.5598958333333334 0.20925925925925926 0.5580729166666667 0.20972222222222223 0.5578125 0.2101851851851852 0.5544270833333333 0.21064814814814814 0.5541666666666667 0.2111111111111111 0.5510416666666667 0.21157407407407408 0.55078125 0.21157407407407408 0.5489583333333333 0.21203703703703702 0.5486979166666667 0.21203703703703702 0.546875 0.2125 0.5466145833333333 0.2125 0.5442708333333334 0.21296296296296297 0.5440104166666667 0.21296296296296297 0.54140625 0.21342592592592594 0.5411458333333333 0.21342592592592594 0.5369791666666667
5 0.24814814814814815 0.6013020833333333 0.24722222222222223 0.6013020833333333 0.24675925925925926 0.6010416666666667 0.24444444444444444 0.6010416666666667 0.2439814814814815 0.60078125 0.24074074074074073 0.60078125 0.24027777777777778 0.6005208333333333 0.23981481481481481 0.6005208333333333 0.23935185185185184 0.60078125 0.23564814814814813 0.60078125 0.2351851851851852 0.6010416666666667 0.23333333333333334 0.6010416666666667 0.23287037037037037 0.6013020833333333 0.2310185185185185 0.6013020833333333 0.23055555555555557 0.6015625 0.22824074074074074 0.6015625 0.22777777777777777 0.6018229166666667 0.22685185185185186 0.6018229166666667 0.2263888888888889 0.6020833333333333 0.22546296296296298 0.6020833333333333 0.225 0.60234375 0.22407407407407406 0.60234375 0.22361111111111112 0.6026041666666667 0.22268518518518518 0.6026041666666667 0.2222222222222222 0.6028645833333334 0.2199074074074074 0.6033854166666667 0.2199074074074074 0.6036458333333333 0.21851851851851853 0.6044270833333333 0.21851851851851853 0.6046875 0.21666666666666667 0.6057291666666667 0.2162037037037037 0.6065104166666667 0.2152777777777778 0.60703125 0.2152777777777778 0.6072916666666667 0.21481481481481482 0.6075520833333333 0.21481481481481482 0.6080729166666666 0.21388888888888888 0.6088541666666667 0.21388888888888888 0.609375 0.21342592592592594 0.6096354166666667 0.21342592592592594 0.6098958333333333 0.2125 0.6104166666666667 0.2125 0.6109375 0.21157407407407408 0.61171875 0.21157407407407408 0.6122395833333333 0.2111111111111111 0.6125 0.2111111111111111 0.6130208333333333 0.21064814814814814 0.61328125 0.21064814814814814 0.6138020833333333 0.2101851851851852 0.6140625 0.2101851851851852 0.6145833333333334 0.20972222222222223 0.61484375 0.20972222222222223 0.6171875 0.2101851851851852 0.6174479166666667 0.2101851851851852 0.6190104166666667 0.21064814814814814 0.6192708333333333 0.2111111111111111 0.6200520833333333 0.21203703703703702 0.6205729166666667 0.2125 0.6213541666666667 0.21342592592592594 0.621875 0.21342592592592594 0.6221354166666667 0.21388888888888888 0.6223958333333334 0.21481481481481482 0.6236979166666666 0.21574074074074073 0.62421875 0.21574074074074073 0.6244791666666667 0.21666666666666667 0.625 0.21666666666666667 0.6252604166666667 0.21712962962962962 0.6252604166666667 0.21944444444444444 0.6265625 0.21944444444444444 0.6268229166666667 0.2199074074074074 0.6268229166666667 0.22083333333333333 0.62734375 0.2222222222222222 0.6276041666666666 0.22314814814814815 0.628125 0.22361111111111112 0.628125 0.22685185185185186 0.6291666666666667 0.22777777777777777 0.6291666666666667 0.22824074074074074 0.6294270833333333 0.2300925925925926 0.6294270833333333 0.23055555555555557 0.6296875 0.2412037037037037 0.6296875 0.24166666666666667 0.6294270833333333 0.24305555555555555 0.6294270833333333 0.24351851851851852 0.6291666666666667 0.24444444444444444 0.6291666666666667 0.2449074074074074 0.62890625 0.24583333333333332 0.62890625 0.2462962962962963 0.6286458333333333 0.24722222222222223 0.6286458333333333 0.24768518518518517 0.6283854166666667 0.2518518518518518 0.6283854166666667 0.25277777777777777 0.6278645833333333 0.25324074074074077 0.6278645833333333 0.25555555555555554 0.6265625 0.25555555555555554 0.6263020833333334 0.25601851851851853 0.6260416666666667 0.25601851851851853 0.62578125 0.2569444444444444 0.6252604166666667 0.25787037037037036 0.6239583333333333 0.2587962962962963 0.6234375 0.2587962962962963 0.6231770833333333 0.2601851851851852 0.621875 0.2601851851851852 0.6213541666666667 0.2611111111111111 0.6205729166666667 0.2611111111111111 0.6200520833333333 0.26157407407407407 0.6197916666666666 0.26157407407407407 0.6192708333333333 0.262037037037037 0.6190104166666667 0.2625 0.6182291666666667 0.26342592592592595 0.6177083333333333 0.26342592592592595 0.6171875 0.2638888888888889 0.6169270833333333 0.2638888888888889 0.61640625 0.26435185185185184 0.6161458333333333 0.26435185185185184 0.615625 0.26481481481481484 0.6153645833333333 0.26481481481481484 0.6130208333333333 0.26435185185185184 0.6127604166666667 0.26435185185185184 0.6111979166666667 0.25833333333333336 0.6075520833333333 0.25833333333333336 0.6072916666666667 0.2569444444444444 0.6065104166666667 0.2569444444444444 0.60625 0.25324074074074077 0.6041666666666666 0.25324074074074077 0.60390625 0.2523148148148148 0.6033854166666667 0.2523148148148148 0.603125
1 0.29768518518518516 0.48515625 0.2912037037037037 0.4869791666666667 0.2875 0.48932291666666666 0.28703703703703703 0.49114583333333334 0.2884259259259259 0.49296875 0.29074074074074074 0.4942708333333333 0.29305555555555557 0.49453125 0.2953703703703704 0.49557291666666664 0.29907407407407405 0.5018229166666667 0.30462962962962964 0.5354166666666667 0.30462962962962964 0.5390625 0.30648148148148147 0.55 0.30648148148148147 0.5549479166666667 0.30787037037037035 0.56015625 0.30833333333333335 0.5692708333333333 0.30972222222222223 0.5760416666666667 0.3101851851851852 0.584375 0.31203703703703706 0.5861979166666667 0.31527777777777777 0.5877604166666667 0.31805555555555554 0.5880208333333333 0.32731481481481484 0.5877604166666667 0.3296296296296296 0.58671875 0.33101851851851855 0.5838541666666667 0.3296296296296296 0.5645833333333333 0.32731481481481484 0.5559895833333334 0.32685185185185184 0.5494791666666666 0.325 0.5419270833333333 0.3236111111111111 0.53203125 0.3226851851851852 0.5291666666666667 0.3199074074074074 0.5255208333333333 0.3189814814814815 0.5229166666666667 0.3194444444444444 0.5184895833333333 0.32222222222222224 0.5143229166666666 0.3212962962962963 0.5015625 0.3199074074074074 0.4984375 0.3189814814814815 0.4979166666666667 0.32083333333333336 0.49609375 0.324537037037037 0.4940104166666667 0.3296296296296296 0.4921875 0.33055555555555555 0.4895833333333333 0.3287037037037037 0.4864583333333333 0.325 0.48541666666666666 0.3212962962962963 0.48541666666666666 0.31851851851851853 0.48489583333333336
3 0.33796296296296297 0.3145833333333333 0.3337962962962963 0.3125 0.32916666666666666 0.31276041666666665 0.3287037037037037 0.31302083333333336 0.325 0.31354166666666666 0.32175925925925924 0.31484375 0.3199074074074074 0.3151041666666667 0.31851851851851853 0.315625 0.3175925925925926 0.315625 0.31342592592592594 0.3171875 0.3087962962962963 0.3182291666666667 0.30648148148148147 0.31927083333333334 0.30462962962962964 0.31979166666666664 0.3037037037037037 0.31979166666666664 0.29814814814814816 0.32135416666666666 0.2949074074074074 0.32265625 0.28935185185185186 0.32421875 0.28703703703703703 0.32447916666666665 0.2828703703703704 0.3260416666666667 0.2791666666666667 0.3265625 0.274537037037037 0.328125 0.2712962962962963 0.32838541666666665 0.2671296296296296 0.3296875 0.26342592592592595 0.3296875 0.25925925925925924 0.328125 0.25555555555555554 0.328125 0.2518518518518518 0.32916666666666666 0.25092592592592594 0.32916666666666666 0.24953703703703703 0.3296875 0.24768518518518517 0.3299479166666667 0.24722222222222223 0.334375 0.24768518518518517 0.3346354166666667 0.24768518518518517 0.33541666666666664 0.25277777777777777 0.3411458333333333 0.25277777777777777 0.3416666666666667 0.2537037037037037 0.3421875 0.2550925925925926 0.34375 0.2564814814814815 0.34453125 0.25787037037037036 0.34609375 0.2611111111111111 0.34791666666666665 0.26157407407407407 0.34791666666666665 0.2638888888888889 0.3494791666666667 0.2652777777777778 0.3494791666666667 0.2657407407407407 0.3497395833333333 0.2671296296296296 0.3497395833333333 0.26944444444444443 0.3502604166666667 0.27175925925925926 0.3502604166666667 0.2740740740740741 0.3494791666666667 0.275 0.3494791666666667 0.27685185185185185 0.346875 0.27685185185185185 0.34609375 0.2773148148148148 0.3458333333333333 0.2773148148148148 0.34401041666666665 0.2777777777777778 0.34375 0.2777777777777778 0.3424479166666667 0.27824074074074073 0.3421875 0.27824074074074073 0.3416666666666667 0.28194444444444444 0.33958333333333335 0.2851851851851852 0.33880208333333334 0.287962962962963 0.3377604166666667 0.28888888888888886 0.3377604166666667 0.2935185185185185 0.33619791666666665 0.29444444444444445 0.33619791666666665 0.29907407407407405 0.3341145833333333 0.30648148148148147 0.33203125 0.30972222222222223 0.33151041666666664 0.31666666666666665 0.3294270833333333 0.3175925925925926 0.3294270833333333 0.32314814814814813 0.32760416666666664 0.32546296296296295 0.32734375 0.3282407407407407 0.3265625 0.3314814814814815 0.325 0.33796296296296297 0.32317708333333334 0.3402777777777778 0.321875 0.3402777777777778 0.32135416666666666 0.34120370370370373 0.3203125 0.34120370370370373 0.31927083333333334 0.3416666666666667 0.3190104166666667 0.3416666666666667 0.31796875
2 0.37037037037037035 0.5174479166666667 0.36898148148148147 0.5174479166666667 0.3675925925925926 0.5169270833333334 0.36666666666666664 0.5169270833333334 0.3648148148148148 0.51640625 0.3611111111111111 0.51640625 0.36064814814814816 0.5161458333333333 0.3574074074074074 0.5161458333333333 0.35694444444444445 0.5158854166666667 0.3560185185185185 0.5161458333333333 0.35324074074074074 0.5161458333333333 0.3527777777777778 0.5158854166666667 0.35138888888888886 0.5158854166666667 0.3509259259259259 0.515625 0.3449074074074074 0.515625 0.34444444444444444 0.5158854166666667 0.34074074074074073 0.5161458333333333 0.3402777777777778 0.51640625 0.32175925925925924 0.5166666666666667 0.3199074074074074 0.51796875 0.3199074074074074 0.5184895833333333 0.3189814814814815 0.51953125 0.3189814814814815 0.5203125 0.31851851851851853 0.5205729166666667 0.31851851851851853 0.5239583333333333 0.3189814814814815 0.52421875 0.3189814814814815 0.5255208333333333 0.32083333333333336 0.52734375 0.32222222222222224 0.528125 0.32407407407407407 0.5283854166666667 0.32685185185185184 0.5291666666666667 0.3287037037037037 0.5309895833333333 0.3300925925925926 0.5317708333333333 0.3300925925925926 0.5325520833333334 0.33055555555555555 0.5328125 0.33055555555555555 0.5395833333333333 0.3300925925925926 0.53984375 0.3300925925925926 0.5440104166666667 0.3296296296296296 0.5442708333333334 0.3296296296296296 0.5520833333333334 0.32916666666666666 0.5526041666666667 0.3296296296296296 0.5528645833333333 0.3296296296296296 0.5565104166666667 0.3300925925925926 0.5567708333333333 0.33101851851851855 0.5588541666666667 0.33194444444444443 0.559375 0.33194444444444443 0.5596354166666667 0.3337962962962963 0.5604166666666667 0.33564814814814814 0.5604166666666667 0.33611111111111114 0.5606770833333333 0.3439814814814815 0.5606770833333333 0.34444444444444444 0.5609375 0.3458333333333333 0.5609375 0.34629629629629627 0.5606770833333333 0.35185185185185186 0.5606770833333333 0.3523148148148148 0.5604166666666667 0.3541666666666667 0.5604166666666667 0.35833333333333334 0.5580729166666667 0.35833333333333334 0.5578125 0.36018518518518516 0.5565104166666667 0.36064814814814816 0.5549479166666667 0.3611111111111111 0.5546875 0.3611111111111111 0.5533854166666666 0.36157407407407405 0.553125 0.36157407407407405 0.5466145833333333 0.36203703703703705 0.5463541666666667 0.36203703703703705 0.5380208333333333 0.3625 0.5377604166666666 0.3625 0.5341145833333333 0.362962962962963 0.5338541666666666 0.362962962962963 0.53203125 0.36342592592592593 0.5317708333333333 0.36342592592592593 0.5309895833333333 0.36435185185185187 0.5299479166666666 0.36527777777777776 0.5294270833333333 0.36712962962962964 0.5291666666666667 0.3675925925925926 0.52890625 0.36898148148148147 0.52890625 0.3712962962962963 0.528125 0.3731481481481482 0.5278645833333333 0.3763888888888889 0.5255208333333333 0.3768518518518518 0.5213541666666667 0.375 0.51953125 0.3726851851851852 0.5182291666666666 0.3712962962962963 0.51796875
3 0.24444444444444444 0.23958333333333334 0.24444444444444444 0.2453125 0.2449074074074074 0.24557291666666667 0.2449074074074074 0.24739583333333334 0.24537037037037038 0.24765625 0.24583333333333332 0.2520833333333333 0.2462962962962963 0.25234375 0.2462962962962963 0.25338541666666664 0.24675925925925926 0.25364583333333335 0.24675925925925926 0.2546875 0.24722222222222223 0.25494791666666666 0.24768518518518517 0.25703125 0.24953703703703703 0.25859375 0.25046296296296294 0.2598958333333333 0.2518518518518518 0.26067708333333334 0.25277777777777777 0.26067708333333334 0.25462962962962965 0.26119791666666664 0.2564814814814815 0.26119791666666664 0.2569444444444444 0.2609375 0.25925925925925924 0.26067708333333334 0.26157407407407407 0.2598958333333333 0.26296296296296295 0.25885416666666666 0.26296296296296295 0.25833333333333336 0.26481481481481484 0.2557291666666667 0.26666666666666666 0.2546875 0.2675925925925926 0.25442708333333336 0.2689814814814815 0.25442708333333336 0.2708333333333333 0.25390625 0.2726851851851852 0.25390625 0.27314814814814814 0.25364583333333335 0.275 0.25364583333333335 0.27546296296296297 0.25338541666666664 0.27824074074074073 0.25338541666666664 0.27870370370370373 0.253125 0.2828703703703704 0.253125 0.2833333333333333 0.25286458333333334 0.29583333333333334 0.25286458333333334 0.2962962962962963 0.2526041666666667 0.31527777777777777 0.25234375 0.31574074074074077 0.2520833333333333 0.3337962962962963 0.2520833333333333 0.33425925925925926 0.2518229166666667 0.3388888888888889 0.2518229166666667 0.33935185185185185 0.2515625 0.3402777777777778 0.2515625 0.3416666666666667 0.25078125 0.3435185185185185 0.24817708333333333 0.3435185185185185 0.24583333333333332 0.34305555555555556 0.24557291666666667 0.34305555555555556 0.24427083333333333 0.34120370370370373 0.24296875 0.34120370370370373 0.24244791666666668 0.3402777777777778 0.24140625 0.3384259259259259 0.24036458333333333 0.3375 0.24010416666666667 0.3351851851851852 0.24010416666666667 0.3347222222222222 0.23984375 0.32083333333333336 0.23984375 0.32037037037037036 0.24010416666666667 0.31296296296296294 0.24010416666666667 0.3125 0.24036458333333333 0.2967592592592593 0.24036458333333333 0.2962962962962963 0.240625 0.2898148148148148 0.240625 0.28935185185185186 0.24088541666666666 0.2861111111111111 0.24088541666666666 0.28564814814814815 0.24114583333333334 0.2833333333333333 0.24114583333333334 0.2828703703703704 0.24140625 0.2689814814814815 0.24140625 0.26851851851851855 0.24166666666666667 0.2657407407407407 0.24166666666666667 0.26342592592592595 0.2421875 0.2611111111111111 0.24114583333333334 0.25833333333333336 0.23854166666666668 0.25555555555555554 0.23697916666666666 0.2537037037037037 0.23697916666666666 0.25324074074074077 0.23671875 0.25092592592592594 0.23671875 0.25046296296296294 0.23697916666666666 0.24861111111111112 0.23697916666666666 0.24768518518518517 0.23723958333333334 0.24537037037037038 0.23854166666666668
0 0.4134259259259259 0.5252604166666667 0.412962962962963 0.5252604166666667 0.4115740740740741 0.5247395833333334 0.4097222222222222 0.5247395833333334 0.40925925925925927 0.5244791666666667 0.4060185185185185 0.5244791666666667 0.40555555555555556 0.5247395833333334 0.4041666666666667 0.5247395833333334 0.40324074074074073 0.5252604166666667 0.4027777777777778 0.5252604166666667 0.4023148148148148 0.5260416666666666 0.40046296296296297 0.5270833333333333 0.40046296296296297 0.52734375 0.399537037037037 0.5278645833333333 0.399537037037037 0.528125 0.3976851851851852 0.5291666666666667 0.3976851851851852 0.5294270833333333 0.3962962962962963 0.5302083333333333 0.3939814814814815 0.5307291666666667 0.39166666666666666 0.5317708333333333 0.39166666666666666 0.53203125 0.3907407407407407 0.5328125 0.3907407407407407 0.5372395833333333 0.3902777777777778 0.5375 0.3902777777777778 0.5377604166666666 0.3888888888888889 0.5385416666666667 0.3888888888888889 0.5388020833333333 0.3875 0.5395833333333333 0.3875 0.53984375 0.3824074074074074 0.54296875 0.3824074074074074 0.5432291666666667 0.37453703703703706 0.54765625 0.37453703703703706 0.5479166666666667 0.37037037037037035 0.5502604166666667 0.37037037037037035 0.5505208333333333 0.36944444444444446 0.5510416666666667 0.36944444444444446 0.5513020833333333 0.3680555555555556 0.5526041666666667 0.3685185185185185 0.5528645833333333 0.3685185185185185 0.5541666666666667 0.36898148148148147 0.5544270833333333 0.36898148148148147 0.5552083333333333 0.36944444444444446 0.55546875 0.36944444444444446 0.5559895833333334 0.3699074074074074 0.55625 0.3699074074074074 0.5565104166666667 0.37037037037037035 0.5565104166666667 0.3726851851851852 0.5575520833333333 0.37407407407407406 0.5575520833333333 0.37453703703703706 0.5578125 0.37592592592592594 0.5578125 0.3763888888888889 0.5580729166666667 0.3773148148148148 0.5580729166666667 0.37777777777777777 0.5578125 0.37916666666666665 0.5578125 0.37962962962962965 0.5575520833333333 0.38055555555555554 0.5575520833333333 0.38101851851851853 0.5572916666666666 0.3824074074074074 0.55703125 0.38333333333333336 0.5565104166666667 0.3837962962962963 0.5565104166666667 0.38935185185185184 0.5533854166666666 0.38981481481481484 0.5533854166666666 0.39351851851851855 0.5513020833333333 0.39351851851851855 0.5510416666666667 0.4013888888888889 0.546875 0.40185185185185185 0.546875 0.4041666666666667 0.5458333333333333 0.4046296296296296 0.5458333333333333 0.4078703703703704 0.5447916666666667 0.4097222222222222 0.5447916666666667 0.4101851851851852 0.54453125 0.4115740740740741 0.54453125 0.41203703703703703 0.5442708333333334 0.412962962962963 0.5442708333333334 0.4134259259259259 0.5440104166666667 0.4148148148148148 0.54375 0.4166666666666667 0.5427083333333333 0.4166666666666667 0.5424479166666667 0.41805555555555557 0.5416666666666666 0.41805555555555557 0.54140625 0.41944444444444445 0.540625 0.41944444444444445 0.5403645833333334 0.4217592592592593 0.5390625 0.42314814814814816 0.5388020833333333 0.425462962962963 0.5375 0.425462962962963 0.5372395833333333 0.42592592592592593 0.5369791666666667 0.42592592592592593 0.5364583333333334 0.4263888888888889 0.5361979166666667 0.4263888888888889 0.5348958333333333 0.42685185185185187 0.5346354166666667 0.42685185185185187 0.5333333333333333 0.4273148148148148 0.5330729166666667 0.425 0.5317708333333333 0.425 0.5315104166666667 0.42407407407407405 0.5309895833333333 0.42407407407407405 0.5307291666666667 0.42083333333333334 0.52890625 0.4203703703703704 0.52890625 0.41574074074074074 0.5263020833333333 0.4152777777777778 0.5263020833333333
0 0.34120370370370373 0.37604166666666666 0.34120370370370373 0.37890625 0.34074074074074073 0.37916666666666665 0.34074074074074073 0.38255208333333335 0.34120370370370373 0.3828125 0.34120370370370373 0.3846354166666667 0.3416666666666667 0.3848958333333333 0.3416666666666667 0.38515625 0.3421296296296296 0.3854166666666667 0.3421296296296296 0.3859375 0.3425925925925926 0.38619791666666664 0.3425925925925926 0.38645833333333335 0.3435185185185185 0.38697916666666665 0.3435185185185185 0.38723958333333336 0.3453703703703704 0.38828125 0.3458333333333333 0.38828125 0.3472222222222222 0.3890625 0.3476851851851852 0.3890625 0.3486111111111111 0.38958333333333334 0.3490740740740741 0.38958333333333334 0.34953703703703703 0.38984375 0.35138888888888886 0.38984375 0.35185185185185186 0.38958333333333334 0.3574074074074074 0.38958333333333334 0.3578703703703704 0.38984375 0.3587962962962963 0.38984375 0.3592592592592593 0.39010416666666664 0.3625 0.39010416666666664 0.362962962962963 0.38984375 0.36435185185185187 0.38984375 0.3648148148148148 0.38958333333333334 0.36527777777777776 0.38958333333333334 0.3662037037037037 0.3890625 0.36666666666666664 0.3890625 0.36898148148148147 0.38776041666666666 0.37037037037037035 0.38776041666666666 0.37083333333333335 0.3875 0.37175925925925923 0.3875 0.37222222222222223 0.38723958333333336 0.38101851851851853 0.38723958333333336 0.3814814814814815 0.3875 0.3907407407407407 0.3875 0.3912037037037037 0.38723958333333336 0.40185185185185185 0.38723958333333336 0.4023148148148148 0.38697916666666665 0.40370370370370373 0.38697916666666665 0.4041666666666667 0.38671875 0.4046296296296296 0.38671875 0.4078703703703704 0.3848958333333333 0.4078703703703704 0.3802083333333333 0.4074074074074074 0.37994791666666666 0.40694444444444444 0.37916666666666665 0.4060185185185185 0.37864583333333335 0.4060185185185185 0.37838541666666664 0.4046296296296296 0.3776041666666667 0.4041666666666667 0.3776041666666667 0.40370370370370373 0.37734375 0.399537037037037 0.37734375 0.3990740740740741 0.3770833333333333 0.39166666666666666 0.3770833333333333 0.3912037037037037 0.3768229166666667 0.38287037037037036 0.3768229166666667 0.3824074074074074 0.3765625 0.375 0.3765625 0.37453703703703706 0.3763020833333333 0.3726851851851852 0.3763020833333333 0.37222222222222223 0.37604166666666666 0.37175925925925923 0.37604166666666666 0.36944444444444446 0.37473958333333335 0.3685185185185185 0.3731770833333333 0.3662037037037037 0.3723958333333333 0.36435185185185187 0.3723958333333333 0.3638888888888889 0.37265625 0.362962962962963 0.37265625 0.3625 0.3729166666666667 0.36203703703703705 0.3729166666666667 0.3611111111111111 0.3734375 0.36064814814814816 0.3734375 0.36018518518518516 0.3736979166666667 0.3592592592592593 0.3736979166666667 0.3578703703703704 0.37421875 0.35324074074074074 0.37421875 0.35185185185185186 0.3734375 0.35138888888888886 0.3734375 0.3509259259259259 0.3731770833333333 0.35 0.3731770833333333 0.34953703703703703 0.3729166666666667 0.3472222222222222 0.3729166666666667 0.34675925925925927 0.3731770833333333 0.3449074074074074 0.3731770833333333 0.3421296296296296 0.37473958333333335 0.3421296296296296 0.375 0.3416666666666667 0.37526041666666665 0.3416666666666667 0.37578125
0 0.2916666666666667 0.3802083333333333 0.2916666666666667 0.38046875 0.2912037037037037 0.3807291666666667 0.2912037037037037 0.3815104166666667 0.29074074074074074 0.38177083333333334 0.29074074074074074 0.38307291666666665 0.2902777777777778 0.38333333333333336 0.2902777777777778 0.38515625 0.29074074074074074 0.3854166666666667 0.2912037037037037 0.38619791666666664 0.29212962962962963 0.38671875 0.29212962962962963 0.38697916666666665 0.2949074074074074 0.3885416666666667 0.2962962962962963 0.3888020833333333 0.2972222222222222 0.3893229166666667 0.29768518518518516 0.3893229166666667 0.29814814814814816 0.38958333333333334 0.2986111111111111 0.38958333333333334 0.29907407407407405 0.38984375 0.29953703703703705 0.38984375 0.3 0.39010416666666664 0.300462962962963 0.39010416666666664 0.30092592592592593 0.39036458333333335 0.3013888888888889 0.39036458333333335 0.30185185185185187 0.390625 0.3023148148148148 0.390625 0.30277777777777776 0.39088541666666665 0.30324074074074076 0.39088541666666665 0.3037037037037037 0.39114583333333336 0.30416666666666664 0.39114583333333336 0.30925925925925923 0.3927083333333333 0.3101851851851852 0.3927083333333333 0.3111111111111111 0.3932291666666667 0.31157407407407406 0.3932291666666667 0.3138888888888889 0.39453125 0.3138888888888889 0.39479166666666665 0.3148148148148148 0.3953125 0.3148148148148148 0.39557291666666666 0.31527777777777777 0.3958333333333333 0.31527777777777777 0.3963541666666667 0.31574074074074077 0.3966145833333333 0.31574074074074077 0.3971354166666667 0.3162037037037037 0.39739583333333334 0.3162037037037037 0.39791666666666664 0.31666666666666665 0.39817708333333335 0.31805555555555554 0.4 0.3194444444444444 0.40078125 0.3199074074074074 0.40078125 0.32222222222222224 0.40182291666666664 0.324537037037037 0.40208333333333335 0.32592592592592595 0.40260416666666665 0.3282407407407407 0.40260416666666665 0.3287037037037037 0.40286458333333336 0.3296296296296296 0.40286458333333336 0.3300925925925926 0.403125 0.33055555555555555 0.403125 0.33240740740740743 0.4041666666666667 0.33287037037037037 0.4041666666666667 0.33425925925925926 0.4046875 0.3365740740740741 0.4046875 0.337037037037037 0.4049479166666667 0.3402777777777778 0.4049479166666667 0.34074074074074073 0.40520833333333334 0.3416666666666667 0.40520833333333334 0.3421296296296296 0.4049479166666667 0.34305555555555556 0.4049479166666667 0.3435185185185185 0.4046875 0.3458333333333333 0.4041666666666667 0.3486111111111111 0.40260416666666665 0.3490740740740741 0.40260416666666665 0.3490740740740741 0.40234375 0.35138888888888886 0.40078125 0.35138888888888886 0.4005208333333333 0.3523148148148148 0.3997395833333333 0.3523148148148148 0.39921875 0.3537037037037037 0.39791666666666664 0.3537037037037037 0.3971354166666667 0.3541666666666667 0.396875 0.3541666666666667 0.3919270833333333 0.3537037037037037 0.39166666666666666 0.3537037037037037 0.390625 0.35324074074074074 0.39036458333333335 0.35324074074074074 0.38984375 0.35138888888888886 0.3890625 0.3490740740740741 0.3888020833333333 0.34814814814814815 0.38828125 0.3476851851851852 0.38828125 0.34675925925925927 0.38776041666666666 0.34629629629629627 0.38776041666666666 0.3402777777777778 0.3848958333333333 0.3398148148148148 0.3848958333333333 0.33935185185185185 0.3846354166666667 0.3384259259259259 0.3846354166666667 0.33796296296296297 0.384375 0.33611111111111114 0.384375 0.33564814814814814 0.3841145833333333 0.33101851851851855 0.3841145833333333 0.33055555555555555 0.384375 0.32916666666666666 0.384375 0.3287037037037037 0.3846354166666667 0.32731481481481484 0.3846354166666667 0.3263888888888889 0.38515625 0.3236111111111111 0.38515625 0.32314814814814813 0.3848958333333333 0.32222222222222224 0.3848958333333333 0.32175925925925924 0.3846354166666667 0.32037037037037036 0.384375 0.31805555555555554 0.38307291666666665 0.31805555555555554 0.3828125 0.31666666666666665 0.3828125 0.3162037037037037 0.38255208333333335 0.3148148148148148 0.38255208333333335 0.3143518518518518 0.38229166666666664 0.3138888888888889 0.38229166666666664 0.3125 0.38177083333333334 0.31157407407407406 0.38177083333333334 0.3074074074074074 0.38046875 0.30648148148148147 0.38046875 0.3050925925925926 0.37994791666666666 0.30277777777777776 0.3796875 0.3013888888888889 0.37916666666666665 0.3 0.37916666666666665 0.29953703703703705 0.37890625 0.29814814814814816 0.37890625 0.29768518518518516 0.37864583333333335 0.29444444444444445 0.37864583333333335
0 0.48194444444444445 0.5447916666666667 0.48194444444444445 0.5450520833333333 0.48055555555555557 0.5463541666666667 0.48055555555555557 0.546875 0.4787037037037037 0.5486979166666667 0.4791666666666667 0.5489583333333333 0.4791666666666667 0.5494791666666666 0.47962962962962963 0.5497395833333333 0.48009259259259257 0.5505208333333333 0.4810185185185185 0.5510416666666667 0.4810185185185185 0.5513020833333333 0.4842592592592593 0.5528645833333333 0.4875 0.5536458333333333 0.4898148148148148 0.5546875 0.4912037037037037 0.5549479166666667 0.49398148148148147 0.5565104166666667 0.49444444444444446 0.5565104166666667 0.4949074074074074 0.5567708333333333 0.49583333333333335 0.5567708333333333 0.4962962962962963 0.55703125 0.4986111111111111 0.5575520833333333 0.5023148148148148 0.559375 0.5027777777777778 0.559375 0.5050925925925925 0.5606770833333333 0.5050925925925925 0.5609375 0.5055555555555555 0.5611979166666666 0.5055555555555555 0.56171875 0.5060185185185185 0.5619791666666667 0.5060185185185185 0.5625 0.5064814814814815 0.5627604166666667 0.5064814814814815 0.5640625 0.5069444444444444 0.5643229166666667 0.5069444444444444 0.56484375 0.5097222222222222 0.5671875 0.5111111111111111 0.5671875 0.5115740740740741 0.5674479166666667 0.5148148148148148 0.5674479166666667 0.5152777777777777 0.5677083333333334 0.5175925925925926 0.5677083333333334 0.5185185185185185 0.5682291666666667 0.5217592592592593 0.5690104166666666 0.525 0.5708333333333333 0.5263888888888889 0.57109375 0.5287037037037037 0.5721354166666667 0.5296296296296297 0.5721354166666667 0.5319444444444444 0.5713541666666667 0.5328703703703703 0.5713541666666667 0.5333333333333333 0.57109375 0.5333333333333333 0.5708333333333333 0.5375 0.5684895833333333 0.538425925925926 0.5671875 0.5393518518518519 0.5666666666666667 0.5393518518518519 0.56640625 0.5416666666666666 0.5640625 0.5421296296296296 0.5627604166666667 0.5425925925925926 0.5625 0.5425925925925926 0.5622395833333333 0.5430555555555555 0.5619791666666667 0.5430555555555555 0.5614583333333333 0.5439814814814815 0.5606770833333333 0.5439814814814815 0.5598958333333334 0.5435185185185185 0.5596354166666667 0.5435185185185185 0.5591145833333333 0.5430555555555555 0.5588541666666667 0.5425925925925926 0.5580729166666667 0.5402777777777777 0.5567708333333333 0.5398148148148149 0.5567708333333333 0.5375 0.5559895833333334 0.5365740740740741 0.5559895833333334 0.5361111111111111 0.5557291666666667 0.5342592592592592 0.5557291666666667 0.5337962962962963 0.55546875 0.5328703703703703 0.55546875 0.5305555555555556 0.55390625 0.5296296296296297 0.55234375 0.5277777777777778 0.5513020833333333 0.5273148148148148 0.5513020833333333 0.525 0.5505208333333333 0.524537037037037 0.55078125 0.5231481481481481 0.55078125 0.5226851851851851 0.5510416666666667 0.5212962962962963 0.5510416666666667 0.5199074074074074 0.5515625 0.5189814814814815 0.5515625 0.5185185185185185 0.5518229166666667 0.5175925925925926 0.5518229166666667 0.5171296296296296 0.5520833333333334 0.5166666666666667 0.5518229166666667 0.5152777777777777 0.5518229166666667 0.5148148148148148 0.5515625 0.513425925925926 0.5515625 0.5125 0.5510416666666667 0.5120370370370371 0.5510416666666667 0.5111111111111111 0.5505208333333333 0.5106481481481482 0.5505208333333333 0.5097222222222222 0.55 0.5092592592592593 0.55 0.5055555555555555 0.5484375 0.5032407407407408 0.5479166666666667 0.5023148148148148 0.5473958333333333 0.5009259259259259 0.5471354166666667 0.4986111111111111 0.54609375 0.4962962962962963 0.5455729166666666 0.49444444444444446 0.5447916666666667 0.4935185185185185 0.5447916666666667 0.4930555555555556 0.54453125 0.49212962962962964 0.54453125 0.49166666666666664 0.5442708333333334 0.49074074074074076 0.5442708333333334 0.49027777777777776 0.5440104166666667 0.48935185185185187 0.5440104166666667 0.4888888888888889 0.54375 0.4875 0.54375 0.48703703703703705 0.5434895833333333 0.48564814814814816 0.5434895833333333 0.48518518518518516 0.54375 0.4828703703703704 0.5442708333333334
1 0.412962962962963 0.2596354166666667 0.4097222222222222 0.2609375 0.4078703703703704 0.26328125 0.40879629629629627 0.2671875 0.412962962962963 0.27369791666666665 0.4134259259259259 0.2752604166666667 0.4152777777777778 0.27708333333333335 0.41574074074074074 0.2786458333333333 0.41805555555555557 0.28098958333333335 0.4236111111111111 0.28958333333333336 0.42685185185185187 0.29322916666666665 0.4273148148148148 0.2947916666666667 0.4300925925925926 0.29739583333333336 0.4310185185185185 0.2994791666666667 0.43287037037037035 0.30130208333333336 0.4356481481481482 0.30625 0.4375 0.30807291666666664 0.43842592592592594 0.3104166666666667 0.4412037037037037 0.31328125 0.44675925925925924 0.321875 0.44907407407407407 0.32421875 0.45092592592592595 0.32760416666666664 0.4537037037037037 0.3302083333333333 0.4583333333333333 0.33697916666666666 0.4601851851851852 0.3421875 0.4583333333333333 0.34427083333333336 0.45601851851851855 0.3455729166666667 0.45601851851851855 0.3497395833333333 0.4587962962962963 0.35182291666666665 0.4634259259259259 0.3533854166666667 0.4671296296296296 0.3536458333333333 0.4773148148148148 0.3533854166666667 0.4861111111111111 0.35104166666666664 0.4898148148148148 0.3494791666666667 0.49537037037037035 0.3455729166666667 0.49583333333333335 0.3416666666666667 0.49444444444444446 0.34010416666666665 0.49027777777777776 0.3377604166666667 0.4810185185185185 0.33567708333333335 0.47824074074074074 0.33307291666666666 0.47638888888888886 0.3296875 0.47129629629629627 0.32395833333333335 0.4666666666666667 0.31666666666666665 0.4648148148148148 0.3151041666666667 0.4625 0.3109375 0.45694444444444443 0.30416666666666664 0.45092592592592595 0.29453125 0.44907407407407407 0.29296875 0.4476851851851852 0.2903645833333333 0.4449074074074074 0.2872395833333333 0.4439814814814815 0.28489583333333335 0.44166666666666665 0.2828125 0.4337962962962963 0.2708333333333333 0.42777777777777776 0.26328125 0.42407407407407405 0.2604166666666667 0.42083333333333334 0.259375
1 0.6425925925925926 0.3880208333333333 0.6398148148148148 0.3846354166666667 0.6351851851851852 0.38359375 0.600925925925926 0.3841145833333333 0.5773148148148148 0.38515625 0.5685185185185185 0.38515625 0.5555555555555556 0.3859375 0.5476851851851852 0.3859375 0.5435185185185185 0.38645833333333335 0.5370370370370371 0.38645833333333335 0.524074074074074 0.38723958333333336 0.487962962962963 0.3880208333333333 0.4875 0.38828125 0.48194444444444445 0.3880208333333333 0.4787037037037037 0.38645833333333335 0.4773148148148148 0.3848958333333333 0.47453703703703703 0.38385416666666666 0.4666666666666667 0.38385416666666666 0.4648148148148148 0.3846354166666667 0.46296296296296297 0.3880208333333333 0.46296296296296297 0.39348958333333334 0.46574074074074073 0.4049479166666667 0.4666666666666667 0.40598958333333335 0.4699074074074074 0.4075520833333333 0.475 0.4078125 0.4810185185185185 0.40651041666666665 0.4861111111111111 0.40286458333333336 0.4930555555555556 0.40182291666666664 0.5037037037037037 0.40182291666666664 0.5064814814814815 0.40130208333333334 0.5180555555555556 0.4005208333333333 0.5356481481481481 0.4002604166666667 0.5361111111111111 0.4 0.5421296296296296 0.4002604166666667 0.5481481481481482 0.39947916666666666 0.5736111111111111 0.39921875 0.5791666666666667 0.3984375 0.6050925925925926 0.39817708333333335 0.6106481481481482 0.39739583333333334 0.6208333333333333 0.3971354166666667 0.6268518518518519 0.39609375 0.6310185185185185 0.39609375 0.6347222222222222 0.39557291666666666 0.638425925925926 0.39453125 0.6412037037037037 0.39296875 0.6425925925925926 0.39010416666666664
3 0.513425925925926 0.6578125 0.513425925925926 0.6622395833333333 0.5199074074074074 0.6653645833333334 0.5273148148148148 0.6674479166666667 0.5300925925925926 0.6684895833333333 0.5324074074074074 0.6697916666666667 0.5365740740740741 0.6708333333333333 0.5393518518518519 0.671875 0.5421296296296296 0.6734375 0.5421296296296296 0.6736979166666667 0.5458333333333333 0.675 0.5509259259259259 0.67578125 0.5555555555555556 0.6770833333333334 0.5569444444444445 0.6778645833333333 0.5611111111111111 0.6791666666666667 0.5648148148148148 0.6809895833333334 0.5689814814814815 0.6822916666666666 0.5699074074074074 0.6822916666666666 0.5722222222222222 0.6830729166666667 0.5745370370370371 0.6833333333333333 0.575925925925926 0.6838541666666667 0.5773148148148148 0.6838541666666667 0.5787037037037037 0.684375 0.5796296296296296 0.684375 0.5824074074074074 0.6861979166666666 0.5833333333333334 0.6872395833333333 0.5837962962962963 0.6885416666666667 0.5847222222222223 0.6893229166666667 0.5842592592592593 0.6908854166666667 0.5837962962962963 0.6911458333333333 0.5837962962962963 0.69296875 0.5833333333333334 0.6932291666666667 0.5879629629629629 0.6955729166666667 0.5884259259259259 0.6953125 0.5912037037037037 0.6953125 0.5958333333333333 0.69296875 0.5972222222222222 0.6916666666666667 0.600925925925926 0.6893229166666667 0.6018518518518519 0.6880208333333333 0.6050925925925926 0.6856770833333333 0.6087962962962963 0.6815104166666667 0.6087962962962963 0.6809895833333334 0.6111111111111112 0.6794270833333333 0.611574074074074 0.6783854166666666 0.6125 0.6776041666666667 0.6125 0.6736979166666667 0.6111111111111112 0.6731770833333334 0.6092592592592593 0.6729166666666667 0.6083333333333333 0.6723958333333333 0.6069444444444444 0.6721354166666667 0.6013888888888889 0.6744791666666666 0.5995370370370371 0.6747395833333333 0.5962962962962963 0.67578125 0.5949074074074074 0.67578125 0.5902777777777778 0.6736979166666667 0.5888888888888889 0.6734375 0.5879629629629629 0.6729166666666667 0.5861111111111111 0.67265625 0.5833333333333334 0.6713541666666667 0.5824074074074074 0.6713541666666667 0.5791666666666667 0.6697916666666667 0.5768518518518518 0.66953125 0.5740740740740741 0.66875 0.5731481481481482 0.6682291666666667 0.5708333333333333 0.6677083333333333 0.5680555555555555 0.6666666666666666 0.5666666666666667 0.6658854166666667 0.562037037037037 0.6651041666666667 0.5574074074074075 0.6638020833333333 0.5518518518518518 0.66171875 0.5486111111111112 0.6614583333333334 0.5439814814814815 0.6591145833333333 0.5430555555555555 0.6591145833333333 0.5393518518518519 0.6580729166666667 0.5365740740740741 0.6567708333333333 0.5342592592592592 0.65625 0.5287037037037037 0.65390625 0.5273148148148148 0.65390625 0.525 0.6533854166666667 0.5231481481481481 0.6533854166666667 0.5226851851851851 0.653125 0.5208333333333334 0.653125
5 0.5833333333333334 0.6236979166666666 0.5828703703703704 0.6239583333333333 0.5824074074074074 0.6239583333333333 0.5814814814814815 0.6244791666666667 0.5810185185185185 0.6244791666666667 0.5782407407407407 0.6260416666666667 0.5782407407407407 0.6263020833333334 0.5777777777777777 0.6265625 0.5777777777777777 0.6268229166666667 0.575462962962963 0.628125 0.575462962962963 0.6283854166666667 0.5712962962962963 0.6307291666666667 0.5712962962962963 0.634375 0.5708333333333333 0.6346354166666667 0.5712962962962963 0.6348958333333333 0.5712962962962963 0.6354166666666666 0.5717592592592593 0.6356770833333333 0.5717592592592593 0.6361979166666667 0.5722222222222222 0.6364583333333333 0.5722222222222222 0.6369791666666667 0.5726851851851852 0.6372395833333333 0.5726851851851852 0.6377604166666667 0.5731481481481482 0.6380208333333334 0.5731481481481482 0.6385416666666667 0.5740740740740741 0.6393229166666666 0.5740740740740741 0.63984375 0.5745370370370371 0.6401041666666667 0.5745370370370371 0.640625 0.575 0.6408854166666667 0.575 0.6411458333333333 0.575462962962963 0.64140625 0.575462962962963 0.6419270833333334 0.5763888888888888 0.6427083333333333 0.5763888888888888 0.6432291666666666 0.5768518518518518 0.6434895833333333 0.5768518518518518 0.64375 0.5791666666666667 0.6450520833333333 0.5796296296296296 0.6450520833333333 0.5800925925925926 0.6453125 0.5805555555555556 0.6453125 0.5810185185185185 0.6455729166666667 0.5814814814814815 0.6455729166666667 0.5819444444444445 0.6458333333333334 0.5824074074074074 0.6458333333333334 0.5833333333333334 0.6463541666666667 0.5837962962962963 0.6463541666666667 0.5842592592592593 0.6466145833333333 0.5851851851851851 0.6466145833333333 0.5856481481481481 0.646875 0.586574074074074 0.646875 0.587037037037037 0.6471354166666666 0.5879629629629629 0.6471354166666666 0.5884259259259259 0.6473958333333333 0.5893518518518519 0.6473958333333333 0.5898148148148148 0.64765625 0.600925925925926 0.64765625 0.6013888888888889 0.6473958333333333 0.6018518518518519 0.6473958333333333 0.6023148148148149 0.6471354166666666 0.6027777777777777 0.6471354166666666 0.6055555555555555 0.6455729166666667 0.6060185185185185 0.6455729166666667 0.6069444444444444 0.6450520833333333 0.6074074074074074 0.6450520833333333 0.6078703703703704 0.6447916666666667 0.6083333333333333 0.6447916666666667 0.6092592592592593 0.6442708333333333 0.6097222222222223 0.6442708333333333 0.6111111111111112 0.6434895833333333 0.6111111111111112 0.64296875 0.611574074074074 0.6427083333333333 0.611574074074074 0.6421875 0.612037037037037 0.6419270833333334 0.612037037037037 0.6411458333333333 0.6125 0.6408854166666667 0.6125 0.6403645833333333 0.6129629629629629 0.6401041666666667 0.6129629629629629 0.6395833333333333 0.6134259259259259 0.6393229166666666 0.6134259259259259 0.6388020833333333 0.6138888888888889 0.6385416666666667 0.6138888888888889 0.63515625 0.6134259259259259 0.6348958333333333 0.6134259259259259 0.6325520833333333 0.6129629629629629 0.6322916666666667 0.6129629629629629 0.6307291666666667 0.6125 0.63046875 0.6125 0.6299479166666667 0.612037037037037 0.6296875 0.612037037037037 0.6294270833333333 0.611574074074074 0.6291666666666667 0.611574074074074 0.62890625 0.6097222222222223 0.6276041666666666 0.6097222222222223 0.62734375 0.6092592592592593 0.6270833333333333 0.6092592592592593 0.6268229166666667 0.6087962962962963 0.6265625 0.6087962962962963 0.6263020833333334 0.6083333333333333 0.6260416666666667 0.6083333333333333 0.62578125 0.6069444444444444 0.625 0.6060185185185185 0.625 0.6055555555555555 0.6247395833333333 0.6050925925925926 0.6247395833333333 0.6037037037037037 0.62421875 0.6023148148148149 0.62421875 0.6018518518518519 0.6239583333333333 0.6 0.6239583333333333 0.5995370370370371 0.6236979166666666 0.5939814814814814 0.6236979166666666 0.5935185185185186 0.6234375 0.5856481481481481 0.6234375 0.5851851851851851 0.6236979166666666
1 0.5796296296296296 0.5 0.575 0.5018229166666667 0.5736111111111111 0.5057291666666667 0.575925925925926 0.5080729166666667 0.5791666666666667 0.5091145833333334 0.5833333333333334 0.5083333333333333 0.587037037037037 0.50859375 0.5921296296296297 0.5109375 0.5935185185185186 0.5135416666666667 0.6037037037037037 0.5236979166666667 0.6083333333333333 0.5291666666666667 0.612037037037037 0.53203125 0.6226851851851852 0.5434895833333333 0.6319444444444444 0.5520833333333334 0.6393518518518518 0.5604166666666667 0.6416666666666667 0.5622395833333333 0.6467592592592593 0.5684895833333333 0.6523148148148148 0.5734375 0.6546296296296297 0.5763020833333333 0.6569444444444444 0.5778645833333333 0.6620370370370371 0.58359375 0.6657407407407407 0.5864583333333333 0.6694444444444444 0.5880208333333333 0.6736111111111112 0.5885416666666666 0.6791666666666667 0.5877604166666667 0.6824074074074075 0.5861979166666667 0.6842592592592592 0.5841145833333333 0.6833333333333333 0.58046875 0.6796296296296296 0.57734375 0.675 0.571875 0.6722222222222223 0.5697916666666667 0.6699074074074074 0.5666666666666667 0.6592592592592592 0.5557291666666667 0.6523148148148148 0.5494791666666666 0.6333333333333333 0.5291666666666667 0.6273148148148148 0.5236979166666667 0.6111111111111112 0.5057291666666667 0.6101851851851852 0.5018229166666667 0.6148148148148148 0.49921875 0.6152777777777778 0.4984375 0.6148148148148148 0.49661458333333336 0.6125 0.4940104166666667 0.6111111111111112 0.49322916666666666 0.6055555555555555 0.49322916666666666 0.5990740740740741 0.4940104166666667 0.5944444444444444 0.49583333333333335
0 0.6657407407407407 0.4127604166666667 0.6643518518518519 0.4119791666666667 0.662962962962963 0.41171875 0.6620370370370371 0.41119791666666666 0.6597222222222222 0.41119791666666666 0.6592592592592592 0.4109375 0.6578703703703703 0.4109375 0.6574074074074074 0.41119791666666666 0.6564814814814814 0.41119791666666666 0.6541666666666667 0.4119791666666667 0.6532407407407408 0.4119791666666667 0.6523148148148148 0.4125 0.6518518518518519 0.4125 0.6509259259259259 0.41302083333333334 0.6504629629629629 0.41302083333333334 0.649537037037037 0.41354166666666664 0.649074074074074 0.41354166666666664 0.6476851851851851 0.41432291666666665 0.6462962962962963 0.41458333333333336 0.6439814814814815 0.415625 0.6416666666666667 0.4161458333333333 0.6393518518518518 0.41744791666666664 0.6388888888888888 0.41744791666666664 0.637962962962963 0.41796875 0.6375 0.41796875 0.6365740740740741 0.41848958333333336 0.6361111111111111 0.41848958333333336 0.6347222222222222 0.41901041666666666 0.6337962962962963 0.41901041666666666 0.6333333333333333 0.4192708333333333 0.6296296296296297 0.4192708333333333 0.6291666666666667 0.41901041666666666 0.6282407407407408 0.41901041666666666 0.6277777777777778 0.41875 0.6222222222222222 0.41875 0.6199074074074075 0.41953125 0.6189814814814815 0.41953125 0.6185185185185185 0.4197916666666667 0.6185185185185185 0.4200520833333333 0.6175925925925926 0.4205729166666667 0.6175925925925926 0.42083333333333334 0.6162037037037037 0.42161458333333335 0.6157407407407407 0.42161458333333335 0.6138888888888889 0.42265625 0.6134259259259259 0.42265625 0.6125 0.4231770833333333 0.612037037037037 0.4231770833333333 0.6111111111111112 0.4236979166666667 0.6106481481481482 0.4236979166666667 0.6106481481481482 0.4239583333333333 0.6083333333333333 0.42526041666666664 0.6078703703703704 0.42526041666666664 0.6064814814814815 0.42604166666666665 0.6064814814814815 0.42630208333333336 0.6050925925925926 0.4276041666666667 0.6050925925925926 0.42916666666666664 0.6055555555555555 0.42942708333333335 0.6055555555555555 0.4315104166666667 0.6060185185185185 0.4317708333333333 0.6060185185185185 0.4322916666666667 0.6064814814814815 0.43255208333333334 0.6074074074074074 0.43385416666666665 0.6083333333333333 0.434375 0.6083333333333333 0.43463541666666666 0.6092592592592593 0.43515625 0.6092592592592593 0.4354166666666667 0.6106481481481482 0.4361979166666667 0.6106481481481482 0.43645833333333334 0.6111111111111112 0.43671875 0.611574074074074 0.43671875 0.6125 0.43723958333333335 0.6129629629629629 0.43723958333333335 0.6152777777777778 0.43828125 0.6162037037037037 0.43828125 0.6189814814814815 0.4393229166666667 0.6231481481481481 0.4393229166666667 0.6236111111111111 0.4390625 0.6240740740740741 0.4390625 0.625 0.43854166666666666 0.6273148148148148 0.43802083333333336 0.6282407407407408 0.4375 0.6287037037037037 0.4375 0.6291666666666667 0.43723958333333335 0.6300925925925925 0.43723958333333335 0.6305555555555555 0.43697916666666664 0.6310185185185185 0.43697916666666664 0.6319444444444444 0.43645833333333334 0.6324074074074074 0.43645833333333334 0.6328703703703704 0.4361979166666667 0.6333333333333333 0.4361979166666667 0.6342592592592593 0.4356770833333333 0.6347222222222222 0.4356770833333333 0.6388888888888888 0.43359375 0.6388888888888888 0.43333333333333335 0.6398148148148148 0.4328125 0.6398148148148148 0.43255208333333334 0.6407407407407407 0.4317708333333333 0.6407407407407407 0.43125 0.6412037037037037 0.4309895833333333 0.6412037037037037 0.43046875 0.6416666666666667 0.43020833333333336 0.6421296296296296 0.42942708333333335 0.6458333333333334 0.42734375 0.6462962962962963 0.42734375 0.65 0.42526041666666664 0.6504629629629629 0.42526041666666664 0.6527777777777778 0.42421875 0.6550925925925926 0.4236979166666667 0.6560185185185186 0.4231770833333333 0.6574074074074074 0.42291666666666666 0.6587962962962963 0.42213541666666665 0.6592592592592592 0.42213541666666665 0.6606481481481481 0.42135416666666664 0.6611111111111111 0.42135416666666664 0.6652777777777777 0.41901041666666666 0.6652777777777777 0.41875 0.6662037037037037 0.41822916666666665 0.6662037037037037 0.41796875 0.6671296296296296 0.4171875 0.6671296296296296 0.4166666666666667 0.6675925925925926 0.41640625 0.6675925925925926 0.41510416666666666 0.6671296296296296 0.41484375 0.6671296296296296 0.41432291666666665 0.6666666666666666 0.4140625
0 0.6638888888888889 0.4747395833333333 0.6638888888888889 0.4752604166666667 0.662962962962963 0.47604166666666664 0.662962962962963 0.4765625 0.6625 0.47682291666666665 0.6625 0.47734375 0.6620370370370371 0.47760416666666666 0.6620370370370371 0.478125 0.6615740740740741 0.4783854166666667 0.6615740740740741 0.47890625 0.6611111111111111 0.4791666666666667 0.6611111111111111 0.47994791666666664 0.6606481481481481 0.48020833333333335 0.6606481481481481 0.48098958333333336 0.6601851851851852 0.48125 0.6601851851851852 0.48203125 0.6597222222222222 0.4822916666666667 0.6601851851851852 0.4825520833333333 0.6601851851851852 0.48359375 0.6606481481481481 0.48385416666666664 0.6606481481481481 0.48463541666666665 0.6611111111111111 0.48489583333333336 0.6611111111111111 0.4856770833333333 0.6615740740740741 0.4859375 0.6615740740740741 0.4861979166666667 0.6657407407407407 0.48802083333333335 0.6671296296296296 0.48802083333333335 0.6675925925925926 0.48828125 0.6694444444444444 0.48828125 0.6699074074074074 0.48854166666666665 0.6722222222222223 0.48854166666666665 0.6726851851851852 0.48880208333333336 0.674074074074074 0.48880208333333336 0.6773148148148148 0.48984375 0.6782407407407407 0.48984375 0.6787037037037037 0.4901041666666667 0.6800925925925926 0.4901041666666667 0.6805555555555556 0.4903645833333333 0.6828703703703703 0.4903645833333333 0.6833333333333333 0.4901041666666667 0.687037037037037 0.4901041666666667 0.6875 0.48984375 0.6907407407407408 0.48984375 0.6912037037037037 0.4901041666666667 0.6939814814814815 0.4901041666666667 0.6944444444444444 0.4903645833333333 0.6958333333333333 0.4903645833333333 0.6962962962962963 0.490625 0.6981481481481482 0.490625 0.6986111111111111 0.4908854166666667 0.6995370370370371 0.4908854166666667 0.7 0.49114583333333334 0.7013888888888888 0.49114583333333334 0.7018518518518518 0.49140625 0.7027777777777777 0.49140625 0.7032407407407407 0.49166666666666664 0.7046296296296296 0.49166666666666664 0.7050925925925926 0.49192708333333335 0.7060185185185185 0.49192708333333335 0.7064814814814815 0.4921875 0.7074074074074074 0.4921875 0.7078703703703704 0.49244791666666665 0.7087962962962963 0.49244791666666665 0.7092592592592593 0.49270833333333336 0.7111111111111111 0.49270833333333336 0.711574074074074 0.49296875 0.7129629629629629 0.49296875 0.7134259259259259 0.49322916666666666 0.7143518518518519 0.49322916666666666 0.7148148148148148 0.4934895833333333 0.7157407407407408 0.4934895833333333 0.7162037037037037 0.49375 0.7245370370370371 0.49375 0.725925925925926 0.49296875 0.725925925925926 0.49270833333333336 0.7268518518518519 0.4921875 0.7268518518518519 0.49192708333333335 0.7282407407407407 0.4908854166666667 0.7282407407407407 0.4903645833333333 0.7287037037037037 0.4901041666666667 0.7287037037037037 0.4875 0.7282407407407407 0.48723958333333334 0.7282407407407407 0.4859375 0.7263888888888889 0.48463541666666665 0.725925925925926 0.48463541666666665 0.7245370370370371 0.48385416666666664 0.7231481481481481 0.48385416666666664 0.7226851851851852 0.48359375 0.7212962962962963 0.48359375 0.7208333333333333 0.48333333333333334 0.7194444444444444 0.48333333333333334 0.7189814814814814 0.4830729166666667 0.7180555555555556 0.4830729166666667 0.7175925925925926 0.4828125 0.7166666666666667 0.4828125 0.7162037037037037 0.4825520833333333 0.7148148148148148 0.4825520833333333 0.7143518518518519 0.4822916666666667 0.7129629629629629 0.4822916666666667 0.7125 0.48203125 0.7106481481481481 0.48203125 0.7101851851851851 0.4817708333333333 0.7087962962962963 0.4817708333333333 0.7074074074074074 0.48125 0.7064814814814815 0.48125 0.7055555555555556 0.48072916666666665 0.7050925925925926 0.48072916666666665 0.7037037037037037 0.48020833333333335 0.7027777777777777 0.48020833333333335 0.7013888888888888 0.4796875 0.700462962962963 0.4796875 0.7 0.47942708333333334 0.6976851851851852 0.47890625 0.6953703703703704 0.47760416666666666 0.6953703703703704 0.47734375 0.6939814814814815 0.4765625 0.6939814814814815 0.47630208333333335 0.6930555555555555 0.47578125 0.6925925925925925 0.475 0.6902777777777778 0.47369791666666666 0.6898148148148148 0.47369791666666666 0.6893518518518519 0.4734375 0.6884259259259259 0.4734375 0.687962962962963 0.47317708333333336 0.6856481481481481 0.47317708333333336 0.6851851851851852 0.47291666666666665 0.6847222222222222 0.47317708333333336 0.6819444444444445 0.47317708333333336 0.6814814814814815 0.4734375 0.6810185185185185 0.47317708333333336 0.6800925925925926 0.47317708333333336 0.6787037037037037 0.47265625 0.6763888888888889 0.47239583333333335 0.6759259259259259 0.47213541666666664 0.6754629629629629 0.47213541666666664 0.675 0.471875 0.674074074074074 0.471875 0.6736111111111112 0.47161458333333334 0.6708333333333333 0.47161458333333334 0.6703703703703704 0.4713541666666667 0.6699074074074074 0.4713541666666667 0.6694444444444444 0.47161458333333334 0.6689814814814815 0.47161458333333334 0.6675925925925926 0.47239583333333335 0.6671296296296296 0.47239583333333335 0.6652777777777777 0.4734375 0.6652777777777777 0.47369791666666666
4 0.7240740740740741 0.24427083333333333 0.7194444444444444 0.24401041666666667 0.7189814814814814 0.24427083333333333 0.7171296296296297 0.24453125 0.7138888888888889 0.24609375 0.711574074074074 0.24661458333333333 0.7087962962962963 0.24791666666666667 0.7083333333333334 0.25 0.7078703703703704 0.25026041666666665 0.7078703703703704 0.2518229166666667 0.7027777777777777 0.2559895833333333 0.7023148148148148 0.2559895833333333 0.700925925925926 0.25677083333333334 0.6995370370370371 0.25703125 0.6986111111111111 0.25755208333333335 0.6972222222222222 0.2578125 0.6962962962962963 0.25833333333333336 0.6949074074074074 0.25859375 0.6898148148148148 0.26067708333333334 0.6884259259259259 0.2609375 0.6865740740740741 0.26197916666666665 0.6828703703703703 0.26328125 0.6814814814814815 0.2640625 0.6796296296296296 0.2643229166666667 0.6782407407407407 0.26484375 0.6773148148148148 0.26484375 0.674537037037037 0.265625 0.6712962962962963 0.2669270833333333 0.6689814814814815 0.2674479166666667 0.6648148148148149 0.26927083333333335 0.6638888888888889 0.2703125 0.6638888888888889 0.27109375 0.663425925925926 0.2713541666666667 0.663425925925926 0.271875 0.6638888888888889 0.2721354166666667 0.6638888888888889 0.2755208333333333 0.6643518518518519 0.27578125 0.6652777777777777 0.27786458333333336 0.6680555555555555 0.2796875 0.6699074074074074 0.28151041666666665 0.6726851851851852 0.2830729166666667 0.6736111111111112 0.2833333333333333 0.6805555555555556 0.2833333333333333 0.6810185185185185 0.2830729166666667 0.6828703703703703 0.2830729166666667 0.6856481481481481 0.28229166666666666 0.687037037037037 0.28151041666666665 0.6939814814814815 0.2796875 0.6962962962962963 0.2786458333333333 0.7064814814814815 0.27578125 0.7074074074074074 0.27578125 0.7087962962962963 0.2752604166666667 0.7097222222222223 0.2752604166666667 0.7111111111111111 0.2747395833333333 0.712037037037037 0.2747395833333333 0.7143518518518519 0.27395833333333336 0.7180555555555556 0.2734375 0.7194444444444444 0.27291666666666664 0.7222222222222222 0.27291666666666664 0.7226851851851852 0.27317708333333335 0.7240740740740741 0.27317708333333335 0.725925925925926 0.27369791666666665 0.7282407407407407 0.2747395833333333 0.7291666666666666 0.2747395833333333 0.7296296296296296 0.27447916666666666 0.7314814814814815 0.27447916666666666 0.7319444444444444 0.27421875 0.7356481481481482 0.27421875 0.7393518518518518 0.2721354166666667 0.7416666666666667 0.2713541666666667 0.7425925925925926 0.2703125 0.7430555555555556 0.26901041666666664 0.7444444444444445 0.2674479166666667 0.7439814814814815 0.2671875 0.7439814814814815 0.26640625 0.7435185185185185 0.26614583333333336 0.7435185185185185 0.26458333333333334 0.7430555555555556 0.2643229166666667 0.7430555555555556 0.26328125 0.7416666666666667 0.26171875 0.7416666666666667 0.26119791666666664 0.7412037037037037 0.2609375 0.7398148148148148 0.25807291666666665 0.7388888888888889 0.25729166666666664 0.7388888888888889 0.25677083333333334 0.7379629629629629 0.2559895833333333 0.7379629629629629 0.25546875 0.737037037037037 0.25442708333333336 0.7342592592592593 0.25234375 0.7324074074074074 0.25 0.7305555555555555 0.24869791666666666 0.7300925925925926 0.24791666666666667 0.7291666666666666 0.24739583333333334 0.7291666666666666 0.24713541666666666 0.7282407407407407 0.24661458333333333 0.7277777777777777 0.24661458333333333
3 0.6976851851851852 0.24010416666666667 0.6962962962962963 0.23958333333333334 0.6907407407407408 0.23619791666666667 0.6898148148148148 0.2359375 0.6856481481481481 0.2359375 0.6851851851851852 0.23619791666666667 0.6842592592592592 0.23619791666666667 0.6777777777777778 0.23958333333333334 0.674537037037037 0.24453125 0.6736111111111112 0.24505208333333334 0.6717592592592593 0.2453125 0.6694444444444444 0.24635416666666668 0.6657407407407407 0.24973958333333332 0.6583333333333333 0.2518229166666667 0.6555555555555556 0.253125 0.65 0.2546875 0.6462962962962963 0.2565104166666667 0.6421296296296296 0.2578125 0.6398148148148148 0.2591145833333333 0.637962962962963 0.2596354166666667 0.6324074074074074 0.26223958333333336 0.6287037037037037 0.26328125 0.6268518518518519 0.2643229166666667 0.6236111111111111 0.26458333333333334 0.6194444444444445 0.26666666666666666 0.6152777777777778 0.2674479166666667 0.6148148148148148 0.26796875 0.6148148148148148 0.26875 0.6143518518518518 0.26901041666666664 0.6143518518518518 0.27005208333333336 0.6138888888888889 0.2703125 0.6138888888888889 0.27265625 0.6143518518518518 0.27291666666666664 0.6148148148148148 0.27421875 0.6171296296296296 0.2760416666666667 0.6194444444444445 0.27734375 0.6231481481481481 0.27734375 0.6263888888888889 0.278125 0.6296296296296297 0.27760416666666665 0.6337962962962963 0.2760416666666667 0.6351851851851852 0.27578125 0.6388888888888888 0.27395833333333336 0.6421296296296296 0.27317708333333335 0.6518518518518519 0.26927083333333335 0.6578703703703703 0.26796875 0.6592592592592592 0.26796875 0.6597222222222222 0.2682291666666667 0.662962962962963 0.2682291666666667 0.6648148148148149 0.2677083333333333 0.6662037037037037 0.2677083333333333 0.6666666666666666 0.2674479166666667 0.6689814814814815 0.2671875 0.6717592592592593 0.26614583333333336 0.6736111111111112 0.26510416666666664 0.6773148148148148 0.2640625 0.6819444444444445 0.2635416666666667 0.6865740740740741 0.26119791666666664 0.6916666666666667 0.2596354166666667 0.6939814814814815 0.25859375 0.6958333333333333 0.25807291666666665 0.6967592592592593 0.25807291666666665 0.7018518518518518 0.2565104166666667 0.7050925925925926 0.2559895833333333 0.7069444444444445 0.25364583333333335 0.7087962962962963 0.25234375 0.7087962962962963 0.2513020833333333 0.7074074074074074 0.25052083333333336 0.7050925925925926 0.24765625 0.7041666666666667 0.24713541666666666 0.7018518518518518 0.24453125 0.7013888888888888 0.24348958333333334 0.6986111111111111 0.24140625
2 0.7282407407407407 0.3026041666666667 0.7263888888888889 0.30390625 0.7245370370370371 0.30442708333333335 0.7212962962962963 0.30625 0.7203703703703703 0.3065104166666667 0.7203703703703703 0.30703125 0.7189814814814814 0.30833333333333335 0.7152777777777778 0.3104166666666667 0.7152777777777778 0.3109375 0.7138888888888889 0.31223958333333335 0.7087962962962963 0.31536458333333334 0.7069444444444445 0.31744791666666666 0.7055555555555556 0.3182291666666667 0.7050925925925926 0.31927083333333334 0.7046296296296296 0.31953125 0.7046296296296296 0.32005208333333335 0.7032407407407407 0.3216145833333333 0.7023148148148148 0.3221354166666667 0.7032407407407407 0.3260416666666667 0.7037037037037037 0.3260416666666667 0.7083333333333334 0.32890625 0.7101851851851851 0.3294270833333333 0.7111111111111111 0.3294270833333333 0.7125 0.3299479166666667 0.7231481481481481 0.3299479166666667 0.7236111111111111 0.3302083333333333 0.725462962962963 0.3302083333333333 0.725925925925926 0.33046875 0.7282407407407407 0.3307291666666667 0.7305555555555555 0.33151041666666664 0.7314814814814815 0.33151041666666664 0.7328703703703704 0.33203125 0.7337962962962963 0.33203125 0.736574074074074 0.3328125 0.7384259259259259 0.3338541666666667 0.7398148148148148 0.3341145833333333 0.7421296296296296 0.33515625 0.7435185185185185 0.33541666666666664 0.7444444444444445 0.3359375 0.7490740740740741 0.3375 0.750462962962963 0.33828125 0.7509259259259259 0.33828125 0.7560185185185185 0.34036458333333336 0.7574074074074074 0.340625 0.7597222222222222 0.3419270833333333 0.7620370370370371 0.3424479166666667 0.762962962962963 0.34296875 0.7657407407407407 0.34296875 0.7662037037037037 0.34322916666666664 0.7675925925925926 0.34322916666666664 0.7712962962962963 0.3421875 0.7712962962962963 0.3419270833333333 0.7763888888888889 0.3390625 0.7777777777777778 0.3375 0.7796296296296297 0.33619791666666665 0.7814814814814814 0.3341145833333333 0.7814814814814814 0.33307291666666666 0.7819444444444444 0.3328125 0.7819444444444444 0.33125 0.7824074074074074 0.33098958333333334 0.7824074074074074 0.3296875 0.7814814814814814 0.32916666666666666 0.7800925925925926 0.32734375 0.7777777777777778 0.32578125 0.7731481481481481 0.32421875 0.7712962962962963 0.32317708333333334 0.7708333333333334 0.32317708333333334 0.7680555555555556 0.321875 0.7666666666666667 0.3216145833333333 0.763425925925926 0.32005208333333335 0.7615740740740741 0.31953125 0.7587962962962963 0.31796875 0.7574074074074074 0.3177083333333333 0.7564814814814815 0.3171875 0.7546296296296297 0.31666666666666665 0.7513888888888889 0.3151041666666667 0.7490740740740741 0.3145833333333333 0.7458333333333333 0.31276041666666665 0.7439814814814815 0.3104166666666667 0.7439814814814815 0.30625 0.7435185185185185 0.3059895833333333 0.7430555555555556 0.3059895833333333 0.7416666666666667 0.30520833333333336 0.7388888888888889 0.30442708333333335 0.7379629629629629 0.30390625 0.737037037037037 0.30390625 0.7324074074074074 0.3026041666666667
0 0.7583333333333333 0.26927083333333335 0.7560185185185185 0.26927083333333335 0.7555555555555555 0.26901041666666664 0.7550925925925925 0.26927083333333335 0.7537037037037037 0.26927083333333335 0.7532407407407408 0.26953125 0.7523148148148148 0.26953125 0.7518518518518519 0.26979166666666665 0.7509259259259259 0.26979166666666665 0.750462962962963 0.27005208333333336 0.749537037037037 0.27005208333333336 0.7490740740740741 0.2703125 0.7486111111111111 0.2703125 0.7472222222222222 0.27109375 0.7467592592592592 0.27109375 0.7467592592592592 0.2713541666666667 0.7458333333333333 0.271875 0.7458333333333333 0.2721354166666667 0.7453703703703703 0.27239583333333334 0.7453703703703703 0.27291666666666664 0.7449074074074075 0.27317708333333335 0.7449074074074075 0.27395833333333336 0.7444444444444445 0.27421875 0.7444444444444445 0.2755208333333333 0.7425925925925926 0.27708333333333335 0.7425925925925926 0.27760416666666665 0.7421296296296296 0.27786458333333336 0.7421296296296296 0.2786458333333333 0.7416666666666667 0.27890625 0.7416666666666667 0.2794270833333333 0.7398148148148148 0.28046875 0.7388888888888889 0.28046875 0.7384259259259259 0.28072916666666664 0.736574074074074 0.28072916666666664 0.7356481481481482 0.28125 0.7356481481481482 0.28151041666666665 0.7347222222222223 0.28203125 0.7347222222222223 0.28229166666666666 0.7337962962962963 0.2828125 0.7337962962962963 0.2830729166666667 0.7305555555555555 0.28489583333333335 0.7305555555555555 0.28515625 0.7296296296296296 0.28567708333333336 0.7296296296296296 0.2859375 0.7287037037037037 0.28671875 0.7287037037037037 0.2872395833333333 0.7282407407407407 0.2875 0.7282407407407407 0.28802083333333334 0.7277777777777777 0.28828125 0.7277777777777777 0.28880208333333335 0.7273148148148149 0.2890625 0.7273148148148149 0.28958333333333336 0.7268518518518519 0.28984375 0.7268518518518519 0.290625 0.7263888888888889 0.2908854166666667 0.7263888888888889 0.29192708333333334 0.725925925925926 0.2921875 0.725925925925926 0.29322916666666665 0.725462962962963 0.29348958333333336 0.725462962962963 0.29453125 0.725 0.2947916666666667 0.725 0.29921875 0.725462962962963 0.2994791666666667 0.7263888888888889 0.30078125 0.7287037037037037 0.3020833333333333 0.7296296296296296 0.3020833333333333 0.7300925925925926 0.30234375 0.7310185185185185 0.30234375 0.7333333333333333 0.303125 0.7342592592592593 0.303125 0.7347222222222223 0.3033854166666667 0.7356481481481482 0.3033854166666667 0.7361111111111112 0.30364583333333334 0.736574074074074 0.30364583333333334 0.7375 0.30416666666666664 0.7379629629629629 0.30416666666666664 0.7388888888888889 0.3046875 0.7393518518518518 0.3046875 0.7402777777777778 0.30520833333333336 0.7412037037037037 0.30520833333333336 0.7416666666666667 0.30546875 0.7421296296296296 0.30546875 0.7435185185185185 0.30625 0.7439814814814815 0.30625 0.7458333333333333 0.30520833333333336 0.7462962962962963 0.30520833333333336 0.7472222222222222 0.3046875 0.7476851851851852 0.3046875 0.7518518518518519 0.30234375 0.7518518518518519 0.3020833333333333 0.7537037037037037 0.30026041666666664 0.7537037037037037 0.29973958333333334 0.7541666666666667 0.2994791666666667 0.7550925925925925 0.2981770833333333 0.7560185185185185 0.29765625 0.7560185185185185 0.29739583333333336 0.7569444444444444 0.296875 0.7569444444444444 0.29661458333333335 0.7587962962962963 0.2953125 0.7587962962962963 0.2950520833333333 0.7592592592592593 0.2947916666666667 0.7592592592592593 0.2942708333333333 0.7597222222222222 0.29401041666666666 0.7597222222222222 0.29322916666666665 0.7601851851851852 0.29296875 0.7601851851851852 0.2916666666666667 0.7606481481481482 0.29140625 0.7606481481481482 0.28932291666666665 0.7601851851851852 0.2890625 0.7601851851851852 0.2830729166666667 0.7606481481481482 0.2828125 0.7606481481481482 0.28229166666666666 0.7611111111111111 0.28203125 0.7611111111111111 0.28151041666666665 0.7615740740740741 0.28125 0.7615740740740741 0.28046875 0.7620370370370371 0.28020833333333334 0.7620370370370371 0.2794270833333333 0.7625 0.2791666666666667 0.7625 0.278125 0.762962962962963 0.27786458333333336 0.762962962962963 0.27708333333333335 0.763425925925926 0.27682291666666664 0.763425925925926 0.2760416666666667 0.7638888888888888 0.27578125 0.7638888888888888 0.27317708333333335 0.7643518518518518 0.27291666666666664 0.7643518518518518 0.2713541666666667 0.763425925925926 0.2708333333333333 0.763425925925926 0.27057291666666666 0.762962962962963 0.27057291666666666 0.7620370370370371 0.27005208333333336 0.7615740740740741 0.27005208333333336 0.7601851851851852 0.26953125 0.7587962962962963 0.26953125
5 0.7717592592592593 0.3450520833333333 0.7708333333333334 0.3450520833333333 0.7703703703703704 0.3453125 0.7699074074074074 0.3453125 0.7694444444444445 0.3455729166666667 0.7685185185185185 0.3455729166666667 0.7680555555555556 0.3458333333333333 0.7666666666666667 0.3458333333333333 0.7662037037037037 0.34609375 0.7648148148148148 0.34609375 0.7643518518518518 0.3463541666666667 0.762962962962963 0.3463541666666667 0.7606481481481482 0.34713541666666664 0.7597222222222222 0.34713541666666664 0.7587962962962963 0.34765625 0.7583333333333333 0.34765625 0.7578703703703704 0.34791666666666665 0.7564814814814815 0.34817708333333336 0.7555555555555555 0.34869791666666666 0.7550925925925925 0.34869791666666666 0.7513888888888889 0.35078125 0.7513888888888889 0.35104166666666664 0.75 0.35182291666666665 0.75 0.35208333333333336 0.7481481481481481 0.3533854166666667 0.7481481481481481 0.35390625 0.7476851851851852 0.3541666666666667 0.7476851851851852 0.3546875 0.7472222222222222 0.35494791666666664 0.7472222222222222 0.35546875 0.7467592592592592 0.35572916666666665 0.7467592592592592 0.35625 0.7462962962962963 0.35651041666666666 0.7462962962962963 0.3572916666666667 0.7458333333333333 0.3575520833333333 0.7458333333333333 0.36041666666666666 0.7453703703703703 0.3606770833333333 0.7453703703703703 0.3611979166666667 0.7458333333333333 0.3614583333333333 0.7458333333333333 0.3625 0.7462962962962963 0.36276041666666664 0.7462962962962963 0.36380208333333336 0.7467592592592592 0.3640625 0.7467592592592592 0.3651041666666667 0.7472222222222222 0.3653645833333333 0.7476851851851852 0.36666666666666664 0.7490740740740741 0.36796875 0.7490740740740741 0.3684895833333333 0.749537037037037 0.36875 0.750462962962963 0.37005208333333334 0.7518518518518519 0.37083333333333335 0.7518518518518519 0.37109375 0.7523148148148148 0.37135416666666665 0.7527777777777778 0.37135416666666665 0.7564814814814815 0.3734375 0.7569444444444444 0.3734375 0.7592592592592593 0.37421875 0.7601851851851852 0.37421875 0.7606481481481482 0.37447916666666664 0.7615740740740741 0.37447916666666664 0.7620370370370371 0.37473958333333335 0.7643518518518518 0.375 0.7675925925925926 0.37604166666666666 0.7680555555555556 0.37604166666666666 0.7685185185185185 0.37578125 0.7712962962962963 0.37578125 0.7717592592592593 0.37552083333333336 0.7800925925925926 0.37552083333333336 0.7805555555555556 0.37526041666666665 0.7833333333333333 0.37526041666666665 0.7837962962962963 0.375 0.7851851851851852 0.375 0.7856481481481481 0.37473958333333335 0.7870370370370371 0.37447916666666664 0.787962962962963 0.37395833333333334 0.788425925925926 0.37395833333333334 0.7958333333333333 0.3697916666666667 0.7958333333333333 0.36953125 0.7972222222222223 0.36875 0.7972222222222223 0.3684895833333333 0.7976851851851852 0.36822916666666666 0.7976851851851852 0.36796875 0.7986111111111112 0.36744791666666665 0.7986111111111112 0.36692708333333335 0.8 0.365625 0.8 0.3651041666666667 0.8004629629629629 0.36484375 0.8004629629629629 0.36380208333333336 0.8009259259259259 0.36354166666666665 0.8009259259259259 0.36223958333333334 0.8013888888888889 0.3619791666666667 0.8013888888888889 0.3575520833333333 0.8009259259259259 0.3572916666666667 0.8009259259259259 0.3567708333333333 0.8 0.35598958333333336 0.8 0.35546875 0.799074074074074 0.3546875 0.799074074074074 0.3541666666666667 0.7986111111111112 0.35390625 0.7981481481481482 0.353125 0.7953703703703704 0.3515625 0.7953703703703704 0.35130208333333335 0.7944444444444444 0.35078125 0.7939814814814815 0.35078125 0.7916666666666666 0.34921875 0.7912037037037037 0.34921875 0.7902777777777777 0.34869791666666666 0.7898148148148149 0.34869791666666666 0.7888888888888889 0.34817708333333336 0.788425925925926 0.34817708333333336 0.7870370370370371 0.34739583333333335 0.7865740740740741 0.34739583333333335 0.7861111111111111 0.34713541666666664 0.7851851851851852 0.34713541666666664 0.7847222222222222 0.346875 0.7837962962962963 0.346875 0.7833333333333333 0.34661458333333334 0.7824074074074074 0.34661458333333334 0.7819444444444444 0.3463541666666667 0.7810185185185186 0.3463541666666667 0.7805555555555556 0.34609375 0.7796296296296297 0.34609375 0.7791666666666667 0.3458333333333333 0.7759259259259259 0.3458333333333333 0.7754629629629629 0.3455729166666667 0.7736111111111111 0.3455729166666667 0.7731481481481481 0.3453125 0.7722222222222223 0.3453125
5 0.7662037037037037 0.37578125 0.7657407407407407 0.37604166666666666 0.7648148148148148 0.37604166666666666 0.7643518518518518 0.3763020833333333 0.763425925925926 0.3763020833333333 0.762962962962963 0.3765625 0.7625 0.3765625 0.7625 0.3768229166666667 0.7620370370370371 0.3770833333333333 0.7597222222222222 0.3776041666666667 0.7569444444444444 0.37890625 0.7564814814814815 0.37890625 0.7541666666666667 0.38046875 0.7541666666666667 0.3807291666666667 0.7537037037037037 0.3809895833333333 0.7537037037037037 0.3815104166666667 0.7523148148148148 0.3828125 0.7523148148148148 0.38333333333333336 0.7518518518518519 0.38359375 0.7518518518518519 0.3841145833333333 0.7513888888888889 0.384375 0.7513888888888889 0.3848958333333333 0.7509259259259259 0.38515625 0.7509259259259259 0.3859375 0.750462962962963 0.38619791666666664 0.750462962962963 0.38697916666666665 0.75 0.38723958333333336 0.75 0.3880208333333333 0.749537037037037 0.38828125 0.749537037037037 0.39375 0.75 0.39401041666666664 0.75 0.3953125 0.750462962962963 0.39557291666666666 0.750462962962963 0.3963541666666667 0.7509259259259259 0.3966145833333333 0.7509259259259259 0.3971354166666667 0.7523148148148148 0.39817708333333335 0.7523148148148148 0.3984375 0.7532407407407408 0.39895833333333336 0.7532407407407408 0.39921875 0.7541666666666667 0.3997395833333333 0.7541666666666667 0.4 0.7550925925925925 0.4005208333333333 0.7550925925925925 0.40078125 0.7560185185185185 0.40130208333333334 0.7564814814814815 0.40130208333333334 0.7592592592592593 0.40286458333333336 0.7597222222222222 0.40286458333333336 0.763425925925926 0.4044270833333333 0.7643518518518518 0.4044270833333333 0.7648148148148148 0.4046875 0.7662037037037037 0.4046875 0.7666666666666667 0.4049479166666667 0.7689814814814815 0.40520833333333334 0.7703703703703704 0.40572916666666664 0.7722222222222223 0.40572916666666664 0.7726851851851851 0.40598958333333335 0.774537037037037 0.40598958333333335 0.775 0.40625 0.7824074074074074 0.40625 0.7828703703703703 0.40598958333333335 0.7847222222222222 0.40598958333333335 0.7851851851851852 0.40572916666666664 0.7870370370370371 0.40572916666666664 0.7875 0.40546875 0.787962962962963 0.40546875 0.7893518518518519 0.4049479166666667 0.7902777777777777 0.4049479166666667 0.7907407407407407 0.4046875 0.7930555555555555 0.4041666666666667 0.7939814814814815 0.4036458333333333 0.7944444444444444 0.4036458333333333 0.7981481481481482 0.4015625 0.7986111111111112 0.4015625 0.799074074074074 0.40130208333333334 0.799074074074074 0.4010416666666667 0.8004629629629629 0.4002604166666667 0.8004629629629629 0.4 0.8013888888888889 0.39947916666666666 0.8018518518518518 0.39869791666666665 0.8027777777777778 0.39817708333333335 0.8027777777777778 0.39791666666666664 0.8041666666666667 0.3966145833333333 0.8041666666666667 0.3958333333333333 0.8046296296296296 0.39557291666666666 0.8046296296296296 0.39479166666666665 0.8050925925925926 0.39453125 0.8050925925925926 0.39375 0.8055555555555556 0.39348958333333334 0.8055555555555556 0.3885416666666667 0.8050925925925926 0.38828125 0.8050925925925926 0.3875 0.8046296296296296 0.38723958333333336 0.8046296296296296 0.38671875 0.8037037037037037 0.3859375 0.8037037037037037 0.3854166666666667 0.8032407407407407 0.38515625 0.8032407407407407 0.3848958333333333 0.8027777777777778 0.3846354166666667 0.8013888888888889 0.3828125 0.8004629629629629 0.38229166666666664 0.8004629629629629 0.38203125 0.799537037037037 0.3815104166666667 0.799537037037037 0.38125 0.7949074074074074 0.37890625 0.7944444444444444 0.37890625 0.7935185185185185 0.37838541666666664 0.7921296296296296 0.378125 0.7912037037037037 0.3776041666666667 0.7907407407407407 0.3776041666666667 0.7898148148148149 0.3770833333333333 0.7893518518518519 0.3770833333333333 0.7888888888888889 0.3768229166666667 0.7888888888888889 0.3765625 0.7875 0.37578125 0.7870370370370371 0.37578125 0.7865740740740741 0.37552083333333336 0.7856481481481481 0.37552083333333336 0.7851851851851852 0.37578125 0.7824074074074074 0.37578125 0.7819444444444444 0.37552083333333336 0.7810185185185186 0.37552083333333336 0.7805555555555556 0.37526041666666665 0.7796296296296297 0.37526041666666665 0.7791666666666667 0.375 0.7773148148148148 0.375 0.7768518518518519 0.37526041666666665 0.7731481481481481 0.37526041666666665 0.7726851851851851 0.37552083333333336 0.7685185185185185 0.37552083333333336 0.7680555555555556 0.37578125
0 0.762962962962963 0.6315104166666666 0.762962962962963 0.6317708333333333 0.7615740740740741 0.6325520833333333 0.7615740740740741 0.6328125 0.7583333333333333 0.6346354166666667 0.7578703703703704 0.6354166666666666 0.7564814814814815 0.6361979166666667 0.7564814814814815 0.6364583333333333 0.7555555555555555 0.6369791666666667 0.7555555555555555 0.6372395833333333 0.7546296296296297 0.6380208333333334 0.7546296296296297 0.6390625 0.7541666666666667 0.6393229166666666 0.7541666666666667 0.6427083333333333 0.7550925925925925 0.6432291666666666 0.7550925925925925 0.6434895833333333 0.7560185185185185 0.6440104166666667 0.7564814814814815 0.6440104166666667 0.7601851851851852 0.64609375 0.7606481481481482 0.64609375 0.7615740740740741 0.6466145833333333 0.762962962962963 0.646875 0.7662037037037037 0.6486979166666667 0.7662037037037037 0.6489583333333333 0.7671296296296296 0.6497395833333334 0.7671296296296296 0.6502604166666667 0.7680555555555556 0.65078125 0.7685185185185185 0.65078125 0.7712962962962963 0.6520833333333333 0.7726851851851851 0.6520833333333333 0.7731481481481481 0.65234375 0.7759259259259259 0.65234375 0.7763888888888889 0.6526041666666667 0.7787037037037037 0.6526041666666667 0.7791666666666667 0.6528645833333333 0.7837962962962963 0.6528645833333333 0.7842592592592592 0.653125 0.7865740740740741 0.6533854166666667 0.7888888888888889 0.6546875 0.7893518518518519 0.6546875 0.7902777777777777 0.6552083333333333 0.7912037037037037 0.6552083333333333 0.7916666666666666 0.65546875 0.7939814814814815 0.6559895833333333 0.7949074074074074 0.6565104166666667 0.7953703703703704 0.6565104166666667 0.7976851851851852 0.6578125 0.7981481481481482 0.6578125 0.799537037037037 0.65859375 0.8 0.65859375 0.8009259259259259 0.6591145833333333 0.8013888888888889 0.6591145833333333 0.8027777777777778 0.6598958333333333 0.8032407407407407 0.6598958333333333 0.8046296296296296 0.6606770833333333 0.8050925925925926 0.6606770833333333 0.8069444444444445 0.6614583333333334 0.8083333333333333 0.6614583333333334 0.8087962962962963 0.66171875 0.8097222222222222 0.66171875 0.8101851851851852 0.6619791666666667 0.8106481481481481 0.66171875 0.8134259259259259 0.66171875 0.8138888888888889 0.6614583333333334 0.8148148148148148 0.6614583333333334 0.8152777777777778 0.6611979166666667 0.8175925925925925 0.6606770833333333 0.8185185185185185 0.66015625 0.8185185185185185 0.6598958333333333 0.8194444444444444 0.6591145833333333 0.8199074074074074 0.6578125 0.8194444444444444 0.6575520833333334 0.8194444444444444 0.6565104166666667 0.8189814814814815 0.65625 0.8189814814814815 0.65546875 0.8185185185185185 0.6552083333333333 0.8185185185185185 0.6544270833333333 0.8180555555555555 0.6541666666666667 0.8180555555555555 0.65390625 0.8171296296296297 0.6533854166666667 0.8166666666666667 0.6533854166666667 0.812962962962963 0.6513020833333333 0.8125 0.6513020833333333 0.8106481481481481 0.6502604166666667 0.8101851851851852 0.6502604166666667 0.8087962962962963 0.6494791666666667 0.8083333333333333 0.6494791666666667 0.8074074074074075 0.6489583333333333 0.8069444444444445 0.6489583333333333 0.8050925925925926 0.6479166666666667 0.8046296296296296 0.6479166666666667 0.8023148148148148 0.6463541666666667 0.8018518518518518 0.6463541666666667 0.8009259259259259 0.6458333333333334 0.8004629629629629 0.6458333333333334 0.799537037037037 0.6453125 0.799074074074074 0.6453125 0.7972222222222223 0.6442708333333333 0.7972222222222223 0.6440104166666667 0.7962962962962963 0.6434895833333333 0.7962962962962963 0.6432291666666666 0.7953703703703704 0.6424479166666667 0.7953703703703704 0.6416666666666667 0.7949074074074074 0.64140625 0.7949074074074074 0.6408854166666667 0.7944444444444444 0.640625 0.7944444444444444 0.63984375 0.7939814814814815 0.6395833333333333 0.7939814814814815 0.6390625 0.7935185185185185 0.6388020833333333 0.7930555555555555 0.6380208333333334 0.7912037037037037 0.63671875 0.7907407407407407 0.6359375 0.7898148148148149 0.6359375 0.788425925925926 0.6354166666666666 0.7875 0.6354166666666666 0.7861111111111111 0.6348958333333333 0.7851851851851852 0.6348958333333333 0.7842592592592592 0.634375 0.7828703703703703 0.6341145833333334 0.7810185185185186 0.6330729166666667 0.7796296296296297 0.6328125 0.7768518518518519 0.6315104166666666 0.7763888888888889 0.6315104166666666 0.7731481481481481 0.63046875 0.7722222222222223 0.63046875 0.7717592592592593 0.6302083333333334 0.7689814814814815 0.6302083333333334 0.7685185185185185 0.63046875 0.7666666666666667 0.63046875 0.7662037037037037 0.6307291666666667 0.7648148148148148 0.6307291666666667
0 0.8231481481481482 0.43307291666666664 0.8226851851851852 0.43307291666666664 0.8222222222222222 0.4328125 0.8212962962962963 0.4328125 0.8208333333333333 0.43255208333333334 0.8194444444444444 0.43255208333333334 0.8189814814814815 0.4322916666666667 0.8171296296296297 0.4322916666666667 0.8166666666666667 0.43255208333333334 0.8157407407407408 0.43255208333333334 0.8152777777777778 0.4328125 0.8143518518518519 0.4328125 0.8111111111111111 0.43463541666666666 0.8106481481481481 0.43463541666666666 0.8092592592592592 0.4354166666666667 0.8092592592592592 0.4356770833333333 0.8083333333333333 0.4361979166666667 0.8083333333333333 0.43645833333333334 0.8074074074074075 0.43697916666666664 0.8074074074074075 0.43723958333333335 0.8060185185185185 0.43802083333333336 0.8060185185185185 0.43828125 0.8055555555555556 0.43854166666666666 0.8050925925925926 0.4393229166666667 0.8041666666666667 0.43984375 0.8041666666666667 0.4401041666666667 0.8027777777777778 0.44088541666666664 0.8027777777777778 0.44114583333333335 0.8018518518518518 0.44166666666666665 0.8018518518518518 0.44192708333333336 0.799537037037037 0.4434895833333333 0.799074074074074 0.44427083333333334 0.7976851851851852 0.44505208333333335 0.7972222222222223 0.44505208333333335 0.7962962962962963 0.44557291666666665 0.7953703703703704 0.44557291666666665 0.7949074074074074 0.44583333333333336 0.7939814814814815 0.44583333333333336 0.7935185185185185 0.44609375 0.7907407407407407 0.44609375 0.788425925925926 0.446875 0.7875 0.446875 0.7870370370370371 0.4471354166666667 0.7865740740740741 0.4471354166666667 0.7865740740740741 0.4473958333333333 0.7851851851851852 0.44817708333333334 0.7842592592592592 0.44947916666666665 0.7833333333333333 0.45 0.7833333333333333 0.4505208333333333 0.7828703703703703 0.45078125 0.7828703703703703 0.4513020833333333 0.7824074074074074 0.4515625 0.7824074074074074 0.45208333333333334 0.7819444444444444 0.45234375 0.7819444444444444 0.45260416666666664 0.7814814814814814 0.45286458333333335 0.7805555555555556 0.45416666666666666 0.7791666666666667 0.4549479166666667 0.7791666666666667 0.4552083333333333 0.7782407407407408 0.45598958333333334 0.7782407407407408 0.45651041666666664 0.7777777777777778 0.45677083333333335 0.7777777777777778 0.45729166666666665 0.7773148148148148 0.45755208333333336 0.7773148148148148 0.45807291666666666 0.7768518518518519 0.4583333333333333 0.7768518518518519 0.4596354166666667 0.7773148148148148 0.45989583333333334 0.7773148148148148 0.46067708333333335 0.7777777777777778 0.4609375 0.7777777777777778 0.46145833333333336 0.7787037037037037 0.46197916666666666 0.7787037037037037 0.4622395833333333 0.7824074074074074 0.4640625 0.7828703703703703 0.4640625 0.7842592592592592 0.46484375 0.7847222222222222 0.46484375 0.7865740740740741 0.46588541666666666 0.7870370370370371 0.46588541666666666 0.7875 0.4661458333333333 0.788425925925926 0.4661458333333333 0.7888888888888889 0.46640625 0.7898148148148149 0.46640625 0.7902777777777777 0.4666666666666667 0.7912037037037037 0.4666666666666667 0.7916666666666666 0.4669270833333333 0.7930555555555555 0.4669270833333333 0.7935185185185185 0.4671875 0.7962962962962963 0.4671875 0.7967592592592593 0.4669270833333333 0.7981481481481482 0.4669270833333333 0.7986111111111112 0.4666666666666667 0.799537037037037 0.4666666666666667 0.8 0.46640625 0.8004629629629629 0.46640625 0.8013888888888889 0.46588541666666666 0.8018518518518518 0.46588541666666666 0.8037037037037037 0.46484375 0.8037037037037037 0.46458333333333335 0.8055555555555556 0.4635416666666667 0.8055555555555556 0.46328125 0.8069444444444445 0.4625 0.8069444444444445 0.4622395833333333 0.8115740740740741 0.4596354166666667 0.8115740740740741 0.459375 0.8125 0.4588541666666667 0.8125 0.45859375 0.812962962962963 0.4583333333333333 0.812962962962963 0.4578125 0.8134259259259259 0.45755208333333336 0.8134259259259259 0.45703125 0.8138888888888889 0.45677083333333335 0.8138888888888889 0.45546875 0.8143518518518519 0.4552083333333333 0.8143518518518519 0.45234375 0.8148148148148148 0.45208333333333334 0.8148148148148148 0.45026041666666666 0.8152777777777778 0.45 0.8152777777777778 0.44895833333333335 0.8157407407407408 0.44869791666666664 0.8157407407407408 0.44817708333333334 0.8162037037037037 0.4479166666666667 0.8162037037037037 0.4473958333333333 0.8166666666666667 0.4471354166666667 0.8166666666666667 0.446875 0.8180555555555555 0.44609375 0.8180555555555555 0.44583333333333336 0.8189814814814815 0.4453125 0.8189814814814815 0.44505208333333335 0.8199074074074074 0.44453125 0.8199074074074074 0.44427083333333334 0.8212962962962963 0.4434895833333333 0.8212962962962963 0.4432291666666667 0.8222222222222222 0.4427083333333333 0.8226851851851852 0.44192708333333336 0.8236111111111111 0.44140625 0.8236111111111111 0.44114583333333335 0.8245370370370371 0.440625 0.8245370370370371 0.44036458333333334 0.825462962962963 0.43984375 0.825462962962963 0.4395833333333333 0.825925925925926 0.4393229166666667 0.825925925925926 0.43776041666666665 0.8263888888888888 0.4375 0.8263888888888888 0.43515625 0.825925925925926 0.4348958333333333 0.825925925925926 0.43463541666666666
3 0.8212962962962963 0.51484375 0.8185185185185185 0.5161458333333333 0.8175925925925925 0.5171875 0.8175925925925925 0.5182291666666666 0.8180555555555555 0.5184895833333333 0.8180555555555555 0.51953125 0.8185185185185185 0.5197916666666667 0.8189814814814815 0.52109375 0.8222222222222222 0.5229166666666667 0.8300925925925926 0.5229166666666667 0.8324074074074074 0.5234375 0.8351851851851851 0.525 0.8351851851851851 0.5255208333333333 0.8361111111111111 0.5265625 0.8361111111111111 0.52734375 0.836574074074074 0.5276041666666667 0.836574074074074 0.52890625 0.8375 0.5299479166666666 0.8388888888888889 0.5307291666666667 0.8402777777777778 0.5322916666666667 0.8402777777777778 0.5328125 0.8523148148148149 0.5463541666666667 0.8532407407407407 0.5481770833333334 0.8564814814814815 0.5518229166666667 0.8569444444444444 0.553125 0.8578703703703704 0.5536458333333333 0.8606481481481482 0.5567708333333333 0.8606481481481482 0.5572916666666666 0.8625 0.5591145833333333 0.8629629629629629 0.5604166666666667 0.8638888888888889 0.5611979166666666 0.8662037037037037 0.5625 0.8689814814814815 0.5635416666666667 0.8722222222222222 0.5635416666666667 0.8726851851851852 0.5638020833333334 0.8731481481481481 0.5635416666666667 0.8759259259259259 0.5635416666666667 0.8763888888888889 0.56328125 0.8773148148148148 0.56328125 0.8782407407407408 0.5627604166666667 0.8805555555555555 0.5622395833333333 0.8824074074074074 0.5604166666666667 0.8824074074074074 0.55625 0.8805555555555555 0.5533854166666666 0.8805555555555555 0.5526041666666667 0.8777777777777778 0.54921875 0.8773148148148148 0.5479166666666667 0.875462962962963 0.5463541666666667 0.874537037037037 0.54453125 0.8699074074074075 0.5395833333333333 0.8699074074074075 0.5390625 0.8671296296296296 0.5359375 0.8671296296296296 0.5354166666666667 0.8657407407407407 0.5341145833333333 0.8657407407407407 0.53359375 0.8629629629629629 0.5307291666666667 0.8611111111111112 0.52734375 0.8597222222222223 0.5263020833333333 0.8555555555555555 0.5216145833333333 0.8555555555555555 0.5200520833333333 0.8560185185185185 0.5197916666666667 0.8560185185185185 0.51875 0.8564814814814815 0.5184895833333333 0.8574074074074074 0.51640625 0.8587962962962963 0.51484375 0.8606481481481482 0.5135416666666667 0.8587962962962963 0.5096354166666667 0.8564814814814815 0.5088541666666667 0.8546296296296296 0.5088541666666667 0.8541666666666666 0.50859375 0.8518518518518519 0.50859375 0.8513888888888889 0.5088541666666667 0.8467592592592592 0.5091145833333334 0.8462962962962963 0.509375 0.8435185185185186 0.5096354166666667 0.8402777777777778 0.5106770833333333 0.837037037037037 0.5111979166666667 0.8300925925925926 0.5130208333333334 0.825462962962963 0.5135416666666667 0.8236111111111111 0.5143229166666666
3 0.8870370370370371 0.40338541666666666 0.8865740740740741 0.4049479166666667 0.8856481481481482 0.40598958333333335 0.8856481481481482 0.40677083333333336 0.8847222222222222 0.4075520833333333 0.8847222222222222 0.40911458333333334 0.8851851851851852 0.409375 0.8851851851851852 0.41015625 0.8856481481481482 0.41041666666666665 0.8861111111111111 0.41171875 0.8888888888888888 0.41328125 0.8944444444444445 0.41484375 0.8962962962962963 0.415625 0.8986111111111111 0.41510416666666666 0.9009259259259259 0.4140625 0.9037037037037037 0.41328125 0.9097222222222222 0.41328125 0.9101851851851852 0.41354166666666664 0.9115740740740741 0.41354166666666664 0.912962962962963 0.4140625 0.9138888888888889 0.4140625 0.9143518518518519 0.41432291666666665 0.9208333333333333 0.4153645833333333 0.9231481481481482 0.4161458333333333 0.9268518518518518 0.4166666666666667 0.9305555555555556 0.41770833333333335 0.9314814814814815 0.41822916666666665 0.9347222222222222 0.41875 0.9388888888888889 0.4200520833333333 0.9412037037037037 0.4203125 0.9458333333333333 0.42161458333333335 0.950462962962963 0.42239583333333336 0.9555555555555556 0.4239583333333333 0.9606481481481481 0.42604166666666665 0.9638888888888889 0.42682291666666666 0.9666666666666667 0.4270833333333333 0.9671296296296297 0.42734375 0.9745370370370371 0.4276041666666667 0.975 0.42734375 0.9787037037037037 0.4270833333333333 0.9814814814814815 0.42630208333333336 0.9824074074074074 0.42630208333333336 0.9837962962962963 0.42552083333333335 0.9851851851851852 0.42421875 0.9851851851851852 0.42213541666666665 0.9847222222222223 0.421875 0.9842592592592593 0.4197916666666667 0.9787037037037037 0.4171875 0.9773148148148149 0.41692708333333334 0.9740740740740741 0.415625 0.9703703703703703 0.41510416666666666 0.9657407407407408 0.41328125 0.9648148148148148 0.41328125 0.9532407407407407 0.40989583333333335 0.9523148148148148 0.40989583333333335 0.95 0.40911458333333334 0.9490740740740741 0.40911458333333334 0.9458333333333333 0.4080729166666667 0.9449074074074074 0.4080729166666667 0.9402777777777778 0.40677083333333336 0.9351851851851852 0.4046875 0.9342592592592592 0.4046875 0.9310185185185185 0.4036458333333333 0.9300925925925926 0.4036458333333333 0.9263888888888889 0.40260416666666665 0.925 0.40182291666666664 0.9208333333333333 0.4002604166666667 0.9189814814814815 0.39869791666666665 0.9171296296296296 0.39609375 0.9152777777777777 0.39479166666666665 0.9148148148148149 0.39479166666666665 0.912962962962963 0.39375 0.9111111111111111 0.3932291666666667 0.9101851851851852 0.3932291666666667 0.9078703703703703 0.3924479166666667 0.9064814814814814 0.3924479166666667 0.9060185185185186 0.3921875 0.9027777777777778 0.3921875 0.9009259259259259 0.3927083333333333 0.8967592592592593 0.39505208333333336 0.8962962962962963 0.39505208333333336 0.8962962962962963 0.3953125 0.8944444444444445 0.3963541666666667 0.8935185185185185 0.39739583333333334 0.8916666666666667 0.3984375 0.8898148148148148 0.4 0.888425925925926 0.4015625 0.888425925925926 0.40208333333333335
3 0.9152777777777777 0.51328125 0.9143518518518519 0.5153645833333333 0.912962962962963 0.5169270833333334 0.9120370370370371 0.5174479166666667 0.9115740740740741 0.51953125 0.9111111111111111 0.5197916666666667 0.9111111111111111 0.5205729166666667 0.9106481481481481 0.5208333333333334 0.9106481481481481 0.5221354166666666 0.9111111111111111 0.5223958333333333 0.9111111111111111 0.5231770833333333 0.9115740740740741 0.5234375 0.9125 0.5252604166666667 0.9162037037037037 0.5270833333333333 0.9171296296296296 0.5270833333333333 0.9175925925925926 0.52734375 0.9185185185185185 0.52734375 0.9189814814814815 0.5276041666666667 0.9199074074074074 0.5276041666666667 0.9231481481481482 0.5283854166666667 0.9263888888888889 0.5283854166666667 0.9319444444444445 0.5268229166666667 0.9342592592592592 0.5268229166666667 0.9347222222222222 0.5265625 0.9388888888888889 0.5265625 0.9393518518518519 0.5268229166666667 0.9416666666666667 0.5270833333333333 0.9430555555555555 0.5276041666666667 0.9472222222222222 0.5278645833333333 0.95 0.5286458333333334 0.950925925925926 0.5286458333333334 0.9541666666666667 0.5296875 0.9560185185185185 0.5299479166666666 0.9569444444444445 0.53046875 0.9597222222222223 0.53125 0.9606481481481481 0.53125 0.9643518518518519 0.5322916666666667 0.9657407407407408 0.5322916666666667 0.9708333333333333 0.5338541666666666 0.9717592592592592 0.5338541666666666 0.9731481481481481 0.534375 0.9763888888888889 0.5348958333333333 0.9787037037037037 0.5356770833333333 0.9842592592592593 0.5364583333333334 0.9856481481481482 0.5369791666666667 0.9907407407407407 0.5377604166666666 0.9921296296296296 0.53828125 0.9930555555555556 0.53828125 0.9949074074074075 0.5388020833333333 0.9962962962962963 0.5388020833333333 0.9976851851851852 0.5393229166666667 0.999537037037037 0.5393229166666667 0.999537037037037 0.52734375 0.9972222222222222 0.52734375 0.9962962962962963 0.5268229166666667 0.9944444444444445 0.5263020833333333 0.9921296296296296 0.5260416666666666 0.9898148148148148 0.5252604166666667 0.9888888888888889 0.5252604166666667 0.9884259259259259 0.525 0.9847222222222223 0.5244791666666667 0.9833333333333333 0.5239583333333333 0.9824074074074074 0.5239583333333333 0.9810185185185185 0.5234375 0.9800925925925926 0.5234375 0.975462962962963 0.5221354166666666 0.9740740740740741 0.5213541666666667 0.9708333333333333 0.5208333333333334 0.9648148148148148 0.5190104166666667 0.9638888888888889 0.5190104166666667 0.9625 0.5184895833333333 0.961574074074074 0.5184895833333333 0.9583333333333334 0.5177083333333333 0.9574074074074074 0.5171875 0.9527777777777777 0.515625 0.95 0.5153645833333333 0.9486111111111111 0.51484375 0.9476851851851852 0.51484375 0.9458333333333333 0.5138020833333333 0.9444444444444444 0.5122395833333333 0.9430555555555555 0.509375 0.9393518518518519 0.5067708333333333 0.9384259259259259 0.5067708333333333 0.937962962962963 0.5065104166666666 0.9356481481481481 0.5065104166666666 0.9337962962962963 0.5059895833333333 0.9310185185185185 0.5057291666666667 0.9305555555555556 0.5059895833333333 0.9287037037037037 0.5059895833333333 0.925 0.50703125 0.924074074074074 0.50703125 0.9199074074074074 0.5091145833333334 0.9199074074074074 0.509375 0.9180555555555555 0.5106770833333333 0.9175925925925926 0.5114583333333333 0.9166666666666666 0.5119791666666667 0.9162037037037037 0.5127604166666667
0 0.9472222222222222 0.6385416666666667 0.9453703703703704 0.6385416666666667 0.9449074074074074 0.6388020833333333 0.9430555555555555 0.6388020833333333 0.9425925925925925 0.6385416666666667 0.9412037037037037 0.6385416666666667 0.9407407407407408 0.63828125 0.937037037037037 0.63828125 0.9365740740740741 0.6380208333333334 0.9328703703703703 0.6380208333333334 0.9324074074074075 0.6377604166666667 0.9282407407407407 0.6377604166666667 0.9259259259259259 0.6385416666666667 0.9259259259259259 0.6388020833333333 0.925 0.6395833333333333 0.924537037037037 0.6408854166666667 0.924074074074074 0.6411458333333333 0.924074074074074 0.6419270833333334 0.9236111111111112 0.6421875 0.9236111111111112 0.6440104166666667 0.9231481481481482 0.6442708333333333 0.9231481481481482 0.6458333333333334 0.9226851851851852 0.64609375 0.9226851851851852 0.646875 0.9217592592592593 0.64765625 0.9217592592592593 0.6481770833333333 0.9212962962962963 0.6484375 0.9212962962962963 0.64921875 0.9208333333333333 0.6494791666666667 0.9208333333333333 0.65 0.9203703703703704 0.6502604166666667 0.9208333333333333 0.6505208333333333 0.9208333333333333 0.6513020833333333 0.9212962962962963 0.6515625 0.9212962962962963 0.65234375 0.9217592592592593 0.6526041666666667 0.9222222222222223 0.65390625 0.925 0.6559895833333333 0.925 0.6565104166666667 0.9254629629629629 0.6567708333333333 0.9254629629629629 0.6572916666666667 0.9259259259259259 0.6575520833333334 0.9259259259259259 0.66171875 0.9254629629629629 0.6619791666666667 0.9254629629629629 0.6635416666666667 0.925 0.6638020833333333 0.925 0.6651041666666667 0.924537037037037 0.6653645833333334 0.924537037037037 0.6671875 0.924074074074074 0.6674479166666667 0.924074074074074 0.66953125 0.9236111111111112 0.6697916666666667 0.9236111111111112 0.67265625 0.9231481481481482 0.6729166666666667 0.9231481481481482 0.6736979166666667 0.9236111111111112 0.6739583333333333 0.9236111111111112 0.6747395833333333 0.924074074074074 0.675 0.925 0.6763020833333333 0.9259259259259259 0.6768229166666667 0.9259259259259259 0.6770833333333334 0.9277777777777778 0.6778645833333333 0.9310185185185185 0.6778645833333333 0.9314814814814815 0.678125 0.9319444444444445 0.6778645833333333 0.9356481481481481 0.6778645833333333 0.9361111111111111 0.6776041666666667 0.9375 0.67734375 0.9393518518518519 0.6763020833333333 0.9393518518518519 0.67578125 0.9398148148148148 0.6755208333333333 0.9398148148148148 0.675 0.9402777777777778 0.6747395833333333 0.9402777777777778 0.6739583333333333 0.9407407407407408 0.6736979166666667 0.9407407407407408 0.671875 0.9412037037037037 0.6716145833333333 0.9412037037037037 0.6700520833333333 0.9416666666666667 0.6697916666666667 0.9416666666666667 0.6684895833333333 0.9421296296296297 0.6682291666666667 0.9421296296296297 0.6669270833333333 0.9425925925925925 0.6666666666666666 0.9425925925925925 0.6658854166666667 0.9430555555555555 0.665625 0.9430555555555555 0.6645833333333333 0.9435185185185185 0.6643229166666667 0.9435185185185185 0.6630208333333333 0.9439814814814815 0.6627604166666666 0.9439814814814815 0.66171875 0.9444444444444444 0.6614583333333334 0.9444444444444444 0.6604166666666667 0.9449074074074074 0.66015625 0.9449074074074074 0.659375 0.9453703703703704 0.6591145833333333 0.9453703703703704 0.65859375 0.9458333333333333 0.6583333333333333 0.9458333333333333 0.6578125 0.9462962962962963 0.6575520833333334 0.9467592592592593 0.6567708333333333 0.9495370370370371 0.6552083333333333 0.95 0.6552083333333333 0.9523148148148148 0.6541666666666667 0.9523148148148148 0.6533854166666667 0.9527777777777777 0.653125 0.9527777777777777 0.6494791666666667 0.9532407407407407 0.64921875 0.9532407407407407 0.6486979166666667 0.9537037037037037 0.6484375 0.9537037037037037 0.6479166666666667 0.9541666666666667 0.64765625 0.9541666666666667 0.6471354166666666 0.9546296296296296 0.646875 0.9546296296296296 0.6463541666666667 0.9550925925925926 0.64609375 0.9550925925925926 0.64453125 0.9555555555555556 0.6442708333333333 0.9555555555555556 0.64296875 0.9560185185185185 0.6427083333333333 0.9560185185185185 0.6424479166666667 0.9555555555555556 0.6421875 0.9555555555555556 0.6416666666666667 0.9546296296296296 0.6408854166666667 0.9537037037037037 0.6408854166666667 0.9532407407407407 0.640625 0.9523148148148148 0.640625 0.9518518518518518 0.6403645833333333 0.950462962962963 0.6401041666666667 0.9495370370370371 0.6395833333333333 0.9490740740740741 0.6395833333333333
