1 0.020833333333333332 0.47734375 0.017592592592592594 0.478125 0.012037037037037037 0.4783854166666667 0.009722222222222222 0.4791666666666667 0.0060185185185185185 0.4822916666666667 0.006944444444444444 0.4861979166666667 0.009722222222222222 0.48723958333333334 0.014351851851851852 0.48776041666666664 0.017592592592592594 0.4901041666666667 0.018518518518518517 0.49713541666666666 0.020833333333333332 0.5013020833333334 0.02175925925925926 0.509375 0.024537037037037038 0.5184895833333333 0.025925925925925925 0.53515625 0.027777777777777776 0.5447916666666667 0.028703703703703703 0.5549479166666667 0.03333333333333333 0.5799479166666667 0.037037037037037035 0.5825520833333333 0.040740740740740744 0.5828125 0.047685185185185185 0.5825520833333333 0.05185185185185185 0.5817708333333333 0.05416666666666667 0.5802083333333333 0.055092592592592596 0.5768229166666666 0.05462962962962963 0.5708333333333333 0.05277777777777778 0.5604166666666667 0.05092592592592592 0.5559895833333334 0.050462962962962966 0.5505208333333333 0.04861111111111111 0.54453125 0.04675925925925926 0.53203125 0.04259259259259259 0.521875 0.0375 0.5177083333333333 0.0375 0.5130208333333334 0.03981481481481482 0.5096354166666667 0.04259259259259259 0.5080729166666667 0.04351851851851852 0.5065104166666666 0.04398148148148148 0.5015625 0.04259259259259259 0.4953125 0.04259259259259259 0.48932291666666666 0.04490740740740741 0.4875 0.049074074074074076 0.4861979166666667 0.05185185185185185 0.48411458333333335 0.05324074074074074 0.48203125 0.052314814814814814 0.4796875 0.05092592592592592 0.4783854166666667 0.04675925925925926 0.47760416666666666 0.0375 0.47682291666666665 0.030555555555555555 0.47734375
3 0.06388888888888888 0.3065104166666667 0.0625 0.30572916666666666 0.0625 0.30546875 0.06111111111111111 0.3046875 0.06111111111111111 0.30442708333333335 0.059722222222222225 0.30364583333333334 0.059722222222222225 0.3033854166666667 0.056018518518518516 0.30130208333333336 0.05185185185185185 0.30130208333333336 0.05138888888888889 0.3015625 0.050462962962962966 0.3015625 0.05 0.30182291666666666 0.04861111111111111 0.30182291666666666 0.04722222222222222 0.30234375 0.04490740740740741 0.3026041666666667 0.044444444444444446 0.3028645833333333 0.04212962962962963 0.3033854166666667 0.03981481481481482 0.30442708333333335 0.03564814814814815 0.30546875 0.034722222222222224 0.3059895833333333 0.03425925925925926 0.3059895833333333 0.03009259259259259 0.3072916666666667 0.029166666666666667 0.3072916666666667 0.028703703703703703 0.30755208333333334 0.02546296296296296 0.30833333333333335 0.024537037037037038 0.30885416666666665 0.024074074074074074 0.30885416666666665 0.02175925925925926 0.30963541666666666 0.020833333333333332 0.30963541666666666 0.019444444444444445 0.31015625 0.018518518518518517 0.31015625 0.018055555555555554 0.3104166666666667 0.017592592592592594 0.3104166666666667 0.016666666666666666 0.3109375 0.013425925925925926 0.31171875 0.009722222222222222 0.31328125 0.008796296296296297 0.31328125 0.008333333333333333 0.31354166666666666 0.006481481481481481 0.31354166666666666 0.0060185185185185185 0.3138020833333333 0.005092592592592593 0.3138020833333333 0.004629629629629629 0.3140625 0.0032407407407407406 0.3143229166666667 0.001851851851851852 0.3151041666666667 0.0 0.3151041666666667 0.0 0.32916666666666666 0.001388888888888889 0.32916666666666666 0.003703703703703704 0.32838541666666665 0.004629629629629629 0.32838541666666665 0.005092592592592593 0.328125 0.008333333333333333 0.32734375 0.009259259259259259 0.3268229166666667 0.013425925925925926 0.32578125 0.01574074074074074 0.32473958333333336 0.01990740740740741 0.32369791666666664 0.020833333333333332 0.32317708333333334 0.025 0.3221354166666667 0.025925925925925925 0.3216145833333333 0.02638888888888889 0.3216145833333333 0.027777777777777776 0.32109375 0.028703703703703703 0.32109375 0.03148148148148148 0.31979166666666664 0.03194444444444444 0.31979166666666664 0.033796296296296297 0.3190104166666667 0.034722222222222224 0.3190104166666667 0.03611111111111111 0.3184895833333333 0.038425925925925926 0.3182291666666667 0.044444444444444446 0.31640625 0.04537037037037037 0.31640625 0.04583333333333333 0.31614583333333335 0.04675925925925926 0.31614583333333335 0.04722222222222222 0.31588541666666664 0.04814814814814815 0.31588541666666664 0.04861111111111111 0.315625 0.05138888888888889 0.315625 0.05185185185185185 0.31536458333333334 0.05277777777777778 0.31536458333333334 0.053703703703703705 0.31484375 0.05416666666666667 0.31484375 0.055092592592592596 0.3143229166666667 0.05555555555555555 0.3143229166666667 0.05648148148148148 0.3138020833333333 0.05694444444444444 0.3138020833333333 0.058333333333333334 0.31302083333333336 0.0587962962962963 0.31302083333333336 0.060648148148148145 0.31223958333333335 0.06111111111111111 0.31223958333333335 0.06435185185185185 0.3106770833333333 0.06435185185185185 0.30833333333333335 0.06388888888888888 0.30807291666666664
2 0.09490740740740741 0.5096354166666667 0.09351851851851851 0.5096354166666667 0.09166666666666666 0.5091145833333334 0.08703703703703704 0.5088541666666667 0.08472222222222223 0.5083333333333333 0.08009259259259259 0.5083333333333333 0.07962962962962963 0.5080729166666667 0.0763888888888889 0.5080729166666667 0.07592592592592592 0.5078125 0.07546296296296297 0.5080729166666667 0.06898148148148148 0.5080729166666667 0.06851851851851852 0.5078125 0.06759259259259259 0.5078125 0.06712962962962964 0.5080729166666667 0.06435185185185185 0.5080729166666667 0.06111111111111111 0.5091145833333334 0.059722222222222225 0.5091145833333334 0.05925925925925926 0.509375 0.05324074074074074 0.509375 0.05277777777777778 0.5091145833333334 0.05185185185185185 0.509375 0.04814814814814815 0.509375 0.047685185185185185 0.5091145833333334 0.04398148148148148 0.5088541666666667 0.04351851851851852 0.5091145833333334 0.04027777777777778 0.5096354166666667 0.038425925925925926 0.5109375 0.03657407407407407 0.5135416666666667 0.037037037037037035 0.5138020833333333 0.037037037037037035 0.5174479166666667 0.03888888888888889 0.51953125 0.040740740740740744 0.5205729166666667 0.04351851851851852 0.5216145833333333 0.044444444444444446 0.5223958333333333 0.044444444444444446 0.5229166666666667 0.04583333333333333 0.5244791666666667 0.04583333333333333 0.5252604166666667 0.046296296296296294 0.5255208333333333 0.046296296296296294 0.5291666666666667 0.04675925925925926 0.5294270833333333 0.04722222222222222 0.5325520833333334 0.047685185185185185 0.5328125 0.04814814814814815 0.53828125 0.04861111111111111 0.5385416666666667 0.049074074074074076 0.5432291666666667 0.04953703703703704 0.5434895833333333 0.04953703703703704 0.5450520833333333 0.05 0.5453125 0.05 0.5466145833333333 0.050462962962962966 0.546875 0.050462962962962966 0.5484375 0.05092592592592592 0.5486979166666667 0.05092592592592592 0.5497395833333333 0.05138888888888889 0.55 0.05138888888888889 0.55078125 0.05185185185185185 0.5510416666666667 0.052314814814814814 0.5526041666666667 0.05416666666666667 0.5536458333333333 0.05648148148148148 0.5541666666666667 0.05925925925925926 0.5541666666666667 0.059722222222222225 0.5544270833333333 0.0625 0.5544270833333333 0.06296296296296296 0.5541666666666667 0.07222222222222222 0.5541666666666667 0.07268518518518519 0.55390625 0.07592592592592592 0.55390625 0.0763888888888889 0.5536458333333333 0.08009259259259259 0.553125 0.08148148148148149 0.5526041666666667 0.0824074074074074 0.5526041666666667 0.08518518518518518 0.55078125 0.08518518518518518 0.5502604166666667 0.08611111111111111 0.5494791666666666 0.08611111111111111 0.5486979166666667 0.08657407407407407 0.5484375 0.08657407407407407 0.5424479166666667 0.08611111111111111 0.5421875 0.08611111111111111 0.5380208333333333 0.08564814814814815 0.5377604166666666 0.08564814814814815 0.53125 0.08611111111111111 0.5309895833333333 0.08611111111111111 0.5286458333333334 0.08657407407407407 0.5283854166666667 0.08657407407407407 0.5260416666666666 0.08703703703703704 0.52578125 0.08703703703703704 0.5247395833333334 0.08888888888888889 0.5229166666666667 0.09166666666666666 0.5213541666666667 0.09537037037037037 0.5208333333333334 0.09907407407407408 0.51875 0.1 0.5177083333333333 0.10046296296296296 0.51328125 0.09953703703703703 0.5125 0.09953703703703703 0.5119791666666667
0 0.15 0.52109375 0.14953703703703702 0.52109375 0.1486111111111111 0.5205729166666667 0.14814814814814814 0.5205729166666667 0.14212962962962963 0.5174479166666667 0.1412037037037037 0.5174479166666667 0.1388888888888889 0.5166666666666667 0.13703703703703704 0.5166666666666667 0.13657407407407407 0.51640625 0.1300925925925926 0.51640625 0.12916666666666668 0.5169270833333334 0.1287037037037037 0.5169270833333334 0.12777777777777777 0.5174479166666667 0.12731481481481483 0.5174479166666667 0.12731481481481483 0.5177083333333333 0.12685185185185185 0.51796875 0.12546296296296297 0.5197916666666667 0.12453703703703704 0.5203125 0.12453703703703704 0.5205729166666667 0.12129629629629629 0.5223958333333333 0.11805555555555555 0.5231770833333333 0.11527777777777778 0.5247395833333334 0.11527777777777778 0.525 0.11481481481481481 0.5252604166666667 0.11481481481481481 0.5260416666666666 0.11527777777777778 0.5263020833333333 0.11527777777777778 0.5286458333333334 0.11574074074074074 0.52890625 0.11574074074074074 0.5291666666666667 0.11481481481481481 0.5299479166666666 0.11481481481481481 0.53046875 0.11435185185185186 0.5307291666666667 0.1125 0.5330729166666667 0.10601851851851851 0.5369791666666667 0.10601851851851851 0.5372395833333333 0.10185185185185185 0.5395833333333333 0.10185185185185185 0.53984375 0.1 0.5408854166666667 0.1 0.5411458333333333 0.09583333333333334 0.54375 0.09583333333333334 0.5440104166666667 0.09490740740740741 0.5447916666666667 0.09490740740740741 0.5458333333333333 0.09537037037037037 0.54609375 0.09537037037037037 0.5481770833333334 0.09583333333333334 0.5484375 0.09583333333333334 0.5489583333333333 0.09768518518518518 0.55 0.09814814814814815 0.55 0.09907407407407408 0.5505208333333333 0.09953703703703703 0.5505208333333333 0.1 0.55078125 0.10092592592592593 0.55078125 0.10231481481481482 0.5513020833333333 0.10462962962962963 0.5513020833333333 0.1050925925925926 0.5510416666666667 0.10601851851851851 0.5510416666666667 0.10648148148148148 0.55078125 0.10787037037037037 0.5505208333333333 0.10925925925925926 0.5497395833333333 0.10972222222222222 0.5497395833333333 0.1111111111111111 0.5489583333333333 0.11157407407407408 0.5489583333333333 0.11435185185185186 0.5473958333333333 0.11481481481481481 0.5473958333333333 0.12268518518518519 0.5427083333333333 0.12268518518518519 0.5424479166666667 0.12361111111111112 0.5419270833333333 0.12361111111111112 0.5416666666666666 0.12453703703703704 0.5411458333333333 0.12453703703703704 0.5408854166666667 0.12685185185185185 0.5393229166666667 0.12731481481481483 0.5393229166666667 0.1310185185185185 0.5377604166666666 0.13148148148148148 0.5377604166666666 0.13472222222222222 0.53671875 0.1361111111111111 0.53671875 0.13657407407407407 0.5364583333333334 0.13842592592592592 0.5364583333333334 0.1388888888888889 0.5361979166666667 0.14074074074074075 0.5361979166666667 0.1412037037037037 0.5359375 0.1425925925925926 0.5359375 0.1449074074074074 0.5346354166666667 0.1449074074074074 0.534375 0.14722222222222223 0.5330729166666667 0.14722222222222223 0.5328125 0.15046296296296297 0.5309895833333333 0.15046296296296297 0.5307291666666667 0.15231481481481482 0.5296875 0.15231481481481482 0.5294270833333333 0.1527777777777778 0.5291666666666667 0.1527777777777778 0.5286458333333334 0.15324074074074073 0.5283854166666667 0.15324074074074073 0.5278645833333333 0.1537037037037037 0.5276041666666667 0.1537037037037037 0.5270833333333333 0.15416666666666667 0.5268229166666667 0.15416666666666667 0.52578125 0.15462962962962962 0.5255208333333333 0.15462962962962962 0.5252604166666667 0.15416666666666667 0.525 0.15324074074074073 0.5236979166666667 0.15231481481481482 0.5231770833333333 0.15231481481481482 0.5229166666666667 0.15138888888888888 0.5223958333333333 0.15092592592592594 0.5216145833333333
0 0.06342592592592593 0.36484375 0.06342592592592593 0.36640625 0.06388888888888888 0.36666666666666664 0.06388888888888888 0.37395833333333334 0.06435185185185185 0.37421875 0.06435185185185185 0.37526041666666665 0.06481481481481481 0.37552083333333336 0.06481481481481481 0.3763020833333333 0.06527777777777778 0.3765625 0.06527777777777778 0.3768229166666667 0.06851851851851852 0.37838541666666664 0.06944444444444445 0.37838541666666664 0.07175925925925926 0.37916666666666665 0.0875 0.37916666666666665 0.0912037037037037 0.3770833333333333 0.09166666666666666 0.3770833333333333 0.09212962962962963 0.3768229166666667 0.09305555555555556 0.3768229166666667 0.09351851851851851 0.3765625 0.09583333333333334 0.3765625 0.0962962962962963 0.3763020833333333 0.11388888888888889 0.3763020833333333 0.11435185185185186 0.37604166666666666 0.11527777777777778 0.37604166666666666 0.11574074074074074 0.3763020833333333 0.1259259259259259 0.3763020833333333 0.12638888888888888 0.37604166666666666 0.13055555555555556 0.37604166666666666 0.13194444444444445 0.37526041666666665 0.13194444444444445 0.375 0.13287037037037036 0.37421875 0.13287037037037036 0.3736979166666667 0.13333333333333333 0.3734375 0.13333333333333333 0.3690104166666667 0.13287037037037036 0.36875 0.13194444444444445 0.36744791666666665 0.1310185185185185 0.36692708333333335 0.1310185185185185 0.36666666666666664 0.13055555555555556 0.36666666666666664 0.1300925925925926 0.36640625 0.12453703703703704 0.36640625 0.12407407407407407 0.36614583333333334 0.10972222222222222 0.36614583333333334 0.10925925925925926 0.3658854166666667 0.09537037037037037 0.3658854166666667 0.09490740740740741 0.365625 0.09259259259259259 0.365625 0.0912037037037037 0.3651041666666667 0.09027777777777778 0.36380208333333336 0.08796296296296297 0.36223958333333334 0.08796296296296297 0.3619791666666667 0.08657407407407407 0.36223958333333334 0.08472222222222223 0.36302083333333335 0.0837962962962963 0.36302083333333335 0.0824074074074074 0.36354166666666665 0.08148148148148149 0.36354166666666665 0.08101851851851852 0.36380208333333336 0.0787037037037037 0.3640625 0.07824074074074074 0.36432291666666666 0.07777777777777778 0.36432291666666666 0.07592592592592592 0.3653645833333333 0.07314814814814814 0.36328125 0.07268518518518519 0.36328125 0.07175925925925926 0.36276041666666664 0.07037037037037037 0.36276041666666664 0.0699074074074074 0.3625 0.06712962962962964 0.3625 0.06666666666666667 0.36276041666666664 0.06574074074074074 0.36276041666666664 0.06481481481481481 0.36328125 0.06435185185185185 0.36328125 0.06435185185185185 0.36380208333333336 0.06388888888888888 0.3640625 0.06388888888888888 0.3645833333333333
0 0.012962962962962963 0.37057291666666664 0.012962962962962963 0.37083333333333335 0.012037037037037037 0.37161458333333336 0.012037037037037037 0.37213541666666666 0.011574074074074073 0.3723958333333333 0.011574074074074073 0.37395833333333334 0.012037037037037037 0.37421875 0.012037037037037037 0.375 0.0125 0.37526041666666665 0.0125 0.37578125 0.012962962962962963 0.37604166666666666 0.013425925925925926 0.3768229166666667 0.013888888888888888 0.3768229166666667 0.014814814814814815 0.37734375 0.016203703703703703 0.3776041666666667 0.01712962962962963 0.378125 0.018518518518518517 0.37838541666666664 0.019444444444444445 0.37890625 0.01990740740740741 0.37890625 0.020833333333333332 0.37942708333333336 0.021296296296296296 0.37942708333333336 0.022222222222222223 0.37994791666666666 0.022685185185185187 0.37994791666666666 0.02361111111111111 0.38046875 0.024074074074074074 0.38046875 0.02546296296296296 0.38125 0.026851851851851852 0.3815104166666667 0.027777777777777776 0.38203125 0.03009259259259259 0.38255208333333335 0.031018518518518518 0.38307291666666665 0.03148148148148148 0.38307291666666665 0.032407407407407406 0.38359375 0.03287037037037037 0.38359375 0.034722222222222224 0.3846354166666667 0.034722222222222224 0.3848958333333333 0.03564814814814815 0.3854166666666667 0.03564814814814815 0.38567708333333334 0.03611111111111111 0.3859375 0.03611111111111111 0.38645833333333335 0.037037037037037035 0.38723958333333336 0.037037037037037035 0.38776041666666666 0.0375 0.3880208333333333 0.0375 0.3885416666666667 0.03796296296296296 0.3888020833333333 0.03796296296296296 0.3890625 0.03888888888888889 0.38958333333333334 0.03888888888888889 0.38984375 0.040740740740740744 0.39088541666666665 0.041666666666666664 0.39088541666666665 0.04398148148148148 0.39166666666666666 0.04490740740740741 0.39166666666666666 0.04537037037037037 0.3919270833333333 0.046296296296296294 0.3919270833333333 0.04675925925925926 0.3921875 0.047685185185185185 0.3921875 0.04814814814814815 0.3924479166666667 0.05138888888888889 0.3924479166666667 0.05185185185185185 0.3927083333333333 0.05277777777777778 0.3927083333333333 0.05324074074074074 0.39296875 0.053703703703703705 0.39296875 0.05416666666666667 0.3932291666666667 0.05462962962962963 0.3932291666666667 0.060648148148148145 0.39505208333333336 0.06527777777777778 0.39505208333333336 0.06574074074074074 0.39479166666666665 0.06712962962962964 0.39479166666666665 0.06759259259259259 0.39453125 0.06805555555555555 0.39453125 0.06944444444444445 0.39375 0.0699074074074074 0.39375 0.07222222222222222 0.3924479166666667 0.07268518518518519 0.3924479166666667 0.07314814814814814 0.3921875 0.07314814814814814 0.3919270833333333 0.07592592592592592 0.39010416666666664 0.07592592592592592 0.38984375 0.07731481481481481 0.3885416666666667 0.07731481481481481 0.38333333333333336 0.07685185185185185 0.38307291666666665 0.0763888888888889 0.38177083333333334 0.07592592592592592 0.3815104166666667 0.07592592592592592 0.38125 0.07453703703703704 0.38046875 0.07453703703703704 0.3802083333333333 0.07268518518518519 0.37916666666666665 0.07222222222222222 0.37916666666666665 0.0699074074074074 0.37838541666666664 0.06898148148148148 0.37838541666666664 0.06712962962962964 0.3776041666666667 0.06666666666666667 0.3776041666666667 0.06527777777777778 0.3768229166666667 0.06527777777777778 0.3765625 0.06435185185185185 0.37604166666666666 0.06435185185185185 0.37578125 0.06296296296296296 0.375 0.0625 0.375 0.06018518518518518 0.37421875 0.058333333333333334 0.37421875 0.05787037037037037 0.37395833333333334 0.05648148148148148 0.37395833333333334 0.056018518518518516 0.3736979166666667 0.04953703703703704 0.3736979166666667 0.049074074074074076 0.37395833333333334 0.047685185185185185 0.37395833333333334 0.04722222222222222 0.37421875 0.046296296296296294 0.37421875 0.04583333333333333 0.37447916666666664 0.044444444444444446 0.37473958333333335 0.04398148148148148 0.37447916666666664 0.043055555555555555 0.37447916666666664 0.04259259259259259 0.37421875 0.04212962962962963 0.37421875 0.03981481481481482 0.3729166666666667 0.03935185185185185 0.3729166666666667 0.03888888888888889 0.37265625 0.03796296296296296 0.37265625 0.0375 0.3723958333333333 0.03657407407407407 0.3723958333333333 0.03611111111111111 0.37213541666666666 0.034722222222222224 0.37213541666666666 0.03425925925925926 0.371875 0.033796296296296297 0.371875 0.03333333333333333 0.37161458333333336 0.032407407407407406 0.37161458333333336 0.03009259259259259 0.37083333333333335 0.029166666666666667 0.37083333333333335 0.024074074074074074 0.3692708333333333 0.023148148148148147 0.3692708333333333 0.022685185185185187 0.3690104166666667 0.020833333333333332 0.3690104166666667 0.020370370370370372 0.36875 0.01712962962962963 0.36875 0.016666666666666666 0.3690104166666667 0.016203703703703703 0.3690104166666667 0.014814814814814815 0.3697916666666667 0.014351851851851852 0.3697916666666667
0 0.21064814814814814 0.53671875 0.21064814814814814 0.5369791666666667 0.2101851851851852 0.5372395833333333 0.2101851851851852 0.5388020833333333 0.20972222222222223 0.5390625 0.20972222222222223 0.5411458333333333 0.21064814814814814 0.5416666666666666 0.21064814814814814 0.5419270833333333 0.21296296296296297 0.5432291666666667 0.21342592592592594 0.5432291666666667 0.21712962962962962 0.5447916666666667 0.2175925925925926 0.5447916666666667 0.21805555555555556 0.5450520833333333 0.21944444444444444 0.5453125 0.22037037037037038 0.5458333333333333 0.22268518518518518 0.5463541666666667 0.22407407407407406 0.5471354166666667 0.22453703703703703 0.5471354166666667 0.22824074074074074 0.5486979166666667 0.2324074074074074 0.5497395833333333 0.23472222222222222 0.5510416666666667 0.23472222222222222 0.5513020833333333 0.2351851851851852 0.5515625 0.2351851851851852 0.5520833333333334 0.23564814814814813 0.55234375 0.23564814814814813 0.553125 0.2361111111111111 0.5533854166666666 0.2361111111111111 0.5546875 0.23703703703703705 0.55546875 0.23703703703703705 0.55625 0.2388888888888889 0.5572916666666666 0.23935185185185184 0.5572916666666666 0.24074074074074073 0.5578125 0.24444444444444444 0.5578125 0.2449074074074074 0.5580729166666667 0.24722222222222223 0.5580729166666667 0.24768518518518517 0.5583333333333333 0.2490740740740741 0.55859375 0.2513888888888889 0.5598958333333334 0.2513888888888889 0.56015625 0.25277777777777777 0.5606770833333333 0.2537037037037037 0.5606770833333333 0.2550925925925926 0.5611979166666666 0.25601851851851853 0.5611979166666666 0.2564814814814815 0.5614583333333333 0.2569444444444444 0.5614583333333333 0.2574074074074074 0.56171875 0.25833333333333336 0.56171875 0.25972222222222224 0.5622395833333333 0.2601851851851852 0.5622395833333333 0.26064814814814813 0.5619791666666667 0.26296296296296295 0.5619791666666667 0.26342592592592595 0.56171875 0.2638888888888889 0.56171875 0.2652777777777778 0.5609375 0.2657407407407407 0.5609375 0.26666666666666666 0.5604166666666667 0.2671296296296296 0.5604166666666667 0.26805555555555555 0.5598958333333334 0.26805555555555555 0.5596354166666667 0.27175925925925926 0.5572916666666666 0.27175925925925926 0.55703125 0.2726851851851852 0.5565104166666667 0.27361111111111114 0.5552083333333333 0.275 0.5541666666666667 0.275 0.5536458333333333 0.27546296296296297 0.5533854166666666 0.27546296296296297 0.5528645833333333 0.2759259259259259 0.5526041666666667 0.2759259259259259 0.55234375 0.27546296296296297 0.5520833333333334 0.27546296296296297 0.54921875 0.275 0.5489583333333333 0.275 0.5486979166666667 0.2726851851851852 0.5479166666666667 0.27175925925925926 0.5479166666666667 0.2712962962962963 0.54765625 0.2689814814814815 0.5471354166666667 0.2671296296296296 0.54609375 0.2638888888888889 0.5453125 0.26296296296296295 0.5447916666666667 0.26157407407407407 0.54296875 0.25972222222222224 0.5419270833333333 0.25972222222222224 0.5416666666666666 0.25925925925925924 0.5416666666666666 0.2587962962962963 0.54140625 0.25787037037037036 0.54140625 0.2564814814814815 0.5408854166666667 0.25416666666666665 0.5408854166666667 0.2537037037037037 0.5411458333333333 0.25277777777777777 0.5411458333333333 0.2513888888888889 0.5416666666666666 0.25046296296296294 0.5416666666666666 0.25 0.5419270833333333 0.2490740740740741 0.5419270833333333 0.24861111111111112 0.5421875 0.2439814814814815 0.5421875 0.24166666666666667 0.5408854166666667 0.2412037037037037 0.5408854166666667 0.24074074074074073 0.540625 0.24027777777777778 0.540625 0.23981481481481481 0.5403645833333334 0.23935185185185184 0.5403645833333334 0.2388888888888889 0.5401041666666667 0.2337962962962963 0.5388020833333333 0.22962962962962963 0.5369791666666667 0.22916666666666666 0.5369791666666667 0.22870370370370371 0.53671875 0.22777777777777777 0.53671875 0.2273148148148148 0.5364583333333334 0.2263888888888889 0.5364583333333334 0.22592592592592592 0.5361979166666667 0.225 0.5361979166666667 0.22083333333333333 0.5348958333333333 0.2199074074074074 0.5348958333333333 0.21944444444444444 0.5346354166666667 0.21851851851851853 0.5346354166666667 0.21805555555555556 0.534375 0.21712962962962962 0.534375 0.21666666666666667 0.5341145833333333 0.2162037037037037 0.534375 0.21296296296296297 0.53515625
1 0.13472222222222222 0.246875 0.13333333333333333 0.24817708333333333 0.13194444444444445 0.25104166666666666 0.13194444444444445 0.2526041666666667 0.13425925925925927 0.25885416666666666 0.14351851851851852 0.26901041666666664 0.14675925925925926 0.2747395833333333 0.14953703703703702 0.27760416666666665 0.15324074074074073 0.2833333333333333 0.16018518518518518 0.2916666666666667 0.16157407407407406 0.29453125 0.16435185185185186 0.29739583333333336 0.1648148148148148 0.2989583333333333 0.17222222222222222 0.30833333333333335 0.1736111111111111 0.3111979166666667 0.175 0.31223958333333335 0.17777777777777778 0.3171875 0.18055555555555555 0.32005208333333335 0.18425925925925926 0.32578125 0.1837962962962963 0.3302083333333333 0.18055555555555555 0.3338541666666667 0.1814814814814815 0.3372395833333333 0.18518518518518517 0.33984375 0.1925925925925926 0.34140625 0.20277777777777778 0.3416666666666667 0.20879629629629629 0.34088541666666666 0.2162037037037037 0.3385416666666667 0.2222222222222222 0.3341145833333333 0.22361111111111112 0.3299479166666667 0.2212962962962963 0.32760416666666664 0.22083333333333333 0.3263020833333333 0.2199074074074074 0.32578125 0.21574074074074073 0.325 0.20879629629629629 0.32421875 0.2037037037037037 0.32057291666666665 0.20092592592592592 0.31536458333333334 0.19814814814814816 0.31276041666666665 0.19722222222222222 0.3104166666666667 0.19490740740740742 0.30807291666666664 0.18888888888888888 0.29921875 0.1837962962962963 0.29322916666666665 0.18194444444444444 0.28984375 0.17824074074074073 0.28567708333333336 0.17037037037037037 0.27369791666666665 0.16574074074074074 0.26875 0.1625 0.26328125 0.15601851851851853 0.25546875 0.15416666666666667 0.2518229166666667 0.15046296296296297 0.2484375 0.14537037037037037 0.24609375 0.14212962962962963 0.24583333333333332
1 0.37407407407407406 0.37526041666666665 0.3726851851851852 0.37213541666666666 0.36944444444444446 0.37057291666666664 0.36666666666666664 0.37005208333333334 0.35185185185185186 0.3703125 0.3425925925925926 0.37109375 0.337037037037037 0.37109375 0.33425925925925926 0.37161458333333336 0.32916666666666666 0.37161458333333336 0.32546296296296295 0.37213541666666666 0.2875 0.3729166666666667 0.27546296296296297 0.37395833333333334 0.25324074074074077 0.37447916666666664 0.24444444444444444 0.37552083333333336 0.21805555555555556 0.37578125 0.21342592592592594 0.3763020833333333 0.2074074074074074 0.37578125 0.20555555555555555 0.375 0.2037037037037037 0.3731770833333333 0.20092592592592592 0.37161458333333336 0.1925925925925926 0.371875 0.18981481481481483 0.3731770833333333 0.18935185185185185 0.37421875 0.18888888888888888 0.3815104166666667 0.1912037037037037 0.38984375 0.19305555555555556 0.39296875 0.19675925925925927 0.3953125 0.2050925925925926 0.3953125 0.2125 0.3932291666666667 0.2175925925925926 0.3893229166666667 0.21944444444444444 0.3888020833333333 0.225 0.38828125 0.24027777777777778 0.38776041666666666 0.24768518518518517 0.38697916666666665 0.2523148148148148 0.3875 0.26296296296296295 0.38645833333333335 0.2652777777777778 0.38671875 0.27824074074074073 0.38619791666666664 0.28379629629629627 0.38645833333333335 0.31342592592592594 0.38515625 0.33935185185185185 0.3846354166666667 0.3472222222222222 0.38385416666666666 0.35694444444444445 0.38359375 0.3611111111111111 0.38255208333333335 0.36527777777777776 0.38255208333333335 0.37175925925925923 0.3807291666666667 0.3731481481481482 0.3796875 0.37407407407407406 0.37786458333333334
3 0.2449074074074074 0.6502604166666667 0.2449074074074074 0.6544270833333333 0.24861111111111112 0.6567708333333333 0.25 0.65703125 0.2523148148148148 0.6580729166666667 0.25601851851851853 0.6588541666666666 0.2671296296296296 0.6630208333333333 0.2722222222222222 0.6643229166666667 0.2777777777777778 0.6669270833333333 0.28379629629629627 0.6682291666666667 0.2902777777777778 0.67109375 0.2962962962962963 0.67265625 0.2972222222222222 0.6731770833333334 0.30092592592592593 0.67421875 0.30185185185185187 0.67421875 0.30462962962962964 0.675 0.3055555555555556 0.6755208333333333 0.3101851851851852 0.6768229166666667 0.31157407407407406 0.6778645833333333 0.31157407407407406 0.6786458333333333 0.31203703703703706 0.67890625 0.31203703703703706 0.6796875 0.31296296296296294 0.6809895833333334 0.31296296296296294 0.68203125 0.31342592592592594 0.6822916666666666 0.3143518518518518 0.68515625 0.31666666666666665 0.6859375 0.3175925925925926 0.6859375 0.31805555555555554 0.6861979166666666 0.3226851851851852 0.6861979166666666 0.32546296296296295 0.68515625 0.32731481481481484 0.6833333333333333 0.33101851851851855 0.6817708333333333 0.3337962962962963 0.6799479166666667 0.337037037037037 0.6768229166666667 0.3416666666666667 0.6736979166666667 0.3416666666666667 0.6729166666666667 0.3421296296296296 0.67265625 0.3425925925925926 0.6713541666666667 0.34444444444444444 0.6697916666666667 0.3453703703703704 0.6658854166666667 0.34120370370370373 0.6627604166666666 0.3388888888888889 0.6622395833333333 0.3337962962962963 0.6622395833333333 0.3300925925925926 0.6643229166666667 0.3263888888888889 0.6653645833333334 0.32546296296296295 0.6653645833333334 0.3212962962962963 0.6643229166666667 0.31666666666666665 0.6622395833333333 0.3148148148148148 0.66171875 0.3138888888888889 0.66171875 0.31157407407407406 0.6609375 0.3106481481481482 0.6609375 0.3087962962962963 0.66015625 0.3023148148148148 0.65859375 0.2949074074074074 0.6557291666666667 0.2912037037037037 0.6549479166666666 0.2875 0.6533854166666667 0.2851851851851852 0.6528645833333333 0.28379629629629627 0.6528645833333333 0.2773148148148148 0.6505208333333333 0.2722222222222222 0.64921875 0.2712962962962963 0.6486979166666667 0.2689814814814815 0.6484375 0.2601851851851852 0.6458333333333334 0.25925925925925924 0.6458333333333334 0.25601851851851853 0.6450520833333333 0.2513888888888889 0.6447916666666667 0.2490740740740741 0.64609375
5 0.3143518518518518 0.6145833333333334 0.31342592592592594 0.6151041666666667 0.31296296296296294 0.6151041666666667 0.30972222222222223 0.6169270833333333 0.30972222222222223 0.6171875 0.3087962962962963 0.6177083333333333 0.30833333333333335 0.6184895833333334 0.3074074074074074 0.6190104166666667 0.30694444444444446 0.6197916666666666 0.3060185185185185 0.6203125 0.3060185185185185 0.6205729166666667 0.3055555555555556 0.6208333333333333 0.3055555555555556 0.62109375 0.30462962962962964 0.621875 0.30462962962962964 0.6223958333333334 0.30416666666666664 0.62265625 0.30416666666666664 0.6244791666666667 0.3037037037037037 0.6247395833333333 0.3037037037037037 0.6268229166666667 0.30416666666666664 0.6270833333333333 0.30416666666666664 0.6276041666666666 0.30462962962962964 0.6278645833333333 0.30462962962962964 0.6283854166666667 0.3050925925925926 0.6286458333333333 0.3050925925925926 0.6291666666666667 0.3055555555555556 0.6294270833333333 0.3055555555555556 0.6302083333333334 0.3060185185185185 0.63046875 0.3060185185185185 0.6309895833333333 0.30648148148148147 0.63125 0.30648148148148147 0.6317708333333333 0.30694444444444446 0.63203125 0.30694444444444446 0.6322916666666667 0.30787037037037035 0.6330729166666667 0.30787037037037035 0.63359375 0.30833333333333335 0.6338541666666667 0.3087962962962963 0.6346354166666667 0.3101851851851852 0.6354166666666666 0.3101851851851852 0.6356770833333333 0.3106481481481482 0.6356770833333333 0.3111111111111111 0.6359375 0.31203703703703706 0.6359375 0.3125 0.6361979166666667 0.3138888888888889 0.6361979166666667 0.3143518518518518 0.6364583333333333 0.31527777777777777 0.6364583333333333 0.31574074074074077 0.63671875 0.31666666666666665 0.63671875 0.31805555555555554 0.6372395833333333 0.3199074074074074 0.6372395833333333 0.32037037037037036 0.6375 0.32175925925925924 0.6375 0.32222222222222224 0.6377604166666667 0.32407407407407407 0.6377604166666667 0.324537037037037 0.6380208333333334 0.33194444444444443 0.6380208333333334 0.33240740740740743 0.6377604166666667 0.3337962962962963 0.6377604166666667 0.33425925925925926 0.6375 0.3351851851851852 0.6375 0.33564814814814814 0.6372395833333333 0.3365740740740741 0.6372395833333333 0.337037037037037 0.6369791666666667 0.3375 0.6369791666666667 0.3384259259259259 0.6364583333333333 0.3384259259259259 0.6361979166666667 0.34120370370370373 0.6346354166666667 0.3453703703703704 0.6338541666666667 0.3453703703703704 0.63359375 0.3458333333333333 0.6333333333333333 0.3458333333333333 0.6328125 0.34629629629629627 0.6325520833333333 0.34629629629629627 0.63203125 0.34675925925925927 0.6317708333333333 0.34675925925925927 0.63125 0.3472222222222222 0.6309895833333333 0.3472222222222222 0.6299479166666667 0.3476851851851852 0.6296875 0.3476851851851852 0.6286458333333333 0.34814814814814815 0.6283854166666667 0.34814814814814815 0.62734375 0.3486111111111111 0.6270833333333333 0.3486111111111111 0.6265625 0.34814814814814815 0.6263020833333334 0.34814814814814815 0.625 0.3476851851851852 0.6247395833333333 0.3476851851851852 0.6236979166666666 0.3472222222222222 0.6234375 0.3472222222222222 0.62265625 0.34675925925925927 0.6223958333333334 0.34675925925925927 0.6216145833333333 0.34629629629629627 0.6213541666666667 0.34629629629629627 0.6208333333333333 0.3458333333333333 0.6205729166666667 0.3458333333333333 0.6203125 0.3449074074074074 0.61953125 0.3449074074074074 0.6190104166666667 0.34444444444444444 0.61875 0.34444444444444444 0.6184895833333334 0.3439814814814815 0.6182291666666667 0.3439814814814815 0.61796875 0.3435185185185185 0.6177083333333333 0.3435185185185185 0.6174479166666667 0.34305555555555556 0.6171875 0.3425925925925926 0.61640625 0.3416666666666667 0.6158854166666666 0.3416666666666667 0.615625 0.34074074074074073 0.6151041666666667 0.3402777777777778 0.6151041666666667 0.3398148148148148 0.61484375 0.3388888888888889 0.61484375 0.3384259259259259 0.6145833333333334 0.3375 0.6145833333333334 0.337037037037037 0.6143229166666667 0.33611111111111114 0.6143229166666667 0.33564814814814814 0.6140625 0.3347222222222222 0.6140625 0.33425925925925926 0.6138020833333333 0.3175925925925926 0.6138020833333333 0.31712962962962965 0.6140625 0.31666666666666665 0.6140625 0.31527777777777777 0.6145833333333334
1 0.31666666666666665 0.4856770833333333 0.3074074074074074 0.4903645833333333 0.3050925925925926 0.49375 0.30648148148148147 0.49583333333333335 0.3106481481481482 0.4981770833333333 0.31342592592592594 0.4984375 0.3194444444444444 0.4981770833333333 0.32314814814814813 0.49947916666666664 0.324537037037037 0.5018229166666667 0.3287037037037037 0.50625 0.3351851851851852 0.5114583333333333 0.337037037037037 0.5140625 0.3398148148148148 0.5161458333333333 0.3416666666666667 0.5184895833333333 0.34675925925925927 0.5223958333333333 0.35185185185185186 0.52734375 0.35324074074074074 0.5294270833333333 0.35555555555555557 0.5309895833333333 0.35694444444444445 0.5330729166666667 0.3592592592592593 0.5346354166666667 0.36666666666666664 0.5419270833333333 0.36898148148148147 0.5450520833333333 0.37592592592592594 0.55078125 0.38055555555555554 0.55625 0.38333333333333336 0.5583333333333333 0.39305555555555555 0.5684895833333333 0.399537037037037 0.57421875 0.40370370370370373 0.5765625 0.40879629629629627 0.5765625 0.41574074074074074 0.5752604166666667 0.41898148148148145 0.57265625 0.41805555555555557 0.5682291666666667 0.3925925925925926 0.5424479166666667 0.38472222222222224 0.5356770833333333 0.37777777777777777 0.528125 0.3680555555555556 0.51953125 0.362962962962963 0.5135416666666667 0.35694444444444445 0.5083333333333333 0.34675925925925927 0.4973958333333333 0.3458333333333333 0.4953125 0.34444444444444444 0.4940104166666667 0.34444444444444444 0.48984375 0.3476851851851852 0.48671875 0.3476851851851852 0.4856770833333333 0.3453703703703704 0.4825520833333333 0.3402777777777778 0.48098958333333336 0.3365740740740741 0.48098958333333336 0.32916666666666666 0.4822916666666667 0.32083333333333336 0.48489583333333336
0 0.40046296296296297 0.4005208333333333 0.3962962962962963 0.39817708333333335 0.3958333333333333 0.39817708333333335 0.39537037037037037 0.39791666666666664 0.3939814814814815 0.39791666666666664 0.39351851851851855 0.39765625 0.39166666666666666 0.39765625 0.3902777777777778 0.39817708333333335 0.38935185185185184 0.39817708333333335 0.3888888888888889 0.3984375 0.38842592592592595 0.3984375 0.3875 0.39895833333333336 0.387037037037037 0.39895833333333336 0.38657407407407407 0.39921875 0.3851851851851852 0.39947916666666666 0.38425925925925924 0.4 0.38287037037037036 0.4002604166666667 0.3814814814814815 0.4010416666666667 0.38101851851851853 0.4010416666666667 0.3800925925925926 0.4015625 0.37962962962962965 0.4015625 0.3787037037037037 0.40208333333333335 0.37824074074074077 0.40208333333333335 0.3773148148148148 0.40260416666666665 0.3768518518518518 0.40260416666666665 0.37592592592592594 0.403125 0.37546296296296294 0.403125 0.37453703703703706 0.4036458333333333 0.37407407407407406 0.4036458333333333 0.3731481481481482 0.4041666666666667 0.3726851851851852 0.4041666666666667 0.37175925925925923 0.4046875 0.3712962962962963 0.4046875 0.36898148148148147 0.40598958333333335 0.3680555555555556 0.40598958333333335 0.3675925925925926 0.40625 0.36666666666666664 0.40625 0.3662037037037037 0.40651041666666665 0.3625 0.40651041666666665 0.36203703703703705 0.40625 0.3597222222222222 0.40625 0.3592592592592593 0.40598958333333335 0.3578703703703704 0.40598958333333335 0.3574074074074074 0.40572916666666664 0.35694444444444445 0.40598958333333335 0.3560185185185185 0.40598958333333335 0.35555555555555557 0.40625 0.35324074074074074 0.40651041666666665 0.350462962962963 0.4080729166666667 0.350462962962963 0.4083333333333333 0.34953703703703703 0.4088541666666667 0.34953703703703703 0.40911458333333334 0.3476851851851852 0.41015625 0.3472222222222222 0.41015625 0.3453703703703704 0.4109375 0.34444444444444444 0.4109375 0.3439814814814815 0.41119791666666666 0.3425925925925926 0.41119791666666666 0.34074074074074073 0.4119791666666667 0.3402777777777778 0.4119791666666667 0.3402777777777778 0.4122395833333333 0.3375 0.41510416666666666 0.3375 0.4166666666666667 0.33796296296296297 0.41692708333333334 0.33796296296296297 0.4171875 0.3384259259259259 0.41744791666666664 0.3384259259259259 0.41796875 0.3398148148148148 0.4192708333333333 0.3398148148148148 0.4197916666666667 0.34074074074074073 0.4203125 0.34074074074074073 0.4205729166666667 0.3425925925925926 0.42161458333333335 0.3425925925925926 0.421875 0.3439814814814815 0.42265625 0.3439814814814815 0.42291666666666666 0.3453703703703704 0.4239583333333333 0.3453703703703704 0.42421875 0.3458333333333333 0.42421875 0.34953703703703703 0.42604166666666665 0.35138888888888886 0.42604166666666665 0.35185185185185186 0.42630208333333336 0.35555555555555557 0.42630208333333336 0.3560185185185185 0.42604166666666665 0.3574074074074074 0.42604166666666665 0.3578703703703704 0.42578125 0.3592592592592593 0.42552083333333335 0.36018518518518516 0.425 0.36064814814814816 0.425 0.3611111111111111 0.42473958333333334 0.36157407407407405 0.42473958333333334 0.36203703703703705 0.4244791666666667 0.36527777777777776 0.4236979166666667 0.3662037037037037 0.4231770833333333 0.3685185185185185 0.42265625 0.37175925925925923 0.42109375 0.37175925925925923 0.42083333333333334 0.3736111111111111 0.4197916666666667 0.3736111111111111 0.4192708333333333 0.37407407407407406 0.41901041666666666 0.37407407407407406 0.41848958333333336 0.37453703703703706 0.41822916666666665 0.375 0.41744791666666664 0.37592592592592594 0.41692708333333334 0.37592592592592594 0.4166666666666667 0.3768518518518518 0.4161458333333333 0.3768518518518518 0.4158854166666667 0.3787037037037037 0.41484375 0.37916666666666665 0.41484375 0.38055555555555554 0.4140625 0.38101851851851853 0.4140625 0.3819444444444444 0.41354166666666664 0.3824074074074074 0.41354166666666664 0.38333333333333336 0.41302083333333334 0.3837962962962963 0.41302083333333334 0.3861111111111111 0.41171875 0.38657407407407407 0.41171875 0.3875 0.41119791666666666 0.38796296296296295 0.41119791666666666 0.38842592592592595 0.4109375 0.39166666666666666 0.41015625 0.39490740740740743 0.40859375 0.3962962962962963 0.4083333333333333 0.4 0.40625 0.4 0.40598958333333335 0.4009259259259259 0.40520833333333334 0.4009259259259259 0.4046875 0.4013888888888889 0.4044270833333333 0.4013888888888889 0.403125 0.4009259259259259 0.40286458333333336 0.4009259259259259 0.4015625 0.40046296296296297 0.40130208333333334
0 0.40046296296296297 0.45989583333333334 0.40046296296296297 0.46015625 0.4 0.46041666666666664 0.4 0.4609375 0.399537037037037 0.46119791666666665 0.399537037037037 0.46171875 0.3990740740740741 0.46197916666666666 0.3990740740740741 0.4625 0.39861111111111114 0.4627604166666667 0.39861111111111114 0.46328125 0.39814814814814814 0.4635416666666667 0.39814814814814814 0.46432291666666664 0.3976851851851852 0.46458333333333335 0.3976851851851852 0.46510416666666665 0.3972222222222222 0.46536458333333336 0.3972222222222222 0.46588541666666666 0.39675925925925926 0.4661458333333333 0.39675925925925926 0.4666666666666667 0.3962962962962963 0.4669270833333333 0.3962962962962963 0.46770833333333334 0.3958333333333333 0.46796875 0.3958333333333333 0.46901041666666665 0.39537037037037037 0.46927083333333336 0.39537037037037037 0.4703125 0.39490740740740743 0.4705729166666667 0.39537037037037037 0.4708333333333333 0.39537037037037037 0.471875 0.3958333333333333 0.47213541666666664 0.3958333333333333 0.47291666666666665 0.3962962962962963 0.47317708333333336 0.3962962962962963 0.47369791666666666 0.3972222222222222 0.4744791666666667 0.3976851851851852 0.4744791666666667 0.4 0.4752604166666667 0.4027777777777778 0.4752604166666667 0.40324074074074073 0.47552083333333334 0.4064814814814815 0.47552083333333334 0.40694444444444444 0.47578125 0.4083333333333333 0.47578125 0.4111111111111111 0.47708333333333336 0.4115740740740741 0.47708333333333336 0.412962962962963 0.47760416666666666 0.41388888888888886 0.47760416666666666 0.4152777777777778 0.478125 0.4162037037037037 0.478125 0.4166666666666667 0.4778645833333333 0.41712962962962963 0.4778645833333333 0.41759259259259257 0.47760416666666666 0.4185185185185185 0.47760416666666666 0.41898148148148145 0.47734375 0.42083333333333334 0.47734375 0.4212962962962963 0.47708333333333336 0.42407407407407405 0.47708333333333336 0.42453703703703705 0.47734375 0.42685185185185187 0.47734375 0.4273148148148148 0.47760416666666666 0.42962962962962964 0.47760416666666666 0.4300925925925926 0.4778645833333333 0.43194444444444446 0.4778645833333333 0.4324074074074074 0.478125 0.43472222222222223 0.478125 0.4351851851851852 0.4783854166666667 0.4388888888888889 0.4783854166666667 0.4393518518518518 0.4786458333333333 0.44074074074074077 0.4786458333333333 0.4412037037037037 0.47890625 0.44305555555555554 0.47890625 0.44351851851851853 0.4791666666666667 0.4449074074074074 0.4791666666666667 0.44537037037037036 0.47942708333333334 0.44675925925925924 0.47942708333333334 0.44722222222222224 0.4796875 0.44907407407407407 0.4796875 0.449537037037037 0.47994791666666664 0.45185185185185184 0.47994791666666664 0.45231481481481484 0.48020833333333335 0.4550925925925926 0.48020833333333335 0.45555555555555555 0.48046875 0.4587962962962963 0.48046875 0.45925925925925926 0.48020833333333335 0.46064814814814814 0.47994791666666664 0.4638888888888889 0.4783854166666667 0.4638888888888889 0.4778645833333333 0.46435185185185185 0.47760416666666666 0.46435185185185185 0.47708333333333336 0.4648148148148148 0.47682291666666665 0.4648148148148148 0.47578125 0.4652777777777778 0.47552083333333334 0.4652777777777778 0.4739583333333333 0.4648148148148148 0.47369791666666666 0.4648148148148148 0.47317708333333336 0.46435185185185185 0.47291666666666665 0.4638888888888889 0.47213541666666664 0.462037037037037 0.47109375 0.4615740740740741 0.47109375 0.4601851851851852 0.4705729166666667 0.45925925925925926 0.4705729166666667 0.4587962962962963 0.4703125 0.4564814814814815 0.4703125 0.45601851851851855 0.4700520833333333 0.4546296296296296 0.4700520833333333 0.45416666666666666 0.46979166666666666 0.4532407407407407 0.46979166666666666 0.45185185185185184 0.46927083333333336 0.44722222222222224 0.46927083333333336 0.4425925925925926 0.46770833333333334 0.44166666666666665 0.46770833333333334 0.4393518518518518 0.4669270833333333 0.43842592592592594 0.4669270833333333 0.43703703703703706 0.46640625 0.4361111111111111 0.46640625 0.43472222222222223 0.46588541666666666 0.4337962962962963 0.46588541666666666 0.4324074074074074 0.46536458333333336 0.43148148148148147 0.46536458333333336 0.4305555555555556 0.46484375 0.42824074074074076 0.46432291666666664 0.42685185185185187 0.4635416666666667 0.42685185185185187 0.46328125 0.4263888888888889 0.4630208333333333 0.42592592592592593 0.4622395833333333 0.425 0.46171875 0.42453703703703705 0.4609375 0.42314814814814816 0.46015625 0.4222222222222222 0.46015625 0.4217592592592593 0.45989583333333334 0.4203703703703704 0.45989583333333334 0.4199074074074074 0.4596354166666667 0.41944444444444445 0.4596354166666667 0.41898148148148145 0.45989583333333334 0.41759259259259257 0.45989583333333334 0.41712962962962963 0.46015625 0.4162037037037037 0.46015625 0.41574074074074074 0.46041666666666664 0.4152777777777778 0.46015625 0.41388888888888886 0.46015625 0.4134259259259259 0.45989583333333334 0.4125 0.45989583333333334 0.40925925925925927 0.4588541666666667 0.4078703703703704 0.4588541666666667 0.4074074074074074 0.45859375 0.4060185185185185 0.45859375 0.40555555555555556 0.4583333333333333 0.40370370370370373 0.4583333333333333 0.40324074074074073 0.45859375 0.40185185185185185 0.4588541666666667 0.40185185185185185 0.4591145833333333
4 0.45092592592592595 0.22890625 0.44907407407407407 0.22838541666666667 0.4449074074074074 0.22838541666666667 0.4444444444444444 0.22864583333333333 0.4425925925925926 0.22890625 0.44166666666666665 0.22942708333333334 0.43842592592592594 0.23046875 0.43703703703703706 0.23125 0.43657407407407406 0.23125 0.43425925925925923 0.2328125 0.43425925925925923 0.23645833333333333 0.4337962962962963 0.23671875 0.4337962962962963 0.23723958333333334 0.4310185185185185 0.23984375 0.42962962962962964 0.240625 0.42916666666666664 0.240625 0.42685185185185187 0.24166666666666667 0.42592592592592593 0.24166666666666667 0.425462962962963 0.24192708333333332 0.4236111111111111 0.2421875 0.41944444444444445 0.24427083333333333 0.412962962962963 0.24609375 0.4115740740740741 0.246875 0.4078703703703704 0.24817708333333333 0.40324074074074073 0.25052083333333336 0.40185185185185185 0.25078125 0.39861111111111114 0.2520833333333333 0.39537037037037037 0.25286458333333334 0.3925925925925926 0.25416666666666665 0.39166666666666666 0.2552083333333333 0.39166666666666666 0.25677083333333334 0.3921296296296296 0.25703125 0.3925925925925926 0.259375 0.39444444444444443 0.26145833333333335 0.39444444444444443 0.26197916666666665 0.3958333333333333 0.26328125 0.3958333333333333 0.2638020833333333 0.39861111111111114 0.26536458333333335 0.3990740740740741 0.26536458333333335 0.4041666666666667 0.26848958333333334 0.4074074074074074 0.26848958333333334 0.4078703703703704 0.2682291666666667 0.4097222222222222 0.2682291666666667 0.4101851851851852 0.26796875 0.4134259259259259 0.2677083333333333 0.41388888888888886 0.2674479166666667 0.4162037037037037 0.2671875 0.41759259259259257 0.26666666666666666 0.4185185185185185 0.26666666666666666 0.42314814814814816 0.26536458333333335 0.42407407407407405 0.26484375 0.42824074074074076 0.2638020833333333 0.42916666666666664 0.26328125 0.4310185185185185 0.2630208333333333 0.43287037037037035 0.26223958333333336 0.43703703703703706 0.26119791666666664 0.43796296296296294 0.26067708333333334 0.44351851851851853 0.2591145833333333 0.44583333333333336 0.25885416666666666 0.44722222222222224 0.25833333333333336 0.45185185185185184 0.25807291666666665 0.45231481481481484 0.25833333333333336 0.4550925925925926 0.25833333333333336 0.4564814814814815 0.25885416666666666 0.45925925925925926 0.2591145833333333 0.4625 0.25807291666666665 0.4634259259259259 0.25807291666666665 0.4666666666666667 0.25703125 0.4675925925925926 0.25703125 0.4685185185185185 0.2565104166666667 0.4689814814814815 0.2565104166666667 0.4703703703703704 0.25546875 0.4703703703703704 0.25494791666666666 0.47129629629629627 0.25390625 0.47129629629629627 0.253125 0.47175925925925927 0.25286458333333334 0.47175925925925927 0.2520833333333333 0.4722222222222222 0.2518229166666667 0.47129629629629627 0.25104166666666666 0.4699074074074074 0.24791666666666667 0.46574074074074073 0.24479166666666666 0.4652777777777778 0.24375 0.4638888888888889 0.24244791666666668 0.46296296296296297 0.24036458333333333 0.4615740740740741 0.23932291666666666 0.4601851851851852 0.23776041666666667 0.4597222222222222 0.23645833333333333 0.4587962962962963 0.23541666666666666 0.45694444444444443 0.23411458333333332 0.45601851851851855 0.23307291666666666 0.45601851851851855 0.23255208333333333 0.45231481481481484 0.23020833333333332
3 0.42407407407407405 0.22447916666666667 0.41898148148148145 0.22135416666666666 0.41759259259259257 0.22109375 0.4166666666666667 0.22057291666666667 0.4115740740740741 0.22057291666666667 0.4097222222222222 0.22161458333333334 0.4060185185185185 0.22265625 0.40370370370370373 0.22421875 0.40370370370370373 0.22473958333333333 0.4027777777777778 0.22552083333333334 0.4027777777777778 0.22604166666666667 0.40185185185185185 0.22708333333333333 0.4013888888888889 0.22864583333333333 0.399537037037037 0.23072916666666668 0.3962962962962963 0.2328125 0.3925925925925926 0.23385416666666667 0.3902777777777778 0.23515625 0.38472222222222224 0.23723958333333334 0.38101851851851853 0.2390625 0.37777777777777777 0.24010416666666667 0.37592592592592594 0.24114583333333334 0.37546296296296294 0.24114583333333334 0.37407407407407406 0.24192708333333332 0.3726851851851852 0.2421875 0.3699074074074074 0.24348958333333334 0.3675925925925926 0.24401041666666667 0.36527777777777776 0.2453125 0.36342592592592593 0.24583333333333332 0.36203703703703705 0.24661458333333333 0.35555555555555557 0.24791666666666667 0.3537037037037037 0.24921875 0.35324074074074074 0.25 0.35138888888888886 0.25104166666666666 0.34953703703703703 0.2515625 0.3486111111111111 0.2515625 0.3458333333333333 0.2526041666666667 0.3449074074074074 0.25442708333333336 0.34444444444444444 0.2546875 0.34444444444444444 0.25546875 0.3439814814814815 0.2557291666666667 0.34444444444444444 0.2559895833333333 0.34444444444444444 0.25755208333333335 0.3449074074074074 0.2578125 0.3453703703703704 0.2596354166666667 0.3458333333333333 0.2596354166666667 0.3472222222222222 0.2604166666666667 0.35324074074074074 0.26276041666666666 0.3560185185185185 0.26276041666666666 0.35648148148148145 0.2630208333333333 0.3574074074074074 0.2630208333333333 0.3578703703703704 0.26276041666666666 0.36157407407407405 0.2625 0.3680555555555556 0.2604166666666667 0.37037037037037035 0.2591145833333333 0.3773148148148148 0.2565104166666667 0.38055555555555554 0.2546875 0.38425925925925924 0.25364583333333335 0.387037037037037 0.25338541666666664 0.3875 0.253125 0.39351851851851855 0.253125 0.4009259259259259 0.25104166666666666 0.40185185185185185 0.25104166666666666 0.4046296296296296 0.25026041666666665 0.40694444444444444 0.24921875 0.4125 0.24791666666666667 0.4185185185185185 0.24505208333333334 0.4217592592592593 0.24401041666666667 0.42453703703703705 0.24270833333333333 0.4310185185185185 0.24114583333333334 0.43333333333333335 0.23984375 0.43333333333333335 0.2390625 0.4337962962962963 0.23880208333333333 0.4337962962962963 0.23828125 0.43472222222222223 0.23723958333333334 0.43472222222222223 0.23645833333333333 0.4351851851851852 0.23619791666666667 0.43425925925925923 0.23541666666666666 0.43425925925925923 0.23489583333333333 0.43333333333333335 0.23411458333333332 0.4324074074074074 0.23229166666666667 0.42962962962962964 0.23072916666666668 0.42824074074074076 0.22916666666666666 0.42824074074074076 0.22864583333333333 0.42453703703703705 0.22552083333333334
2 0.45555555555555555 0.28802083333333334 0.4546296296296296 0.28854166666666664 0.4532407407407407 0.29010416666666666 0.45185185185185184 0.2908854166666667 0.4513888888888889 0.2908854166666667 0.45 0.29244791666666664 0.44675925925925924 0.2947916666666667 0.44675925925925924 0.29583333333333334 0.44583333333333336 0.296875 0.4425925925925926 0.2984375 0.4425925925925926 0.2989583333333333 0.4412037037037037 0.30078125 0.4393518518518518 0.30182291666666666 0.43796296296296294 0.30364583333333334 0.43703703703703706 0.30416666666666664 0.43657407407407406 0.30494791666666665 0.4356481481481482 0.30546875 0.43472222222222223 0.3065104166666667 0.43472222222222223 0.30703125 0.43425925925925923 0.3072916666666667 0.43425925925925923 0.30833333333333335 0.4337962962962963 0.30859375 0.4337962962962963 0.309375 0.43333333333333335 0.30963541666666666 0.43333333333333335 0.3106770833333333 0.4351851851851852 0.31276041666666665 0.43796296296296294 0.3143229166666667 0.4412037037037037 0.3151041666666667 0.4425925925925926 0.3151041666666667 0.44305555555555554 0.31536458333333334 0.4439814814814815 0.3151041666666667 0.44537037037037036 0.3151041666666667 0.4486111111111111 0.3143229166666667 0.449537037037037 0.3143229166666667 0.45046296296296295 0.3138020833333333 0.4513888888888889 0.3138020833333333 0.45231481481481484 0.3143229166666667 0.45555555555555555 0.3145833333333333 0.45694444444444443 0.3151041666666667 0.45787037037037037 0.3151041666666667 0.46064814814814814 0.31588541666666664 0.4625 0.31666666666666665 0.46620370370370373 0.3171875 0.46944444444444444 0.31875 0.47685185185185186 0.32083333333333336 0.47824074074074074 0.3216145833333333 0.48518518518518516 0.32395833333333335 0.4898148148148148 0.3260416666666667 0.4935185185185185 0.32708333333333334 0.49444444444444446 0.32708333333333334 0.49675925925925923 0.32786458333333335 0.5 0.32786458333333335 0.5018518518518519 0.32734375 0.5069444444444444 0.32369791666666664 0.5083333333333333 0.3221354166666667 0.5083333333333333 0.3216145833333333 0.5097222222222222 0.32057291666666665 0.5120370370370371 0.31796875 0.5120370370370371 0.31692708333333336 0.5125 0.31666666666666665 0.5125 0.31588541666666664 0.513425925925926 0.31484375 0.512962962962963 0.3138020833333333 0.5083333333333333 0.3106770833333333 0.5083333333333333 0.3104166666666667 0.5037037037037037 0.30885416666666665 0.5018518518518519 0.3078125 0.49953703703703706 0.3072916666666667 0.4981481481481482 0.3065104166666667 0.49398148148148147 0.30546875 0.487962962962963 0.3026041666666667 0.48657407407407405 0.30234375 0.48564814814814816 0.30182291666666666 0.4837962962962963 0.30130208333333336 0.4810185185185185 0.29973958333333334 0.48055555555555557 0.29973958333333334 0.47824074074074074 0.2986979166666667 0.4773148148148148 0.2986979166666667 0.47638888888888886 0.2981770833333333 0.4736111111111111 0.29739583333333336 0.47129629629629627 0.29583333333333334 0.4708333333333333 0.2953125 0.4708333333333333 0.29453125 0.4703703703703704 0.2942708333333333 0.4703703703703704 0.29348958333333336 0.4685185185185185 0.29140625 0.4671296296296296 0.290625 0.4666666666666667 0.290625 0.4652777777777778 0.28984375 0.4648148148148148 0.28984375 0.4615740740740741 0.28854166666666664 0.46064814814814814 0.28854166666666664 0.45925925925925926 0.28802083333333334
0 0.4935185185185185 0.25442708333333336 0.4925925925925926 0.25442708333333336 0.49212962962962964 0.25416666666666665 0.4912037037037037 0.25416666666666665 0.49074074074074076 0.25390625 0.4861111111111111 0.25390625 0.48564814814814816 0.25416666666666665 0.48333333333333334 0.2546875 0.48055555555555557 0.2565104166666667 0.48055555555555557 0.25677083333333334 0.48009259259259257 0.25703125 0.48009259259259257 0.25729166666666664 0.4791666666666667 0.2578125 0.47824074074074074 0.2591145833333333 0.4773148148148148 0.2596354166666667 0.4773148148148148 0.2598958333333333 0.4759259259259259 0.26119791666666664 0.4759259259259259 0.26171875 0.475 0.2625 0.475 0.2630208333333333 0.47453703703703703 0.26328125 0.47453703703703703 0.2635416666666667 0.4740740740740741 0.2638020833333333 0.4736111111111111 0.2638020833333333 0.4726851851851852 0.2643229166666667 0.4722222222222222 0.2643229166666667 0.47129629629629627 0.26484375 0.4699074074074074 0.26510416666666664 0.46805555555555556 0.26614583333333336 0.46805555555555556 0.26640625 0.4652777777777778 0.26796875 0.4648148148148148 0.26796875 0.4638888888888889 0.26848958333333334 0.4634259259259259 0.26848958333333334 0.4615740740740741 0.26953125 0.4615740740740741 0.26979166666666665 0.46064814814814814 0.27057291666666666 0.46064814814814814 0.27109375 0.4601851851851852 0.2713541666666667 0.4601851851851852 0.2721354166666667 0.4597222222222222 0.27239583333333334 0.4597222222222222 0.27317708333333335 0.45925925925925926 0.2734375 0.45925925925925926 0.27421875 0.4587962962962963 0.27447916666666666 0.4587962962962963 0.2752604166666667 0.4583333333333333 0.2755208333333333 0.4583333333333333 0.2760416666666667 0.45787037037037037 0.27630208333333334 0.45787037037037037 0.27682291666666664 0.45740740740740743 0.27708333333333335 0.45740740740740743 0.27760416666666665 0.45694444444444443 0.27786458333333336 0.45694444444444443 0.27838541666666666 0.4564814814814815 0.2786458333333333 0.4564814814814815 0.2799479166666667 0.45601851851851855 0.28020833333333334 0.45601851851851855 0.284375 0.4564814814814815 0.28463541666666664 0.4564814814814815 0.28541666666666665 0.45694444444444443 0.28567708333333336 0.45694444444444443 0.28619791666666666 0.45787037037037037 0.28671875 0.45787037037037037 0.2869791666666667 0.4583333333333333 0.2869791666666667 0.4601851851851852 0.28802083333333334 0.46064814814814814 0.28802083333333334 0.4615740740740741 0.28854166666666664 0.46296296296296297 0.28880208333333335 0.4638888888888889 0.28932291666666665 0.46435185185185185 0.28932291666666665 0.4652777777777778 0.28984375 0.46574074074074073 0.28984375 0.4666666666666667 0.2903645833333333 0.4671296296296296 0.2903645833333333 0.4699074074074074 0.2916666666666667 0.4708333333333333 0.2916666666666667 0.47129629629629627 0.29140625 0.4722222222222222 0.29140625 0.4726851851851852 0.2911458333333333 0.4736111111111111 0.2911458333333333 0.4740740740740741 0.2908854166666667 0.475462962962963 0.290625 0.47638888888888886 0.29010416666666666 0.47685185185185186 0.29010416666666666 0.4777777777777778 0.28958333333333336 0.47824074074074074 0.28958333333333336 0.48148148148148145 0.2877604166666667 0.48194444444444445 0.2877604166666667 0.4824074074074074 0.2875 0.4824074074074074 0.2872395833333333 0.4837962962962963 0.2864583333333333 0.4842592592592593 0.28567708333333336 0.48518518518518516 0.28515625 0.48518518518518516 0.28489583333333335 0.48564814814814816 0.28463541666666664 0.48564814814814816 0.284375 0.4861111111111111 0.28411458333333334 0.4861111111111111 0.2838541666666667 0.48657407407407405 0.28359375 0.48657407407407405 0.2833333333333333 0.48703703703703705 0.2830729166666667 0.48703703703703705 0.2828125 0.4875 0.2825520833333333 0.4875 0.28229166666666666 0.487962962962963 0.28203125 0.487962962962963 0.28177083333333336 0.48842592592592593 0.28151041666666665 0.48842592592592593 0.28125 0.49027777777777776 0.2794270833333333 0.49027777777777776 0.278125 0.49074074074074076 0.27786458333333336 0.49074074074074076 0.2755208333333333 0.4912037037037037 0.2752604166666667 0.49074074074074076 0.275 0.49074074074074076 0.27291666666666664 0.49027777777777776 0.27265625 0.49027777777777776 0.2716145833333333 0.4898148148148148 0.2713541666666667 0.49027777777777776 0.27109375 0.49027777777777776 0.2703125 0.49074074074074076 0.27005208333333336 0.49074074074074076 0.26901041666666664 0.4912037037037037 0.26875 0.4912037037037037 0.2677083333333333 0.49166666666666664 0.2674479166666667 0.49166666666666664 0.2669270833333333 0.49212962962962964 0.26666666666666666 0.49212962962962964 0.26614583333333336 0.49398148148148147 0.2643229166666667 0.49398148148148147 0.2638020833333333 0.49444444444444446 0.2635416666666667 0.49444444444444446 0.26276041666666666 0.4949074074074074 0.2625 0.4949074074074074 0.26145833333333335 0.49537037037037035 0.26119791666666664 0.49537037037037035 0.26015625 0.49583333333333335 0.2598958333333333 0.49583333333333335 0.2557291666666667
5 0.4930555555555556 0.33229166666666665 0.49212962962962964 0.3328125 0.49166666666666664 0.3328125 0.49074074074074076 0.3333333333333333 0.49027777777777776 0.3333333333333333 0.48564814814814816 0.3359375 0.48564814814814816 0.33619791666666665 0.4847222222222222 0.33671875 0.4847222222222222 0.33697916666666666 0.4837962962962963 0.3375 0.4837962962962963 0.3377604166666667 0.48333333333333334 0.3380208333333333 0.48333333333333334 0.3385416666666667 0.4824074074074074 0.33932291666666664 0.4824074074074074 0.33984375 0.48194444444444445 0.34010416666666665 0.48194444444444445 0.340625 0.48148148148148145 0.34088541666666666 0.48148148148148145 0.3416666666666667 0.4810185185185185 0.3419270833333333 0.4810185185185185 0.34375 0.48055555555555557 0.34401041666666665 0.48055555555555557 0.34713541666666664 0.4810185185185185 0.34739583333333335 0.4810185185185185 0.34921875 0.48148148148148145 0.3494791666666667 0.48148148148148145 0.3502604166666667 0.48194444444444445 0.35052083333333334 0.4824074074074074 0.35182291666666665 0.4828703703703704 0.35208333333333336 0.4842592592592593 0.35390625 0.48518518518518516 0.35442708333333334 0.48518518518518516 0.3546875 0.4861111111111111 0.35520833333333335 0.4861111111111111 0.35546875 0.4888888888888889 0.35703125 0.4888888888888889 0.3572916666666667 0.49166666666666664 0.35885416666666664 0.49212962962962964 0.35885416666666664 0.49398148148148147 0.35989583333333336 0.4949074074074074 0.35989583333333336 0.49537037037037035 0.36015625 0.4962962962962963 0.36015625 0.49675925925925923 0.36041666666666666 0.4981481481481482 0.36041666666666666 0.4986111111111111 0.3606770833333333 0.5 0.3606770833333333 0.5013888888888889 0.3611979166666667 0.5046296296296297 0.3611979166666667 0.5050925925925925 0.3614583333333333 0.5055555555555555 0.3614583333333333 0.5060185185185185 0.3611979166666667 0.5092592592592593 0.3611979166666667 0.5097222222222222 0.3609375 0.5125 0.3609375 0.512962962962963 0.3606770833333333 0.5180555555555556 0.3606770833333333 0.5185185185185185 0.36041666666666666 0.5203703703703704 0.36041666666666666 0.5208333333333334 0.36015625 0.5222222222222223 0.35989583333333336 0.5236111111111111 0.35911458333333335 0.524074074074074 0.35911458333333335 0.5268518518518519 0.3575520833333333 0.5268518518518519 0.3572916666666667 0.5305555555555556 0.35520833333333335 0.5305555555555556 0.35494791666666664 0.5319444444444444 0.3541666666666667 0.5319444444444444 0.35390625 0.5328703703703703 0.3533854166666667 0.5328703703703703 0.353125 0.5333333333333333 0.3528645833333333 0.5333333333333333 0.35234375 0.5342592592592592 0.3515625 0.5342592592592592 0.35104166666666664 0.5347222222222222 0.35078125 0.5347222222222222 0.3502604166666667 0.5351851851851852 0.35 0.5351851851851852 0.3494791666666667 0.5356481481481481 0.34921875 0.5356481481481481 0.346875 0.5361111111111111 0.34661458333333334 0.5361111111111111 0.3450520833333333 0.5356481481481481 0.34479166666666666 0.5356481481481481 0.34401041666666665 0.5351851851851852 0.34375 0.5351851851851852 0.34270833333333334 0.5347222222222222 0.3424479166666667 0.5347222222222222 0.34140625 0.5342592592592592 0.3411458333333333 0.5342592592592592 0.340625 0.5333333333333333 0.33984375 0.5333333333333333 0.33932291666666664 0.5328703703703703 0.3390625 0.5328703703703703 0.33880208333333334 0.5319444444444444 0.33828125 0.5314814814814814 0.3375 0.5300925925925926 0.33671875 0.5300925925925926 0.33645833333333336 0.525 0.33359375 0.5236111111111111 0.3333333333333333 0.5226851851851851 0.3328125 0.5222222222222223 0.3328125 0.5217592592592593 0.33255208333333336 0.5212962962962963 0.33255208333333336 0.5171296296296296 0.33125 0.5162037037037037 0.33125 0.5157407407407407 0.33098958333333334 0.5148148148148148 0.33098958333333334 0.5143518518518518 0.3307291666666667 0.512962962962963 0.3307291666666667 0.5125 0.33046875 0.5074074074074074 0.33046875 0.5069444444444444 0.3302083333333333 0.5055555555555555 0.3302083333333333 0.5050925925925925 0.33046875 0.5041666666666667 0.33046875 0.5037037037037037 0.3307291666666667 0.5023148148148148 0.3307291666666667 0.5018518518518519 0.33098958333333334 0.4981481481481482 0.33098958333333334 0.49675925925925923 0.33151041666666664 0.49583333333333335 0.33151041666666664 0.49537037037037035 0.33177083333333335
5 0.4981481481481482 0.3614583333333333 0.4976851851851852 0.36171875 0.49444444444444446 0.3625 0.4898148148148148 0.3651041666666667 0.4898148148148148 0.3653645833333333 0.48935185185185187 0.365625 0.48935185185185187 0.36614583333333334 0.4888888888888889 0.36640625 0.4888888888888889 0.36666666666666664 0.48657407407407405 0.3690104166666667 0.48657407407407405 0.36953125 0.4861111111111111 0.3697916666666667 0.4861111111111111 0.37057291666666664 0.48564814814814816 0.37083333333333335 0.48564814814814816 0.37161458333333336 0.48518518518518516 0.371875 0.48518518518518516 0.37265625 0.4847222222222222 0.3729166666666667 0.4847222222222222 0.378125 0.48518518518518516 0.37838541666666664 0.48518518518518516 0.3796875 0.48564814814814816 0.37994791666666666 0.48564814814814816 0.3809895833333333 0.48657407407407405 0.38177083333333334 0.48657407407407405 0.38229166666666664 0.48703703703703705 0.38255208333333335 0.48703703703703705 0.3828125 0.4875 0.38307291666666665 0.4888888888888889 0.3848958333333333 0.49074074074074076 0.3859375 0.49074074074074076 0.38619791666666664 0.4949074074074074 0.3885416666666667 0.49537037037037035 0.3885416666666667 0.4976851851851852 0.38958333333333334 0.4986111111111111 0.38958333333333334 0.49907407407407406 0.38984375 0.5013888888888889 0.39010416666666664 0.5027777777777778 0.390625 0.5037037037037037 0.390625 0.5041666666666667 0.39088541666666665 0.5050925925925925 0.39088541666666665 0.5055555555555555 0.39114583333333336 0.5074074074074074 0.39114583333333336 0.5078703703703704 0.39140625 0.5106481481481482 0.39140625 0.5111111111111111 0.39166666666666666 0.5180555555555556 0.39166666666666666 0.5185185185185185 0.39140625 0.5199074074074074 0.39140625 0.5203703703703704 0.39114583333333336 0.5217592592592593 0.39114583333333336 0.5222222222222223 0.39088541666666665 0.5254629629629629 0.39010416666666664 0.5263888888888889 0.38958333333333334 0.5287037037037037 0.3890625 0.5296296296296297 0.3885416666666667 0.5300925925925926 0.3885416666666667 0.5300925925925926 0.38828125 0.5337962962962963 0.38619791666666664 0.5337962962962963 0.3859375 0.5351851851851852 0.38515625 0.5351851851851852 0.3848958333333333 0.5361111111111111 0.384375 0.5361111111111111 0.3841145833333333 0.5375 0.3828125 0.5375 0.38229166666666664 0.537962962962963 0.38203125 0.537962962962963 0.38177083333333334 0.538425925925926 0.3815104166666667 0.538425925925926 0.3809895833333333 0.5388888888888889 0.3807291666666667 0.5388888888888889 0.3796875 0.5393518518518519 0.37942708333333336 0.5393518518518519 0.37838541666666664 0.5398148148148149 0.378125 0.5398148148148149 0.3770833333333333 0.5402777777777777 0.3768229166666667 0.5402777777777777 0.3765625 0.5398148148148149 0.3763020833333333 0.5398148148148149 0.37447916666666664 0.5393518518518519 0.37421875 0.5393518518518519 0.3729166666666667 0.5388888888888889 0.37265625 0.5388888888888889 0.37213541666666666 0.538425925925926 0.371875 0.537962962962963 0.37057291666666664 0.5375 0.3703125 0.5361111111111111 0.3684895833333333 0.5351851851851852 0.36796875 0.5351851851851852 0.36770833333333336 0.5342592592592592 0.3671875 0.5342592592592592 0.36692708333333335 0.5333333333333333 0.36640625 0.5333333333333333 0.36614583333333334 0.5300925925925926 0.36432291666666666 0.5296296296296297 0.36432291666666666 0.5287037037037037 0.36380208333333336 0.5282407407407408 0.36380208333333336 0.525 0.36276041666666664 0.524074074074074 0.36276041666666664 0.5236111111111111 0.3625 0.5231481481481481 0.3625 0.5222222222222223 0.3619791666666667 0.5217592592592593 0.3619791666666667 0.5212962962962963 0.36171875 0.5203703703703704 0.36171875 0.5199074074074074 0.3614583333333333 0.5171296296296296 0.3614583333333333 0.5166666666666667 0.3611979166666667 0.5152777777777777 0.3611979166666667 0.5148148148148148 0.3609375 0.5092592592592593 0.3609375 0.5087962962962963 0.3611979166666667 0.5064814814814815 0.3611979166666667 0.5060185185185185 0.3614583333333333
0 0.49675925925925923 0.6192708333333333 0.49675925925925923 0.61953125 0.49537037037037035 0.6203125 0.49537037037037035 0.6205729166666667 0.4930555555555556 0.621875 0.4930555555555556 0.6221354166666667 0.49212962962962964 0.62265625 0.49166666666666664 0.6234375 0.49027777777777776 0.62421875 0.49027777777777776 0.6244791666666667 0.48935185185185187 0.625 0.48935185185185187 0.6252604166666667 0.487962962962963 0.6265625 0.487962962962963 0.6276041666666666 0.48842592592592593 0.6278645833333333 0.48842592592592593 0.6294270833333333 0.4888888888888889 0.6296875 0.4888888888888889 0.6307291666666667 0.49444444444444446 0.6333333333333333 0.49537037037037035 0.6333333333333333 0.49583333333333335 0.63359375 0.4962962962962963 0.63359375 0.49675925925925923 0.6338541666666667 0.4976851851851852 0.6338541666666667 0.4986111111111111 0.634375 0.49907407407407406 0.634375 0.49953703703703706 0.6346354166666667 0.49953703703703706 0.6348958333333333 0.5009259259259259 0.6356770833333333 0.5023148148148148 0.6375 0.5037037037037037 0.6385416666666667 0.5041666666666667 0.6385416666666667 0.5050925925925925 0.6390625 0.5074074074074074 0.6390625 0.5078703703703704 0.6388020833333333 0.5101851851851852 0.6388020833333333 0.513425925925926 0.6377604166666667 0.5138888888888888 0.6380208333333334 0.5162037037037037 0.6380208333333334 0.5166666666666667 0.63828125 0.5175925925925926 0.63828125 0.5180555555555556 0.6385416666666667 0.5194444444444445 0.6385416666666667 0.5199074074074074 0.6388020833333333 0.5212962962962963 0.6388020833333333 0.5217592592592593 0.6390625 0.5222222222222223 0.6390625 0.5236111111111111 0.63984375 0.524074074074074 0.63984375 0.5259259259259259 0.6408854166666667 0.5263888888888889 0.6408854166666667 0.5273148148148148 0.64140625 0.5277777777777778 0.64140625 0.5300925925925926 0.6427083333333333 0.5305555555555556 0.6427083333333333 0.5333333333333333 0.6440104166666667 0.5337962962962963 0.6440104166666667 0.5375 0.6458333333333334 0.537962962962963 0.6458333333333334 0.5388888888888889 0.6463541666666667 0.5393518518518519 0.6463541666666667 0.5407407407407407 0.646875 0.5421296296296296 0.646875 0.5425925925925926 0.6471354166666666 0.5435185185185185 0.6471354166666666 0.5439814814814815 0.6473958333333333 0.5462962962962963 0.6473958333333333 0.5467592592592593 0.6471354166666666 0.5486111111111112 0.6471354166666666 0.5518518518518518 0.64609375 0.5518518518518518 0.6458333333333334 0.5527777777777778 0.6450520833333333 0.5532407407407407 0.64375 0.5537037037037037 0.6434895833333333 0.5537037037037037 0.6419270833333334 0.5532407407407407 0.6416666666666667 0.5532407407407407 0.6411458333333333 0.5527777777777778 0.6408854166666667 0.5518518518518518 0.6395833333333333 0.5504629629629629 0.6388020833333333 0.5504629629629629 0.6385416666666667 0.55 0.6385416666666667 0.549074074074074 0.6380208333333334 0.5486111111111112 0.6380208333333334 0.5467592592592593 0.6372395833333333 0.5462962962962963 0.6372395833333333 0.5444444444444444 0.6361979166666667 0.5439814814814815 0.6361979166666667 0.5425925925925926 0.6354166666666666 0.5421296296296296 0.6354166666666666 0.5402777777777777 0.634375 0.5388888888888889 0.6341145833333334 0.537962962962963 0.63359375 0.5375 0.63359375 0.5365740740740741 0.6330729166666667 0.5361111111111111 0.6330729166666667 0.5347222222222222 0.6322916666666667 0.5342592592592592 0.6322916666666667 0.5296296296296297 0.6296875 0.5296296296296297 0.6294270833333333 0.5273148148148148 0.6270833333333333 0.5273148148148148 0.6263020833333334 0.5268518518518519 0.6260416666666667 0.5268518518518519 0.6252604166666667 0.5263888888888889 0.625 0.5259259259259259 0.6236979166666666 0.525 0.6229166666666667 0.524537037037037 0.6229166666666667 0.524074074074074 0.62265625 0.5231481481481481 0.62265625 0.5226851851851851 0.6223958333333334 0.5217592592592593 0.6223958333333334 0.5212962962962963 0.6221354166666667 0.5203703703703704 0.6221354166666667 0.5199074074074074 0.621875 0.5194444444444445 0.621875 0.5189814814814815 0.6216145833333333 0.5180555555555556 0.6216145833333333 0.5175925925925926 0.6213541666666667 0.513425925925926 0.6213541666666667 0.5125 0.6208333333333333 0.5125 0.6205729166666667 0.5111111111111111 0.61953125 0.5111111111111111 0.6192708333333333 0.5092592592592593 0.6182291666666667 0.5069444444444444 0.61796875 0.5055555555555555 0.6174479166666667 0.5018518518518519 0.6174479166666667 0.500462962962963 0.61796875 0.49953703703703706 0.61796875 0.49907407407407406 0.6182291666666667 0.4986111111111111 0.6182291666666667
0 0.5564814814814815 0.41770833333333335 0.5550925925925926 0.41770833333333335 0.5546296296296296 0.41744791666666664 0.5537037037037037 0.41744791666666664 0.5532407407407407 0.4171875 0.5518518518518518 0.4171875 0.5509259259259259 0.41770833333333335 0.5504629629629629 0.41770833333333335 0.549537037037037 0.41822916666666665 0.549074074074074 0.41822916666666665 0.5476851851851852 0.41901041666666666 0.5472222222222223 0.41901041666666666 0.5449074074074074 0.4203125 0.5444444444444444 0.4203125 0.5444444444444444 0.4205729166666667 0.5425925925925926 0.42161458333333335 0.5425925925925926 0.421875 0.5407407407407407 0.4231770833333333 0.5407407407407407 0.4234375 0.5402777777777777 0.4236979166666667 0.5402777777777777 0.4239583333333333 0.5393518518518519 0.4244791666666667 0.5393518518518519 0.42473958333333334 0.5356481481481481 0.4270833333333333 0.5356481481481481 0.42734375 0.5347222222222222 0.4278645833333333 0.5347222222222222 0.428125 0.5337962962962963 0.42864583333333334 0.5337962962962963 0.42890625 0.5310185185185186 0.43046875 0.5305555555555556 0.43046875 0.5296296296296297 0.4309895833333333 0.525 0.4309895833333333 0.524537037037037 0.43125 0.5236111111111111 0.43125 0.5231481481481481 0.4315104166666667 0.5217592592592593 0.4317708333333333 0.5199074074074074 0.4328125 0.5199074074074074 0.43307291666666664 0.5180555555555556 0.4348958333333333 0.5180555555555556 0.4356770833333333 0.5175925925925926 0.4359375 0.5175925925925926 0.43645833333333334 0.5171296296296296 0.43671875 0.5162037037037037 0.43802083333333336 0.513425925925926 0.4395833333333333 0.513425925925926 0.43984375 0.5125 0.440625 0.5125 0.44114583333333335 0.5120370370370371 0.44140625 0.5120370370370371 0.44166666666666665 0.5115740740740741 0.44192708333333336 0.5115740740740741 0.44244791666666666 0.5111111111111111 0.4427083333333333 0.5111111111111111 0.44453125 0.5115740740740741 0.44479166666666664 0.5115740740740741 0.44557291666666665 0.5120370370370371 0.44583333333333336 0.5125 0.4471354166666667 0.5157407407407407 0.44895833333333335 0.5162037037037037 0.44895833333333335 0.5180555555555556 0.45 0.5185185185185185 0.45 0.5212962962962963 0.4515625 0.5217592592592593 0.4515625 0.5222222222222223 0.4518229166666667 0.5231481481481481 0.4518229166666667 0.524537037037037 0.45234375 0.5259259259259259 0.45234375 0.5263888888888889 0.45260416666666664 0.5277777777777778 0.45260416666666664 0.5282407407407408 0.45286458333333335 0.5300925925925926 0.45286458333333335 0.5305555555555556 0.45260416666666664 0.5319444444444444 0.45260416666666664 0.5324074074074074 0.45234375 0.5356481481481481 0.4515625 0.5365740740740741 0.4510416666666667 0.5370370370370371 0.4510416666666667 0.5375 0.45078125 0.5375 0.4505208333333333 0.5416666666666666 0.44817708333333334 0.5416666666666666 0.4479166666666667 0.5430555555555555 0.4471354166666667 0.5430555555555555 0.446875 0.5439814814814815 0.44635416666666666 0.5439814814814815 0.44609375 0.5444444444444444 0.44583333333333336 0.5453703703703704 0.44583333333333336 0.5458333333333333 0.44557291666666665 0.5472222222222223 0.44557291666666665 0.5486111111111112 0.44505208333333335 0.5486111111111112 0.4440104166666667 0.549074074074074 0.44375 0.549074074074074 0.44192708333333336 0.549537037037037 0.44166666666666665 0.549537037037037 0.43984375 0.55 0.4395833333333333 0.55 0.4375 0.5504629629629629 0.43723958333333335 0.5504629629629629 0.4354166666666667 0.5509259259259259 0.43515625 0.5509259259259259 0.43463541666666666 0.5513888888888889 0.434375 0.5513888888888889 0.43385416666666665 0.5518518518518518 0.43359375 0.5518518518518518 0.43307291666666664 0.5523148148148148 0.4328125 0.5527777777777778 0.4315104166666667 0.5532407407407407 0.43125 0.5537037037037037 0.43046875 0.5546296296296296 0.42994791666666665 0.5550925925925926 0.42916666666666664 0.5564814814814815 0.4283854166666667 0.5564814814814815 0.428125 0.5578703703703703 0.42734375 0.5578703703703703 0.4270833333333333 0.5587962962962963 0.4265625 0.5587962962962963 0.42630208333333336 0.5606481481481481 0.425 0.5606481481481481 0.4244791666666667 0.5615740740740741 0.4236979166666667 0.5611111111111111 0.4234375 0.5611111111111111 0.42083333333333334 0.5606481481481481 0.4205729166666667 0.5606481481481481 0.4197916666666667 0.5578703703703703 0.41822916666666665 0.5574074074074075 0.41822916666666665
3 0.5800925925925926 0.49322916666666666 0.5773148148148148 0.4940104166666667 0.5763888888888888 0.49453125 0.5712962962962963 0.49583333333333335 0.5703703703703704 0.49635416666666665 0.5634259259259259 0.4981770833333333 0.5625 0.4986979166666667 0.5601851851851852 0.49895833333333334 0.5564814814814815 0.5 0.5532407407407407 0.5018229166666667 0.5527777777777778 0.5033854166666667 0.5523148148148148 0.5036458333333333 0.5523148148148148 0.5046875 0.5518518518518518 0.5049479166666667 0.5518518518518518 0.5059895833333333 0.5564814814814815 0.5088541666666667 0.5611111111111111 0.50859375 0.5615740740740741 0.5083333333333333 0.5648148148148148 0.5083333333333333 0.5666666666666667 0.5088541666666667 0.5680555555555555 0.5096354166666667 0.5694444444444444 0.5111979166666667 0.5703703703703704 0.5135416666666667 0.5736111111111111 0.5161458333333333 0.5745370370370371 0.5171875 0.5745370370370371 0.5177083333333333 0.5763888888888888 0.5197916666666667 0.5773148148148148 0.5203125 0.5773148148148148 0.5208333333333334 0.5782407407407407 0.521875 0.5805555555555556 0.5236979166666667 0.5833333333333334 0.5268229166666667 0.5833333333333334 0.52734375 0.5847222222222223 0.5286458333333334 0.5847222222222223 0.5291666666666667 0.587037037037037 0.5315104166666667 0.587037037037037 0.53203125 0.5898148148148148 0.5346354166666667 0.5912037037037037 0.5372395833333333 0.5930555555555556 0.5385416666666667 0.5972222222222222 0.5432291666666667 0.5972222222222222 0.54375 0.5986111111111111 0.5453125 0.6032407407407407 0.54765625 0.6064814814814815 0.54765625 0.6074074074074074 0.5479166666666667 0.6078703703703704 0.54765625 0.612037037037037 0.5473958333333333 0.6134259259259259 0.546875 0.6143518518518518 0.546875 0.6166666666666667 0.5450520833333333 0.6166666666666667 0.5421875 0.6171296296296296 0.5419270833333333 0.6171296296296296 0.5408854166666667 0.6162037037037037 0.53984375 0.6152777777777778 0.5372395833333333 0.6148148148148148 0.5369791666666667 0.6138888888888889 0.5348958333333333 0.6129629629629629 0.5341145833333333 0.6129629629629629 0.53359375 0.6101851851851852 0.5307291666666667 0.6092592592592593 0.5302083333333333 0.6092592592592593 0.5296875 0.6055555555555555 0.5260416666666666 0.6055555555555555 0.5255208333333333 0.6023148148148149 0.5221354166666666 0.6023148148148149 0.5216145833333333 0.5986111111111111 0.5174479166666667 0.5986111111111111 0.5169270833333334 0.5976851851851852 0.5161458333333333 0.5976851851851852 0.515625 0.5967592592592592 0.51484375 0.5958333333333333 0.5130208333333334 0.5935185185185186 0.5106770833333333 0.5925925925925926 0.51015625 0.5902777777777778 0.5072916666666667 0.5902777777777778 0.5067708333333333 0.5893518518518519 0.5059895833333333 0.5893518518518519 0.503125 0.5898148148148148 0.5028645833333333 0.5898148148148148 0.5018229166666667 0.5916666666666667 0.50078125 0.5935185185185186 0.4984375 0.5944444444444444 0.4979166666666667 0.5939814814814814 0.49765625 0.5930555555555556 0.4947916666666667 0.5916666666666667 0.49322916666666666 0.5884259259259259 0.49244791666666665 0.5861111111111111 0.49244791666666665 0.5828703703703704 0.49322916666666666
3 0.6263888888888889 0.38229166666666664 0.624537037037037 0.384375 0.6236111111111111 0.38619791666666664 0.6217592592592592 0.3880208333333333 0.6212962962962963 0.38958333333333334 0.6208333333333333 0.38984375 0.6203703703703703 0.39114583333333336 0.6194444444444445 0.3919270833333333 0.6194444444444445 0.39348958333333334 0.6199074074074075 0.39375 0.6203703703703703 0.39557291666666666 0.6208333333333333 0.3958333333333333 0.6208333333333333 0.3963541666666667 0.6226851851851852 0.39739583333333334 0.6282407407407408 0.39817708333333335 0.6305555555555555 0.39921875 0.6347222222222222 0.39817708333333335 0.6398148148148148 0.39791666666666664 0.6402777777777777 0.39817708333333335 0.6425925925925926 0.39817708333333335 0.6458333333333334 0.39895833333333336 0.6476851851851851 0.39895833333333336 0.65 0.39947916666666666 0.6541666666666667 0.3997395833333333 0.6578703703703703 0.40078125 0.6592592592592592 0.40078125 0.6597222222222222 0.4010416666666667 0.663425925925926 0.4015625 0.6648148148148149 0.40208333333333335 0.6699074074074074 0.40286458333333336 0.675 0.4044270833333333 0.6773148148148148 0.4046875 0.6787037037037037 0.40520833333333334 0.6810185185185185 0.40546875 0.6847222222222222 0.40651041666666665 0.687037037037037 0.40677083333333336 0.6967592592592593 0.40963541666666664 0.6981481481481482 0.40963541666666664 0.6986111111111111 0.40989583333333335 0.7 0.40989583333333335 0.700462962962963 0.41015625 0.7018518518518518 0.41015625 0.7041666666666667 0.41067708333333336 0.7106481481481481 0.41067708333333336 0.7111111111111111 0.41041666666666665 0.7129629629629629 0.41041666666666665 0.7143518518518519 0.40963541666666664 0.7148148148148148 0.40963541666666664 0.7171296296296297 0.4080729166666667 0.7175925925925926 0.40651041666666665 0.7180555555555556 0.40625 0.7180555555555556 0.40546875 0.7185185185185186 0.40520833333333334 0.7185185185185186 0.40390625 0.7166666666666667 0.40208333333333335 0.7134259259259259 0.4002604166666667 0.7078703703703704 0.39869791666666665 0.7046296296296296 0.39817708333333335 0.700925925925926 0.396875 0.6962962962962963 0.39609375 0.6819444444444445 0.3919270833333333 0.6810185185185185 0.3919270833333333 0.6768518518518518 0.390625 0.6759259259259259 0.390625 0.6666666666666666 0.3880208333333333 0.6657407407407407 0.3880208333333333 0.6615740740740741 0.38645833333333335 0.6592592592592592 0.38619791666666664 0.6564814814814814 0.3854166666666667 0.6537037037037037 0.3841145833333333 0.6518518518518519 0.38359375 0.6486111111111111 0.38177083333333334 0.6462962962962963 0.37916666666666665 0.6462962962962963 0.37864583333333335 0.6439814814814815 0.37734375 0.638425925925926 0.37604166666666666 0.6356481481481482 0.37604166666666666 0.6347222222222222 0.37578125 0.6333333333333333 0.3765625 0.6324074074074074 0.3776041666666667 0.6310185185185185 0.37838541666666664 0.6305555555555555 0.37838541666666664 0.6282407407407408 0.3809895833333333
3 0.6537037037037037 0.4934895833333333 0.6527777777777778 0.49453125 0.6523148148148148 0.49583333333333335 0.65 0.4981770833333333 0.65 0.4986979166666667 0.6481481481481481 0.50078125 0.6481481481481481 0.5013020833333334 0.6472222222222223 0.50234375 0.6467592592592593 0.5049479166666667 0.6462962962962963 0.5052083333333334 0.6462962962962963 0.5067708333333333 0.6467592592592593 0.50703125 0.6472222222222223 0.5096354166666667 0.649537037037037 0.5111979166666667 0.6532407407407408 0.5119791666666667 0.6546296296296297 0.5119791666666667 0.6578703703703703 0.5109375 0.6587962962962963 0.5109375 0.6601851851851852 0.5104166666666666 0.6611111111111111 0.5104166666666666 0.662962962962963 0.5098958333333333 0.6643518518518519 0.5098958333333333 0.6648148148148149 0.5096354166666667 0.6699074074074074 0.5096354166666667 0.6703703703703704 0.5098958333333333 0.6736111111111112 0.51015625 0.6810185185185185 0.51171875 0.6824074074074075 0.51171875 0.6828703703703703 0.5119791666666667 0.6851851851851852 0.5122395833333333 0.6893518518518519 0.5135416666666667 0.6921296296296297 0.5138020833333333 0.6949074074074074 0.5145833333333333 0.6995370370370371 0.5153645833333333 0.700925925925926 0.5158854166666667 0.7018518518518518 0.5158854166666667 0.7069444444444445 0.5174479166666667 0.7162037037037037 0.5190104166666667 0.7203703703703703 0.5203125 0.725 0.5208333333333334 0.7263888888888889 0.5213541666666667 0.7277777777777777 0.5213541666666667 0.7282407407407407 0.5216145833333333 0.7310185185185185 0.5216145833333333 0.7314814814814815 0.521875 0.7407407407407407 0.521875 0.7412037037037037 0.5216145833333333 0.7444444444444445 0.5213541666666667 0.7467592592592592 0.5182291666666666 0.7467592592592592 0.5169270833333334 0.7462962962962963 0.5166666666666667 0.7453703703703703 0.5145833333333333 0.7439814814814815 0.51328125 0.7407407407407407 0.5125 0.7398148148148148 0.5119791666666667 0.7388888888888889 0.5119791666666667 0.736574074074074 0.5111979166666667 0.7342592592592593 0.5109375 0.7314814814814815 0.51015625 0.7305555555555555 0.5096354166666667 0.7236111111111111 0.50859375 0.7203703703703703 0.5075520833333333 0.7157407407407408 0.5067708333333333 0.7125 0.5057291666666667 0.7097222222222223 0.50546875 0.7074074074074074 0.5046875 0.7064814814814815 0.5046875 0.700462962962963 0.5028645833333333 0.6995370370370371 0.5028645833333333 0.6953703703703704 0.5015625 0.6944444444444444 0.5015625 0.6916666666666667 0.5005208333333333 0.6907407407407408 0.5005208333333333 0.6875 0.49947916666666664 0.6837962962962963 0.49895833333333334 0.6819444444444445 0.4981770833333333 0.6796296296296296 0.49765625 0.6768518518518518 0.49661458333333336 0.674537037037037 0.4953125 0.6731481481481482 0.4934895833333333 0.6731481481481482 0.49244791666666665 0.6726851851851852 0.4921875 0.6722222222222223 0.4903645833333333 0.6703703703703704 0.48932291666666666 0.6694444444444444 0.4890625 0.6675925925925926 0.4890625 0.6671296296296296 0.48880208333333336 0.6615740740740741 0.4890625 0.6587962962962963 0.4901041666666667
0 0.6620370370370371 0.6213541666666667 0.6615740740740741 0.6216145833333333 0.6592592592592592 0.6221354166666667 0.6578703703703703 0.6229166666666667 0.6578703703703703 0.62734375 0.6574074074074074 0.6276041666666666 0.6574074074074074 0.6291666666666667 0.6569444444444444 0.6294270833333333 0.6569444444444444 0.6302083333333334 0.6564814814814814 0.63046875 0.6555555555555556 0.6317708333333333 0.6541666666666667 0.6328125 0.6541666666666667 0.6333333333333333 0.6537037037037037 0.63359375 0.6537037037037037 0.634375 0.6532407407407408 0.6346354166666667 0.6532407407407408 0.6348958333333333 0.6537037037037037 0.63515625 0.6537037037037037 0.6361979166666667 0.6541666666666667 0.6364583333333333 0.6541666666666667 0.6372395833333333 0.6546296296296297 0.6375 0.6550925925925926 0.63828125 0.6578703703703703 0.63984375 0.6578703703703703 0.6401041666666667 0.6587962962962963 0.6408854166666667 0.6587962962962963 0.64140625 0.6592592592592592 0.6416666666666667 0.6592592592592592 0.6494791666666667 0.6587962962962963 0.6497395833333334 0.6587962962962963 0.6526041666666667 0.6583333333333333 0.6528645833333333 0.6583333333333333 0.6588541666666666 0.6592592592592592 0.6596354166666667 0.6592592592592592 0.66015625 0.6615740740740741 0.66171875 0.6620370370370371 0.66171875 0.6625 0.6619791666666667 0.6685185185185185 0.6619791666666667 0.6689814814814815 0.66171875 0.6699074074074074 0.66171875 0.6703703703703704 0.6614583333333334 0.6708333333333333 0.6614583333333334 0.6736111111111112 0.66015625 0.6736111111111112 0.6598958333333333 0.674074074074074 0.6596354166666667 0.674074074074074 0.6591145833333333 0.674537037037037 0.6588541666666666 0.674537037037037 0.6583333333333333 0.675 0.6580729166666667 0.675 0.6559895833333333 0.6754629629629629 0.6557291666666667 0.6754629629629629 0.6541666666666667 0.6759259259259259 0.65390625 0.6759259259259259 0.6520833333333333 0.6763888888888889 0.6518229166666667 0.6763888888888889 0.6502604166666667 0.6768518518518518 0.65 0.6768518518518518 0.6484375 0.6773148148148148 0.6481770833333333 0.6773148148148148 0.6466145833333333 0.6777777777777778 0.6463541666666667 0.6777777777777778 0.6447916666666667 0.6782407407407407 0.64453125 0.6782407407407407 0.64296875 0.6787037037037037 0.6427083333333333 0.6787037037037037 0.6416666666666667 0.6791666666666667 0.64140625 0.6791666666666667 0.6408854166666667 0.6796296296296296 0.640625 0.6800925925925926 0.63984375 0.6828703703703703 0.63828125 0.6828703703703703 0.6380208333333334 0.6837962962962963 0.6375 0.6837962962962963 0.6372395833333333 0.6847222222222222 0.6364583333333333 0.6847222222222222 0.6359375 0.6851851851851852 0.6356770833333333 0.6851851851851852 0.63515625 0.6856481481481481 0.6348958333333333 0.6856481481481481 0.6322916666666667 0.6861111111111111 0.63203125 0.6861111111111111 0.63046875 0.6865740740740741 0.6302083333333334 0.6865740740740741 0.6296875 0.6875 0.62890625 0.6875 0.6283854166666667 0.6888888888888889 0.6270833333333333 0.6888888888888889 0.6263020833333334 0.6884259259259259 0.6260416666666667 0.6884259259259259 0.6255208333333333 0.687962962962963 0.6252604166666667 0.687037037037037 0.6239583333333333 0.6861111111111111 0.6234375 0.6861111111111111 0.6231770833333333 0.6856481481481481 0.6229166666666667 0.6847222222222222 0.6229166666666667 0.6842592592592592 0.62265625 0.6833333333333333 0.62265625 0.6828703703703703 0.6223958333333334 0.6819444444444445 0.6223958333333334 0.6814814814814815 0.6221354166666667 0.6796296296296296 0.6221354166666667 0.6791666666666667 0.621875 0.6657407407407407 0.621875 0.6652777777777777 0.6216145833333333 0.6625 0.6216145833333333
4 0.7222222222222222 0.4705729166666667 0.7217592592592592 0.47161458333333334 0.7203703703703703 0.47291666666666665 0.7203703703703703 0.4734375 0.7199074074074074 0.47369791666666666 0.7199074074074074 0.47421875 0.7185185185185186 0.47604166666666664 0.7185185185185186 0.47682291666666665 0.7175925925925926 0.4778645833333333 0.7175925925925926 0.48046875 0.7180555555555556 0.48072916666666665 0.7180555555555556 0.4822916666666667 0.7194444444444444 0.4830729166666667 0.7245370370370371 0.48463541666666665 0.7268518518518519 0.48489583333333336 0.7282407407407407 0.48541666666666666 0.7310185185185185 0.4856770833333333 0.7314814814814815 0.4859375 0.7324074074074074 0.4859375 0.7328703703703704 0.4861979166666667 0.7337962962962963 0.4861979166666667 0.737037037037037 0.4869791666666667 0.7384259259259259 0.4869791666666667 0.7388888888888889 0.48723958333333334 0.7425925925925926 0.48776041666666664 0.7439814814814815 0.48828125 0.7472222222222222 0.48854166666666665 0.75 0.48932291666666666 0.7523148148148148 0.4903645833333333 0.7532407407407408 0.4903645833333333 0.7546296296296297 0.4908854166666667 0.7583333333333333 0.49140625 0.7620370370370371 0.49244791666666665 0.7643518518518518 0.49375 0.7652777777777777 0.4981770833333333 0.7666666666666667 0.49947916666666664 0.7680555555555556 0.5002604166666667 0.7689814814814815 0.5002604166666667 0.7708333333333334 0.50078125 0.7722222222222223 0.50078125 0.7726851851851851 0.5010416666666667 0.774074074074074 0.5010416666666667 0.774537037037037 0.5013020833333334 0.7796296296296297 0.5013020833333334 0.7805555555555556 0.50078125 0.7833333333333333 0.5 0.7851851851851852 0.49895833333333334 0.7851851851851852 0.4986979166666667 0.7865740740740741 0.4979166666666667 0.7865740740740741 0.4973958333333333 0.7870370370370371 0.49713541666666666 0.7870370370370371 0.49661458333333336 0.788425925925926 0.4947916666666667 0.788425925925926 0.4940104166666667 0.7916666666666666 0.4903645833333333 0.7916666666666666 0.48984375 0.7925925925925926 0.4890625 0.7925925925925926 0.48854166666666665 0.7944444444444444 0.48671875 0.7944444444444444 0.4861979166666667 0.7953703703703704 0.48515625 0.7953703703703704 0.484375 0.7967592592592593 0.4825520833333333 0.7972222222222223 0.47994791666666664 0.7981481481481482 0.47890625 0.7981481481481482 0.4744791666666667 0.7976851851851852 0.4739583333333333 0.7949074074074074 0.47239583333333335 0.7912037037037037 0.47239583333333335 0.7907407407407407 0.47213541666666664 0.7888888888888889 0.47213541666666664 0.788425925925926 0.471875 0.7856481481481481 0.471875 0.7842592592592592 0.47239583333333335 0.7833333333333333 0.47239583333333335 0.7787037037037037 0.4747395833333333 0.775 0.47604166666666664 0.7736111111111111 0.47552083333333334 0.7708333333333334 0.4752604166666667 0.7703703703703704 0.475 0.7685185185185185 0.475 0.7680555555555556 0.4747395833333333 0.763425925925926 0.4747395833333333 0.762962962962963 0.4744791666666667 0.7615740740740741 0.4744791666666667 0.7611111111111111 0.47421875 0.7597222222222222 0.47421875 0.7592592592592593 0.4739583333333333 0.7578703703703704 0.4739583333333333 0.7574074074074074 0.47369791666666666 0.7560185185185185 0.47369791666666666 0.7555555555555555 0.4734375 0.7518518518518519 0.47317708333333336 0.7490740740740741 0.47239583333333335 0.7481481481481481 0.47239583333333335 0.7467592592592592 0.471875 0.7444444444444445 0.47161458333333334 0.7430555555555556 0.47109375 0.7421296296296296 0.47109375 0.7402777777777778 0.4705729166666667 0.7388888888888889 0.4705729166666667 0.7384259259259259 0.4703125 0.737037037037037 0.4703125 0.736574074074074 0.4700520833333333 0.7328703703703704 0.4700520833333333 0.7324074074074074 0.46979166666666666 0.7300925925925926 0.46979166666666666 0.7296296296296296 0.46953125 0.7240740740740741 0.46953125
3 0.7439814814814815 0.36744791666666665 0.7407407407407407 0.3690104166666667 0.7402777777777778 0.37135416666666665 0.7398148148148148 0.37161458333333336 0.7398148148148148 0.37421875 0.7402777777777778 0.37447916666666664 0.7407407407407407 0.3768229166666667 0.7416666666666667 0.37786458333333334 0.7416666666666667 0.37864583333333335 0.7425925925925926 0.3796875 0.7425925925925926 0.38046875 0.7430555555555556 0.3807291666666667 0.7430555555555556 0.3815104166666667 0.7439814814814815 0.3828125 0.7439814814814815 0.38385416666666666 0.7458333333333333 0.38645833333333335 0.7462962962962963 0.38828125 0.7472222222222222 0.3893229166666667 0.7472222222222222 0.39010416666666664 0.7476851851851852 0.39036458333333335 0.7476851851851852 0.39088541666666665 0.7490740740740741 0.3927083333333333 0.749537037037037 0.39453125 0.750462962962963 0.39557291666666666 0.7509259259259259 0.39765625 0.7513888888888889 0.39791666666666664 0.7513888888888889 0.39895833333333336 0.7518518518518519 0.39921875 0.7518518518518519 0.4002604166666667 0.7527777777777778 0.4010416666666667 0.7527777777777778 0.4015625 0.7537037037037037 0.40260416666666665 0.7537037037037037 0.40338541666666666 0.7541666666666667 0.4036458333333333 0.7541666666666667 0.4046875 0.7546296296296297 0.4049479166666667 0.7546296296296297 0.40703125 0.7550925925925925 0.40729166666666666 0.7550925925925925 0.40859375 0.7532407407407408 0.4109375 0.7513888888888889 0.4119791666666667 0.749537037037037 0.4125 0.7476851851851852 0.41380208333333335 0.7476851851851852 0.41432291666666665 0.7467592592592592 0.4153645833333333 0.7472222222222222 0.41953125 0.7481481481481481 0.4203125 0.749537037037037 0.4205729166666667 0.750462962962963 0.42109375 0.7550925925925925 0.42213541666666665 0.7564814814814815 0.42213541666666665 0.7569444444444444 0.42239583333333336 0.762962962962963 0.42239583333333336 0.763425925925926 0.42265625 0.7638888888888888 0.42239583333333336 0.7680555555555556 0.42239583333333336 0.7685185185185185 0.42213541666666665 0.7703703703703704 0.42213541666666665 0.7731481481481481 0.42135416666666664 0.774074074074074 0.42135416666666664 0.7754629629629629 0.42083333333333334 0.7763888888888889 0.42083333333333334 0.7796296296296297 0.4197916666666667 0.7805555555555556 0.4197916666666667 0.7865740740740741 0.41640625 0.7870370370370371 0.41640625 0.787962962962963 0.4158854166666667 0.787962962962963 0.4140625 0.788425925925926 0.41380208333333335 0.788425925925926 0.4125 0.7888888888888889 0.4119791666666667 0.7865740740740741 0.41041666666666665 0.7851851851851852 0.4088541666666667 0.7851851851851852 0.4083333333333333 0.7833333333333333 0.40729166666666666 0.7810185185185186 0.40677083333333336 0.7782407407407408 0.40651041666666665 0.7759259259259259 0.4049479166666667 0.7754629629629629 0.40338541666666666 0.775 0.403125 0.775 0.40234375 0.774074074074074 0.40130208333333334 0.774074074074074 0.4005208333333333 0.7736111111111111 0.4002604166666667 0.7731481481481481 0.39869791666666665 0.7722222222222223 0.39765625 0.7722222222222223 0.396875 0.7712962962962963 0.3958333333333333 0.7712962962962963 0.39505208333333336 0.7699074074074074 0.39375 0.7694444444444445 0.3921875 0.7680555555555556 0.39036458333333335 0.7671296296296296 0.3875 0.7657407407407407 0.38567708333333334 0.763425925925926 0.37864583333333335 0.762962962962963 0.37838541666666664 0.762962962962963 0.37786458333333334 0.7606481481481482 0.37447916666666664 0.7601851851851852 0.3723958333333333 0.7578703703703704 0.3690104166666667 0.7550925925925925 0.36744791666666665 0.7523148148148148 0.3671875 0.7518518518518519 0.36692708333333335
3 0.8847222222222222 0.38307291666666665 0.8833333333333333 0.38307291666666665 0.8828703703703704 0.3828125 0.8814814814814815 0.3828125 0.8810185185185185 0.38255208333333335 0.8796296296296297 0.38255208333333335 0.8773148148148148 0.38203125 0.8731481481481481 0.38177083333333334 0.8708333333333333 0.38125 0.8583333333333333 0.38125 0.8574074074074074 0.3809895833333333 0.8569444444444444 0.38125 0.8532407407407407 0.3815104166666667 0.850462962962963 0.38307291666666665 0.8495370370370371 0.3841145833333333 0.8495370370370371 0.3885416666666667 0.8527777777777777 0.39036458333333335 0.8555555555555555 0.3927083333333333 0.8564814814814815 0.3966145833333333 0.8560185185185185 0.396875 0.8560185185185185 0.3984375 0.8555555555555555 0.39869791666666665 0.8555555555555555 0.4005208333333333 0.8550925925925926 0.40078125 0.8546296296296296 0.403125 0.8541666666666666 0.40338541666666666 0.8541666666666666 0.4041666666666667 0.8532407407407407 0.40546875 0.8532407407407407 0.40651041666666665 0.8527777777777777 0.40677083333333336 0.8527777777777777 0.4078125 0.8523148148148149 0.4080729166666667 0.8523148148148149 0.409375 0.8518518518518519 0.40963541666666664 0.8518518518518519 0.41041666666666665 0.850925925925926 0.41171875 0.850925925925926 0.4127604166666667 0.850462962962963 0.41302083333333334 0.850462962962963 0.41380208333333335 0.8495370370370371 0.41510416666666666 0.8495370370370371 0.4161458333333333 0.8490740740740741 0.41640625 0.8490740740740741 0.41796875 0.8486111111111111 0.41822916666666665 0.8481481481481481 0.4205729166666667 0.8476851851851852 0.42083333333333334 0.8467592592592592 0.42291666666666666 0.8458333333333333 0.4236979166666667 0.8453703703703703 0.42578125 0.8449074074074074 0.42604166666666665 0.8449074074074074 0.4270833333333333 0.8444444444444444 0.42734375 0.8444444444444444 0.4283854166666667 0.8439814814814814 0.42864583333333334 0.8439814814814814 0.4296875 0.8430555555555556 0.4309895833333333 0.8430555555555556 0.4354166666666667 0.8458333333333333 0.43723958333333335 0.8495370370370371 0.43723958333333335 0.85 0.4375 0.8518518518518519 0.4375 0.8523148148148149 0.43776041666666665 0.8555555555555555 0.43776041666666665 0.8560185185185185 0.4375 0.8574074074074074 0.4375 0.8592592592592593 0.43697916666666664 0.8611111111111112 0.4359375 0.8643518518518518 0.4322916666666667 0.8652777777777778 0.4296875 0.8657407407407407 0.42942708333333335 0.8657407407407407 0.4283854166666667 0.8662037037037037 0.428125 0.8671296296296296 0.4244791666666667 0.8675925925925926 0.42421875 0.8680555555555556 0.42239583333333336 0.8685185185185185 0.42213541666666665 0.8694444444444445 0.41953125 0.8699074074074075 0.4192708333333333 0.8699074074074075 0.41822916666666665 0.8703703703703703 0.41796875 0.8703703703703703 0.41692708333333334 0.8712962962962963 0.415625 0.8712962962962963 0.41458333333333336 0.8731481481481481 0.41171875 0.8736111111111111 0.40911458333333334 0.8740740740740741 0.4088541666666667 0.874537037037037 0.40625 0.875 0.40598958333333335 0.875462962962963 0.40338541666666666 0.8759259259259259 0.403125 0.8759259259259259 0.40130208333333334 0.8763888888888889 0.4010416666666667 0.8763888888888889 0.39947916666666666 0.8768518518518519 0.39921875 0.8773148148148148 0.3971354166666667 0.8782407407407408 0.39609375 0.8810185185185185 0.39453125 0.8856481481481482 0.39348958333333334 0.8888888888888888 0.3932291666666667 0.8921296296296296 0.3921875 0.8921296296296296 0.39166666666666666 0.8930555555555556 0.390625 0.8930555555555556 0.38984375 0.8939814814814815 0.3888020833333333 0.8935185185185185 0.38723958333333336 0.8921296296296296 0.3854166666666667 0.8907407407407407 0.3846354166666667 0.8898148148148148 0.3846354166666667
1 0.8787037037037037 0.46588541666666666 0.8726851851851852 0.46822916666666664 0.8708333333333333 0.4705729166666667 0.8726851851851852 0.47291666666666665 0.8763888888888889 0.4744791666666667 0.8842592592592593 0.4747395833333333 0.8888888888888888 0.47604166666666664 0.8930555555555556 0.4822916666666667 0.899074074074074 0.48854166666666665 0.9078703703703703 0.5020833333333333 0.9166666666666666 0.51328125 0.9194444444444444 0.5184895833333333 0.9259259259259259 0.5255208333333333 0.9277777777777778 0.52890625 0.9333333333333333 0.5359375 0.9351851851851852 0.53984375 0.9407407407407408 0.5453125 0.9425925925925925 0.5497395833333333 0.9481481481481482 0.5565104166666667 0.9555555555555556 0.5604166666666667 0.9587962962962963 0.5614583333333333 0.9638888888888889 0.5619791666666667 0.9666666666666667 0.5630208333333333 0.9680555555555556 0.5606770833333333 0.9680555555555556 0.5557291666666667 0.9652777777777778 0.55078125 0.9578703703703704 0.5416666666666666 0.9527777777777777 0.5330729166666667 0.9476851851851852 0.5276041666666667 0.9393518518518519 0.5151041666666667 0.9296296296296296 0.5026041666666666 0.9277777777777778 0.49921875 0.9226851851851852 0.4934895833333333 0.9199074074074074 0.48828125 0.9125 0.478125 0.9092592592592592 0.4705729166666667 0.913425925925926 0.4669270833333333 0.9125 0.4625 0.9083333333333333 0.4609375 0.9037037037037037 0.46067708333333335 0.8962962962962963 0.46197916666666666 0.8851851851851852 0.46484375
2 0.887962962962963 0.5513020833333333 0.8861111111111111 0.5533854166666666 0.8861111111111111 0.55390625 0.8842592592592593 0.5557291666666667 0.8837962962962963 0.5572916666666666 0.8833333333333333 0.5575520833333333 0.8833333333333333 0.5583333333333333 0.8828703703703704 0.55859375 0.8828703703703704 0.559375 0.8819444444444444 0.5604166666666667 0.8824074074074074 0.5609375 0.8824074074074074 0.56484375 0.8828703703703704 0.5651041666666666 0.8833333333333333 0.56640625 0.8842592592592593 0.5671875 0.8842592592592593 0.5677083333333334 0.8875 0.5692708333333333 0.888425925925926 0.56953125 0.8898148148148148 0.56953125 0.8902777777777777 0.5697916666666667 0.8986111111111111 0.5697916666666667 0.899074074074074 0.5700520833333333 0.9009259259259259 0.5700520833333333 0.9032407407407408 0.56953125 0.9087962962962963 0.56953125 0.9092592592592592 0.5697916666666667 0.9106481481481481 0.5697916666666667 0.9143518518518519 0.5708333333333333 0.9171296296296296 0.5721354166666667 0.9203703703703704 0.5729166666666666 0.9236111111111112 0.57421875 0.925 0.57421875 0.9314814814814815 0.5760416666666667 0.9347222222222222 0.5765625 0.9388888888888889 0.5783854166666667 0.9407407407407408 0.5786458333333333 0.9449074074074074 0.5799479166666667 0.9462962962962963 0.5799479166666667 0.9467592592592593 0.5802083333333333 0.9537037037037037 0.58046875 0.9541666666666667 0.5807291666666666 0.9555555555555556 0.5807291666666666 0.9560185185185185 0.58046875 0.9587962962962963 0.58046875 0.9611111111111111 0.5799479166666667 0.9629629629629629 0.5791666666666667 0.9662037037037037 0.57890625 0.9708333333333333 0.5760416666666667 0.9708333333333333 0.5752604166666667 0.9717592592592592 0.5739583333333333 0.9717592592592592 0.5723958333333333 0.9722222222222222 0.5721354166666667 0.9717592592592592 0.571875 0.9717592592592592 0.56953125 0.9712962962962963 0.5692708333333333 0.9712962962962963 0.5682291666666667 0.9708333333333333 0.5677083333333334 0.9662037037037037 0.5651041666666666 0.9643518518518519 0.5645833333333333 0.9638888888888889 0.5640625 0.9606481481481481 0.5625 0.950925925925926 0.5598958333333334 0.9486111111111111 0.5588541666666667 0.9453703703703704 0.5580729166666667 0.9430555555555555 0.55703125 0.937962962962963 0.5559895833333334 0.9333333333333333 0.5541666666666667 0.9310185185185185 0.5526041666666667 0.9305555555555556 0.5513020833333333 0.9296296296296296 0.5505208333333333 0.9296296296296296 0.5497395833333333 0.9287037037037037 0.5486979166666667 0.9287037037037037 0.5479166666666667 0.9282407407407407 0.54765625 0.9277777777777778 0.5463541666666667 0.9263888888888889 0.5450520833333333 0.924074074074074 0.54375 0.9222222222222223 0.5432291666666667 0.9212962962962963 0.5432291666666667 0.9199074074074074 0.5427083333333333 0.9175925925925926 0.5424479166666667 0.9162037037037037 0.5419270833333333 0.9111111111111111 0.5419270833333333 0.9106481481481481 0.5416666666666666 0.9074074074074074 0.5416666666666666 0.9050925925925926 0.5424479166666667 0.9041666666666667 0.5424479166666667 0.9027777777777778 0.54296875 0.9018518518518519 0.54296875 0.9 0.5434895833333333 0.8986111111111111 0.5442708333333334 0.8967592592592593 0.5447916666666667 0.8953703703703704 0.54609375 0.8925925925925926 0.54765625 0.8925925925925926 0.5479166666666667 0.8912037037037037 0.5486979166666667 0.8907407407407407 0.5494791666666666
0 0.9694444444444444 0.5330729166666667 0.9680555555555556 0.53359375 0.9671296296296297 0.53359375 0.9662037037037037 0.5341145833333333 0.9662037037037037 0.534375 0.9657407407407408 0.5346354166666667 0.9657407407407408 0.53515625 0.9652777777777778 0.5354166666666667 0.9652777777777778 0.5359375 0.9648148148148148 0.5361979166666667 0.9648148148148148 0.53671875 0.9643518518518519 0.5369791666666667 0.9643518518518519 0.5401041666666667 0.9638888888888889 0.5403645833333334 0.9638888888888889 0.5416666666666666 0.9634259259259259 0.5419270833333333 0.9634259259259259 0.5427083333333333 0.9629629629629629 0.54296875 0.9629629629629629 0.5434895833333333 0.9625 0.54375 0.9625 0.5442708333333334 0.962037037037037 0.54453125 0.962037037037037 0.5450520833333333 0.9625 0.5453125 0.9625 0.54609375 0.9629629629629629 0.5463541666666667 0.9629629629629629 0.5471354166666667 0.9638888888888889 0.5479166666666667 0.9638888888888889 0.5484375 0.9643518518518519 0.5486979166666667 0.9643518518518519 0.5489583333333333 0.9652777777777778 0.5497395833333333 0.9652777777777778 0.5502604166666667 0.9657407407407408 0.5505208333333333 0.9657407407407408 0.5513020833333333 0.9662037037037037 0.5515625 0.9662037037037037 0.5528645833333333 0.9666666666666667 0.553125 0.9666666666666667 0.5536458333333333 0.9671296296296297 0.55390625 0.9671296296296297 0.5544270833333333 0.9675925925925926 0.5546875 0.9675925925925926 0.5552083333333333 0.9680555555555556 0.55546875 0.9680555555555556 0.5565104166666667 0.9685185185185186 0.5567708333333333 0.9685185185185186 0.5625 0.9680555555555556 0.5627604166666667 0.9680555555555556 0.5643229166666667 0.9699074074074074 0.565625 0.9699074074074074 0.5658854166666667 0.9703703703703703 0.5661458333333333 0.9703703703703703 0.56640625 0.9708333333333333 0.5666666666666667 0.9708333333333333 0.5669270833333333 0.9726851851851852 0.56875 0.9726851851851852 0.5692708333333333 0.9731481481481481 0.56953125 0.9736111111111111 0.5703125 0.9745370370370371 0.5708333333333333 0.9745370370370371 0.57109375 0.975 0.5708333333333333 0.9768518518518519 0.5708333333333333 0.9773148148148149 0.5705729166666667 0.9791666666666666 0.5705729166666667 0.9796296296296296 0.5703125 0.9810185185185185 0.5703125 0.9814814814814815 0.5700520833333333 0.9819444444444444 0.5700520833333333 0.9828703703703704 0.56953125 0.9828703703703704 0.5692708333333333 0.9842592592592593 0.56796875 0.9842592592592593 0.56640625 0.9847222222222223 0.5661458333333333 0.9847222222222223 0.5645833333333333 0.9851851851851852 0.5643229166666667 0.9851851851851852 0.5630208333333333 0.9856481481481482 0.5627604166666667 0.9856481481481482 0.56171875 0.9861111111111112 0.5614583333333333 0.9861111111111112 0.5588541666666667 0.986574074074074 0.55859375 0.986574074074074 0.5557291666666667 0.987037037037037 0.55546875 0.987037037037037 0.5533854166666666 0.9875 0.553125 0.9875 0.5518229166666667 0.9879629629629629 0.5515625 0.9879629629629629 0.5505208333333333 0.9884259259259259 0.5502604166666667 0.9884259259259259 0.5497395833333333 0.9888888888888889 0.5494791666666666 0.9888888888888889 0.5489583333333333 0.9893518518518518 0.5486979166666667 0.9893518518518518 0.5479166666666667 0.9898148148148148 0.54765625 0.9898148148148148 0.546875 0.9902777777777778 0.5466145833333333 0.9902777777777778 0.5458333333333333 0.9907407407407407 0.5455729166666666 0.9907407407407407 0.5450520833333333 0.9912037037037037 0.5447916666666667 0.9912037037037037 0.5416666666666666 0.9916666666666667 0.54140625 0.9916666666666667 0.5393229166666667 0.9921296296296296 0.5390625 0.9921296296296296 0.5377604166666666 0.9925925925925926 0.5375 0.9925925925925926 0.53671875 0.9898148148148148 0.5348958333333333 0.9893518518518518 0.5348958333333333 0.9879629629629629 0.534375 0.987037037037037 0.534375 0.986574074074074 0.5341145833333333 0.9851851851851852 0.5341145833333333 0.9847222222222223 0.5338541666666666 0.9824074074074074 0.5338541666666666 0.9819444444444444 0.53359375 0.9805555555555555 0.53359375 0.9800925925925926 0.5333333333333333 0.9791666666666666 0.5333333333333333 0.9787037037037037 0.5330729166666667
