1 0.18098958333333334 0.15092592592592594 0.18020833333333333 0.15231481481481482 0.18020833333333333 0.1527777777777778 0.1796875 0.1537037037037037 0.17916666666666667 0.15555555555555556 0.17916666666666667 0.16064814814814815 0.17942708333333332 0.16111111111111112 0.17942708333333332 0.16296296296296298 0.18046875 0.16620370370370371 0.18046875 0.16712962962962963 0.18072916666666666 0.1675925925925926 0.18072916666666666 0.1685185185185185 0.18098958333333334 0.16898148148148148 0.18125 0.1712962962962963 0.18177083333333333 0.1726851851851852 0.18177083333333333 0.1736111111111111 0.18229166666666666 0.17546296296296296 0.1828125 0.1763888888888889 0.18385416666666668 0.18009259259259258 0.18385416666666668 0.18101851851851852 0.18411458333333333 0.1814814814814815 0.18411458333333333 0.1824074074074074 0.184375 0.18287037037037038 0.184375 0.1837962962962963 0.18489583333333334 0.18564814814814815 0.18489583333333334 0.18703703703703703 0.18541666666666667 0.1884259259259259 0.18541666666666667 0.19398148148148148 0.18515625 0.19444444444444445 0.18515625 0.1986111111111111 0.18541666666666667 0.19907407407407407 0.18541666666666667 0.2 0.1859375 0.20185185185185187 0.1859375 0.20324074074074075 0.18645833333333334 0.20416666666666666 0.18776041666666668 0.20879629629629629 0.18776041666666668 0.20972222222222223 0.18802083333333333 0.2101851851851852 0.18802083333333333 0.2111111111111111 0.18828125 0.21157407407407408 0.18828125 0.2125 0.18854166666666666 0.21296296296296297 0.18854166666666666 0.21388888888888888 0.1890625 0.21574074074074073 0.1890625 0.21712962962962962 0.18932291666666667 0.2175925925925926 0.18932291666666667 0.21851851851851853 0.18984375 0.22037037037037038 0.19036458333333334 0.2212962962962963 0.19036458333333334 0.22175925925925927 0.19192708333333333 0.22453703703703703 0.1921875 0.22453703703703703 0.19270833333333334 0.22546296296296298 0.19375 0.2263888888888889 0.19427083333333334 0.2263888888888889 0.19453125 0.22685185185185186 0.1953125 0.22685185185185186 0.19557291666666668 0.2273148148148148 0.2 0.2273148148148148 0.20026041666666666 0.22685185185185186 0.2015625 0.22685185185185186 0.20182291666666666 0.2263888888888889 0.20260416666666667 0.2263888888888889 0.20286458333333332 0.22592592592592592 0.20338541666666668 0.22592592592592592 0.20364583333333333 0.22546296296296298 0.20416666666666666 0.22546296296296298 0.20520833333333333 0.22453703703703703 0.20677083333333332 0.2222222222222222 0.20677083333333332 0.22175925925925927 0.20807291666666666 0.21898148148148147 0.20833333333333334 0.21666666666666667 0.209375 0.21296296296296297 0.20963541666666666 0.20972222222222223 0.209375 0.20925925925925926 0.209375 0.20555555555555555 0.20911458333333333 0.2050925925925926 0.20911458333333333 0.20416666666666666 0.20677083333333332 0.1986111111111111 0.20598958333333334 0.19583333333333333 0.20572916666666666 0.1935185185185185 0.20520833333333333 0.19212962962962962 0.20520833333333333 0.1912037037037037 0.20442708333333334 0.1884259259259259 0.20390625 0.1875 0.20338541666666668 0.18564814814814815 0.20078125 0.1814814814814815 0.20052083333333334 0.1814814814814815 0.19921875 0.17916666666666667 0.19921875 0.1787037037037037 0.19817708333333334 0.1763888888888889 0.19791666666666666 0.175 0.196875 0.17314814814814813 0.196875 0.1726851851851852 0.19609375 0.1712962962962963 0.19609375 0.17083333333333334 0.19479166666666667 0.1685185185185185 0.19453125 0.1685185185185185 0.19375 0.16712962962962963 0.19348958333333333 0.16712962962962963 0.19296875 0.16620370370370371 0.19192708333333333 0.16527777777777777 0.18984375 0.16203703703703703 0.18828125 0.16064814814814815 0.18723958333333332 0.1587962962962963 0.18697916666666667 0.1587962962962963 0.18645833333333334 0.15787037037037038 0.18645833333333334 0.1574074074074074 0.184375 0.1537037037037037 0.18411458333333333 0.1537037037037037 0.18333333333333332 0.15231481481481482 0.18307291666666667 0.15231481481481482 0.18203125 0.15092592592592594
1 0.09505208333333333 0.2810185185185185 0.09479166666666666 0.28194444444444444 0.09479166666666666 0.28379629629629627 0.09453125 0.28425925925925927 0.09453125 0.2865740740740741 0.09427083333333333 0.28703703703703703 0.09453125 0.2875 0.09453125 0.28888888888888886 0.09505208333333333 0.29074074074074074 0.09609375 0.29305555555555557 0.09713541666666667 0.29398148148148145 0.09869791666666666 0.2962962962962963 0.09947916666666666 0.2967592592592593 0.1 0.29768518518518516 0.10208333333333333 0.29953703703703705 0.103125 0.3013888888888889 0.10338541666666666 0.3013888888888889 0.10520833333333333 0.30416666666666664 0.10651041666666666 0.3087962962962963 0.10651041666666666 0.3101851851851852 0.10677083333333333 0.3106481481481482 0.10677083333333333 0.3143518518518518 0.10703125 0.3148148148148148 0.10703125 0.3162037037037037 0.1078125 0.3189814814814815 0.1078125 0.3199074074074074 0.10833333333333334 0.32083333333333336 0.10833333333333334 0.3212962962962963 0.11015625 0.324537037037037 0.11041666666666666 0.324537037037037 0.1109375 0.32546296296296295 0.11197916666666667 0.3263888888888889 0.11276041666666667 0.3263888888888889 0.11302083333333333 0.32685185185185184 0.11354166666666667 0.32685185185185184 0.11380208333333333 0.32731481481481484 0.11432291666666666 0.32731481481481484 0.11484375 0.3277777777777778 0.11536458333333334 0.3287037037037037 0.115625 0.3287037037037037 0.11796875 0.33287037037037037 0.11822916666666666 0.33287037037037037 0.11927083333333334 0.3347222222222222 0.1203125 0.33564814814814814 0.12109375 0.33564814814814814 0.12135416666666667 0.33611111111111114 0.12265625 0.33611111111111114 0.12291666666666666 0.3365740740740741 0.12395833333333334 0.3365740740740741 0.12421875 0.33611111111111114 0.12682291666666667 0.33611111111111114 0.12708333333333333 0.33564814814814814 0.12786458333333334 0.33564814814814814 0.12994791666666666 0.3337962962962963 0.13072916666666667 0.33240740740740743 0.13098958333333333 0.33240740740740743 0.13333333333333333 0.3282407407407407 0.13333333333333333 0.3277777777777778 0.13411458333333334 0.3263888888888889 0.134375 0.325 0.13515625 0.32314814814814813 0.13515625 0.3212962962962963 0.13541666666666666 0.32083333333333336 0.13541666666666666 0.3148148148148148 0.134375 0.3111111111111111 0.13385416666666666 0.3101851851851852 0.13333333333333333 0.30787037037037035 0.1328125 0.30694444444444446 0.1328125 0.30648148148148147 0.13203125 0.3050925925925926 0.13203125 0.30462962962962964 0.12942708333333333 0.3 0.12578125 0.2967592592592593 0.12526041666666668 0.2967592592592593 0.12447916666666667 0.29583333333333334 0.12395833333333334 0.29583333333333334 0.12291666666666666 0.2949074074074074 0.121875 0.2949074074074074 0.12161458333333333 0.29444444444444445 0.12083333333333333 0.29444444444444445 0.12057291666666667 0.29398148148148145 0.11953125 0.29398148148148145 0.11927083333333334 0.2935185185185185 0.11614583333333334 0.2935185185185185 0.11588541666666667 0.29305555555555557 0.11432291666666666 0.29305555555555557 0.1140625 0.29259259259259257 0.11354166666666667 0.29259259259259257 0.11223958333333334 0.29074074074074074 0.11197916666666667 0.28935185185185186 0.11119791666666666 0.287962962962963 0.1109375 0.287962962962963 0.11041666666666666 0.28703703703703703 0.10989583333333333 0.28703703703703703 0.10885416666666667 0.2861111111111111 0.10703125 0.2828703703703704 0.10677083333333333 0.28194444444444444 0.10625 0.2814814814814815 0.10572916666666667 0.2814814814814815 0.10546875 0.2810185185185185 0.10494791666666667 0.2810185185185185 0.10416666666666667 0.2800925925925926 0.10338541666666666 0.2800925925925926 0.103125 0.2796296296296296 0.10234375 0.2796296296296296 0.10208333333333333 0.2791666666666667 0.10104166666666667 0.2791666666666667 0.10078125 0.27870370370370373 0.09791666666666667 0.27870370370370373 0.09765625 0.2791666666666667 0.09661458333333334 0.2791666666666667 0.09557291666666666 0.2800925925925926
1 0.11614583333333334 0.6773148148148148 0.11614583333333334 0.6791666666666667 0.11588541666666667 0.6796296296296296 0.11588541666666667 0.6810185185185185 0.115625 0.6814814814814815 0.115625 0.6861111111111111 0.11614583333333334 0.687962962962963 0.11692708333333333 0.6893518518518519 0.11796875 0.6898148148148148 0.11822916666666666 0.6902777777777778 0.11927083333333334 0.6902777777777778 0.11953125 0.6907407407407408 0.12161458333333333 0.6907407407407408 0.121875 0.6912037037037037 0.12291666666666666 0.6912037037037037 0.12317708333333334 0.6916666666666667 0.125 0.6916666666666667 0.12526041666666668 0.6921296296296297 0.12682291666666667 0.6921296296296297 0.12708333333333333 0.6925925925925925 0.12760416666666666 0.6925925925925925 0.128125 0.6930555555555555 0.1296875 0.6958333333333333 0.13020833333333334 0.6976851851851852 0.13125 0.6986111111111111 0.13151041666666666 0.6981481481481482 0.13203125 0.6981481481481482 0.13307291666666668 0.6972222222222222 0.13359375 0.6962962962962963 0.13411458333333334 0.6939814814814815 0.13515625 0.6921296296296297 0.13619791666666667 0.6921296296296297 0.13645833333333332 0.6916666666666667 0.13854166666666667 0.6916666666666667 0.13880208333333333 0.6921296296296297 0.13984375 0.6921296296296297 0.14010416666666667 0.6925925925925925 0.14166666666666666 0.6930555555555555 0.14192708333333334 0.6935185185185185 0.14270833333333333 0.6935185185185185 0.14296875 0.6939814814814815 0.14401041666666667 0.6939814814814815 0.14427083333333332 0.6944444444444444 0.14505208333333333 0.6944444444444444 0.1453125 0.6949074074074074 0.14713541666666666 0.6953703703703704 0.14869791666666668 0.6967592592592593 0.15052083333333333 0.6972222222222222 0.15078125 0.6976851851851852 0.15234375 0.6981481481481482 0.15260416666666668 0.6986111111111111 0.15338541666666666 0.6986111111111111 0.15364583333333334 0.6990740740740741 0.1546875 0.6990740740740741 0.15494791666666666 0.6995370370370371 0.15677083333333333 0.6995370370370371 0.15703125 0.7 0.15911458333333334 0.7 0.159375 0.6995370370370371 0.16041666666666668 0.6995370370370371 0.16145833333333334 0.6986111111111111 0.16197916666666667 0.6967592592592593 0.16197916666666667 0.6958333333333333 0.16223958333333333 0.6953703703703704 0.16276041666666666 0.6916666666666667 0.16302083333333334 0.6912037037037037 0.16302083333333334 0.6847222222222222 0.16223958333333333 0.6828703703703703 0.16171875 0.6828703703703703 0.16067708333333333 0.6819444444444445 0.15963541666666667 0.6819444444444445 0.159375 0.6814814814814815 0.1578125 0.6810185185185185 0.15755208333333334 0.6805555555555556 0.15651041666666668 0.6805555555555556 0.15625 0.6800925925925926 0.15442708333333333 0.6796296296296296 0.15416666666666667 0.6791666666666667 0.15286458333333333 0.6791666666666667 0.15260416666666668 0.6787037037037037 0.1515625 0.6787037037037037 0.15130208333333334 0.6782407407407407 0.15 0.6782407407407407 0.14973958333333334 0.6777777777777778 0.14661458333333333 0.6777777777777778 0.14635416666666667 0.6773148148148148 0.14453125 0.6768518518518518 0.14348958333333334 0.6759259259259259 0.14244791666666667 0.6759259259259259 0.1421875 0.6754629629629629 0.14114583333333333 0.6754629629629629 0.14088541666666668 0.675 0.13932291666666666 0.674537037037037 0.13880208333333333 0.674074074074074 0.1375 0.6717592592592593 0.13723958333333333 0.6708333333333333 0.13723958333333333 0.6694444444444444 0.13697916666666668 0.6689814814814815 0.13697916666666668 0.6662037037037037 0.13671875 0.6657407407407407 0.13671875 0.6638888888888889 0.13645833333333332 0.6638888888888889 0.13541666666666666 0.6620370370370371 0.134375 0.6611111111111111 0.13385416666666666 0.6611111111111111 0.1328125 0.6601851851851852 0.13177083333333334 0.6601851851851852 0.13151041666666666 0.6597222222222222 0.12890625 0.6597222222222222 0.12864583333333332 0.6601851851851852 0.12526041666666668 0.6601851851851852 0.125 0.6597222222222222 0.12317708333333334 0.6597222222222222 0.12291666666666666 0.6601851851851852 0.12239583333333333 0.6601851851851852 0.121875 0.6611111111111111 0.12083333333333333 0.6620370370370371 0.11901041666666666 0.6657407407407407 0.11875 0.6671296296296296 0.11822916666666666 0.6680555555555555 0.1171875 0.6717592592592593 0.1171875 0.6726851851851852 0.11692708333333333 0.6731481481481482 0.11692708333333333 0.674074074074074 0.11666666666666667 0.674537037037037 0.11666666666666667 0.6754629629629629
1 0.2171875 0.49583333333333335 0.21692708333333333 0.49583333333333335 0.215625 0.49398148148148147 0.21380208333333334 0.4925925925925926 0.21328125 0.49166666666666664 0.21276041666666667 0.49166666666666664 0.2125 0.4912037037037037 0.21197916666666666 0.4912037037037037 0.21171875 0.49074074074074076 0.2109375 0.49074074074074076 0.21067708333333332 0.49027777777777776 0.20729166666666668 0.49027777777777776 0.20703125 0.49074074074074076 0.20598958333333334 0.49074074074074076 0.20572916666666666 0.4912037037037037 0.20442708333333334 0.49166666666666664 0.20390625 0.4925925925925926 0.20364583333333333 0.4925925925925926 0.2015625 0.4962962962962963 0.2015625 0.49675925925925923 0.20130208333333333 0.49722222222222223 0.20130208333333333 0.4981481481481482 0.20078125 0.49907407407407406 0.20052083333333334 0.500462962962963 0.1984375 0.5041666666666667 0.19765625 0.5046296296296297 0.19661458333333334 0.5064814814814815 0.19661458333333334 0.5069444444444444 0.19583333333333333 0.5083333333333333 0.19583333333333333 0.5087962962962963 0.1953125 0.5097222222222222 0.1953125 0.5101851851851852 0.19479166666666667 0.5115740740740741 0.19479166666666667 0.5148148148148148 0.19453125 0.5152777777777777 0.19453125 0.5180555555555556 0.19479166666666667 0.5185185185185185 0.19479166666666667 0.5199074074074074 0.19505208333333332 0.5203703703703704 0.19505208333333332 0.5212962962962963 0.19557291666666668 0.5226851851851851 0.19557291666666668 0.524537037037037 0.19583333333333333 0.525 0.19557291666666668 0.5254629629629629 0.19557291666666668 0.5263888888888889 0.1953125 0.5268518518518519 0.1953125 0.5277777777777778 0.19505208333333332 0.5282407407407408 0.19505208333333332 0.5291666666666667 0.19479166666666667 0.5296296296296297 0.19479166666666667 0.5300925925925926 0.19296875 0.5337962962962963 0.19296875 0.5342592592592592 0.19140625 0.537962962962963 0.190625 0.5412037037037037 0.19010416666666666 0.5421296296296296 0.19010416666666666 0.5425925925925926 0.18958333333333333 0.5435185185185185 0.18958333333333333 0.5439814814814815 0.1890625 0.5453703703703704 0.1890625 0.5462962962962963 0.18880208333333334 0.5467592592592593 0.18880208333333334 0.5476851851851852 0.18854166666666666 0.5481481481481482 0.18828125 0.5523148148148148 0.18932291666666667 0.5555555555555556 0.18958333333333333 0.5555555555555556 0.19010416666666666 0.5564814814814815 0.19036458333333334 0.5564814814814815 0.1921875 0.5583333333333333 0.19296875 0.5583333333333333 0.19322916666666667 0.5587962962962963 0.19427083333333334 0.5587962962962963 0.19453125 0.5583333333333333 0.19583333333333333 0.5583333333333333 0.19609375 0.5578703703703703 0.196875 0.5578703703703703 0.19739583333333333 0.5569444444444445 0.19765625 0.5569444444444445 0.19765625 0.5564814814814815 0.19973958333333333 0.5527777777777778 0.19973958333333333 0.5523148148148148 0.20026041666666666 0.5513888888888889 0.20078125 0.549074074074074 0.2015625 0.5476851851851852 0.20182291666666666 0.5462962962962963 0.20260416666666667 0.5449074074074074 0.20260416666666667 0.5444444444444444 0.20390625 0.5416666666666666 0.20390625 0.5412037037037037 0.20729166666666668 0.5351851851851852 0.20755208333333333 0.5351851851851852 0.2078125 0.5347222222222222 0.20833333333333334 0.5347222222222222 0.20859375 0.5342592592592592 0.209375 0.5342592592592592 0.20963541666666666 0.5337962962962963 0.21015625 0.5337962962962963 0.21041666666666667 0.5333333333333333 0.2109375 0.5333333333333333 0.21119791666666668 0.5328703703703703 0.21171875 0.5328703703703703 0.21197916666666666 0.5324074074074074 0.2125 0.5324074074074074 0.21276041666666667 0.5319444444444444 0.21302083333333333 0.5319444444444444 0.21354166666666666 0.5310185185185186 0.21380208333333334 0.5310185185185186 0.21432291666666667 0.5300925925925926 0.21458333333333332 0.5300925925925926 0.21484375 0.5296296296296297 0.21484375 0.5291666666666667 0.21614583333333334 0.5268518518518519 0.21614583333333334 0.5263888888888889 0.21692708333333333 0.524537037037037 0.21692708333333333 0.5236111111111111 0.2171875 0.5231481481481481 0.2171875 0.5222222222222223 0.21744791666666666 0.5217592592592593 0.21744791666666666 0.5208333333333334 0.21770833333333334 0.5203703703703704 0.21770833333333334 0.5194444444444445 0.21796875 0.5189814814814815 0.21822916666666667 0.5166666666666667 0.21875 0.5152777777777777 0.21875 0.5143518518518518 0.21953125 0.5125 0.21953125 0.5120370370370371 0.22005208333333334 0.5111111111111111 0.22005208333333334 0.5097222222222222 0.2203125 0.5092592592592593 0.2203125 0.5032407407407408 0.22005208333333334 0.5027777777777778 0.22005208333333334 0.5018518518518519 0.21875 0.49907407407407406 0.21875 0.4986111111111111
1 0.2708333333333333 0.2518518518518518 0.27057291666666666 0.2523148148148148 0.26979166666666665 0.2523148148148148 0.26953125 0.25277777777777777 0.26901041666666664 0.25277777777777777 0.26875 0.25324074074074077 0.26796875 0.25324074074074077 0.2669270833333333 0.25416666666666665 0.26614583333333336 0.2564814814814815 0.26614583333333336 0.25787037037037036 0.26588541666666665 0.25833333333333336 0.26588541666666665 0.2625 0.26614583333333336 0.26296296296296295 0.26614583333333336 0.2657407407407407 0.26640625 0.2662037037037037 0.26640625 0.26851851851851855 0.26666666666666666 0.2689814814814815 0.26666666666666666 0.2712962962962963 0.2669270833333333 0.27175925925925926 0.2669270833333333 0.275 0.2671875 0.27546296296296297 0.2671875 0.2773148148148148 0.2674479166666667 0.2777777777777778 0.2674479166666667 0.2796296296296296 0.2677083333333333 0.2800925925925926 0.26796875 0.28425925925925927 0.2682291666666667 0.2847222222222222 0.2682291666666667 0.2861111111111111 0.26848958333333334 0.2865740740740741 0.26848958333333334 0.28935185185185186 0.26875 0.2898148148148148 0.26875 0.29305555555555557 0.26901041666666664 0.2935185185185185 0.26901041666666664 0.29444444444444445 0.26875 0.2949074074074074 0.26875 0.29583333333333334 0.26796875 0.2972222222222222 0.26796875 0.29768518518518516 0.26640625 0.300462962962963 0.26614583333333336 0.300462962962963 0.2643229166666667 0.30324074074074076 0.2643229166666667 0.3055555555555556 0.2640625 0.3060185185185185 0.2640625 0.3087962962962963 0.2643229166666667 0.30972222222222223 0.26614583333333336 0.31296296296296294 0.2671875 0.31666666666666665 0.2671875 0.32314814814814813 0.2674479166666667 0.3236111111111111 0.2674479166666667 0.32685185185185184 0.2677083333333333 0.32731481481481484 0.2677083333333333 0.3300925925925926 0.26796875 0.33055555555555555 0.26796875 0.3314814814814815 0.26953125 0.33425925925925926 0.26979166666666665 0.33425925925925926 0.2708333333333333 0.33564814814814814 0.2716145833333333 0.33564814814814814 0.271875 0.33611111111111114 0.27291666666666664 0.33611111111111114 0.27317708333333335 0.3365740740740741 0.27421875 0.3365740740740741 0.27447916666666666 0.337037037037037 0.27578125 0.337037037037037 0.2760416666666667 0.3365740740740741 0.27682291666666664 0.3365740740740741 0.27708333333333335 0.33611111111111114 0.27838541666666666 0.33564814814814814 0.28072916666666664 0.33194444444444443 0.28177083333333336 0.33101851851851855 0.28229166666666666 0.33101851851851855 0.2833333333333333 0.3300925925925926 0.28411458333333334 0.3300925925925926 0.284375 0.3296296296296296 0.2864583333333333 0.3287037037037037 0.28671875 0.3282407407407407 0.28671875 0.32685185185185184 0.2869791666666667 0.3263888888888889 0.2869791666666667 0.32407407407407407 0.2872395833333333 0.3236111111111111 0.2869791666666667 0.32314814814814813 0.2869791666666667 0.32175925925925924 0.28541666666666665 0.3162037037037037 0.28541666666666665 0.3143518518518518 0.28515625 0.3138888888888889 0.28515625 0.3106481481481482 0.28489583333333335 0.3101851851851852 0.28489583333333335 0.30648148148148147 0.28463541666666664 0.3060185185185185 0.28463541666666664 0.30277777777777776 0.284375 0.3023148148148148 0.284375 0.3013888888888889 0.28359375 0.29953703703703705 0.28359375 0.29907407407407405 0.28203125 0.2962962962962963 0.28177083333333336 0.2962962962962963 0.28020833333333334 0.29305555555555557 0.28020833333333334 0.29212962962962963 0.2796875 0.2902777777777778 0.2796875 0.28888888888888886 0.2794270833333333 0.2884259259259259 0.2794270833333333 0.2875 0.2791666666666667 0.28703703703703703 0.2791666666666667 0.2861111111111111 0.2786458333333333 0.28425925925925927 0.2786458333333333 0.2824074074074074 0.27838541666666666 0.28194444444444444 0.27838541666666666 0.28055555555555556 0.278125 0.2800925925925926 0.278125 0.27870370370370373 0.27786458333333336 0.27824074074074073 0.27786458333333336 0.27685185185185185 0.27760416666666665 0.2763888888888889 0.27760416666666665 0.274537037037037 0.27734375 0.2740740740740741 0.27734375 0.27175925925925926 0.27708333333333335 0.2712962962962963 0.27708333333333335 0.26851851851851855 0.27682291666666664 0.26805555555555555 0.27682291666666664 0.2652777777777778 0.2765625 0.26481481481481484 0.2765625 0.2625 0.27630208333333334 0.262037037037037 0.27630208333333334 0.25972222222222224 0.2760416666666667 0.25925925925925924 0.2760416666666667 0.25787037037037036 0.27578125 0.2574074074074074 0.27578125 0.2564814814814815 0.2747395833333333 0.2537037037037037 0.27369791666666665 0.25324074074074077 0.27291666666666664 0.2523148148148148 0.2721354166666667 0.2523148148148148 0.271875 0.2518518518518518
1 0.2955729166666667 0.30324074074074076 0.2955729166666667 0.30694444444444446 0.2953125 0.3074074074074074 0.2953125 0.3175925925925926 0.2955729166666667 0.31805555555555554 0.2955729166666667 0.3189814814814815 0.29609375 0.32083333333333336 0.29765625 0.3226851851851852 0.2984375 0.3226851851851852 0.2986979166666667 0.32314814814814813 0.30078125 0.32314814814814813 0.30104166666666665 0.3236111111111111 0.3020833333333333 0.3236111111111111 0.30520833333333336 0.3263888888888889 0.3059895833333333 0.3263888888888889 0.30625 0.32685185185185184 0.30703125 0.32685185185185184 0.3072916666666667 0.32731481481481484 0.30807291666666664 0.32731481481481484 0.30833333333333335 0.3277777777777778 0.31015625 0.3282407407407407 0.3106770833333333 0.3277777777777778 0.3138020833333333 0.32222222222222224 0.3143229166666667 0.32175925925925924 0.315625 0.32175925925925924 0.31588541666666664 0.32222222222222224 0.31744791666666666 0.32222222222222224 0.3177083333333333 0.3226851851851852 0.31953125 0.3226851851851852 0.31979166666666664 0.32314814814814813 0.321875 0.32314814814814813 0.3221354166666667 0.3236111111111111 0.32421875 0.3236111111111111 0.32447916666666665 0.32407407407407407 0.3263020833333333 0.32407407407407407 0.3265625 0.324537037037037 0.32786458333333335 0.324537037037037 0.328125 0.325 0.3296875 0.325 0.3299479166666667 0.32546296296296295 0.33125 0.32546296296296295 0.33151041666666664 0.32592592592592595 0.33307291666666666 0.32592592592592595 0.3333333333333333 0.3263888888888889 0.3346354166666667 0.3263888888888889 0.33489583333333334 0.32685185185185184 0.3359375 0.32685185185185184 0.33619791666666665 0.32731481481481484 0.3372395833333333 0.32731481481481484 0.3375 0.3277777777777778 0.3411458333333333 0.3277777777777778 0.3421875 0.32592592592592595 0.3421875 0.325 0.3424479166666667 0.324537037037037 0.3424479166666667 0.32222222222222224 0.34270833333333334 0.32175925925925924 0.34270833333333334 0.3162037037037037 0.3424479166666667 0.31574074074074077 0.3424479166666667 0.3138888888888889 0.3421875 0.31342592592592594 0.3421875 0.3125 0.3419270833333333 0.31157407407407406 0.34088541666666666 0.30972222222222223 0.34036458333333336 0.30972222222222223 0.34010416666666665 0.30925925925925923 0.33932291666666664 0.30925925925925923 0.3390625 0.3087962962962963 0.33828125 0.3087962962962963 0.3380208333333333 0.30833333333333335 0.33671875 0.30833333333333335 0.33645833333333336 0.30787037037037035 0.33489583333333334 0.30787037037037035 0.3346354166666667 0.3074074074074074 0.3328125 0.3074074074074074 0.33255208333333336 0.30694444444444446 0.33046875 0.30694444444444446 0.3302083333333333 0.30648148148148147 0.32864583333333336 0.30648148148148147 0.32838541666666665 0.3060185185185185 0.3268229166666667 0.3060185185185185 0.3265625 0.3055555555555556 0.32447916666666665 0.3055555555555556 0.32421875 0.3050925925925926 0.3223958333333333 0.3050925925925926 0.3221354166666667 0.30462962962962964 0.3216145833333333 0.30462962962962964 0.32109375 0.30416666666666664 0.32057291666666665 0.30324074074074076 0.31796875 0.30092592592592593 0.3171875 0.30092592592592593 0.31692708333333336 0.300462962962963 0.315625 0.3 0.31171875 0.2962962962962963 0.3111979166666667 0.2962962962962963 0.31015625 0.2953703703703704 0.3078125 0.2953703703703704 0.30755208333333334 0.2949074074074074 0.30546875 0.2949074074074074 0.30520833333333336 0.2953703703703704 0.3033854166666667 0.2953703703703704 0.303125 0.29583333333333334 0.30078125 0.29583333333333334 0.30052083333333335 0.2953703703703704 0.29921875 0.2953703703703704 0.2989583333333333 0.29583333333333334 0.2984375 0.29583333333333334 0.296875 0.2986111111111111
1 0.4421875 0.5625 0.44192708333333336 0.5625 0.4390625 0.5578703703703703 0.43697916666666664 0.5560185185185185 0.43645833333333334 0.5560185185185185 0.4361979166666667 0.5555555555555556 0.4315104166666667 0.5555555555555556 0.43046875 0.5564814814814815 0.4296875 0.5578703703703703 0.4296875 0.5583333333333333 0.4270833333333333 0.5634259259259259 0.4270833333333333 0.5638888888888889 0.4265625 0.5648148148148148 0.42604166666666665 0.5666666666666667 0.425 0.5685185185185185 0.425 0.5689814814814815 0.42239583333333336 0.5736111111111111 0.42213541666666665 0.5745370370370371 0.42213541666666665 0.575462962962963 0.421875 0.575925925925926 0.421875 0.5773148148148148 0.42161458333333335 0.5777777777777777 0.42161458333333335 0.5861111111111111 0.42135416666666664 0.586574074074074 0.42135416666666664 0.5879629629629629 0.42083333333333334 0.5898148148148148 0.4200520833333333 0.5912037037037037 0.4200520833333333 0.5916666666666667 0.4192708333333333 0.5925925925925926 0.4192708333333333 0.5930555555555556 0.41822916666666665 0.5949074074074074 0.41822916666666665 0.5953703703703703 0.4166666666666667 0.5981481481481481 0.41640625 0.5981481481481481 0.415625 0.5995370370370371 0.4153645833333333 0.5995370370370371 0.4153645833333333 0.6 0.41432291666666665 0.6018518518518519 0.41432291666666665 0.6023148148148149 0.41067708333333336 0.6087962962962963 0.40989583333333335 0.611574074074074 0.40989583333333335 0.6125 0.40963541666666664 0.6129629629629629 0.40963541666666664 0.6148148148148148 0.41067708333333336 0.6185185185185185 0.4119791666666667 0.6208333333333333 0.41302083333333334 0.6217592592592592 0.41354166666666664 0.6217592592592592 0.41380208333333335 0.6222222222222222 0.41458333333333336 0.6222222222222222 0.41484375 0.6226851851851852 0.41640625 0.6226851851851852 0.4166666666666667 0.6222222222222222 0.4171875 0.6222222222222222 0.41770833333333335 0.6212962962962963 0.41796875 0.6212962962962963 0.42291666666666666 0.612037037037037 0.4231770833333333 0.612037037037037 0.425 0.6087962962962963 0.42526041666666664 0.6087962962962963 0.4265625 0.6064814814814815 0.4270833333333333 0.6046296296296296 0.42864583333333334 0.6018518518518519 0.43020833333333336 0.600462962962963 0.4309895833333333 0.600462962962963 0.43125 0.6 0.4359375 0.6 0.4375 0.5986111111111111 0.4388020833333333 0.5981481481481481 0.44036458333333334 0.5958333333333333 0.44036458333333334 0.5953703703703703 0.44088541666666664 0.5944444444444444 0.44088541666666664 0.5935185185185186 0.44140625 0.5916666666666667 0.44140625 0.5902777777777778 0.44192708333333336 0.5884259259259259 0.44557291666666665 0.5824074074074074 0.44635416666666666 0.5796296296296296 0.44635416666666666 0.5763888888888888 0.44609375 0.575925925925926 0.44609375 0.5726851851851852 0.44583333333333336 0.5722222222222222 0.44583333333333336 0.5712962962962963 0.44505208333333335 0.5685185185185185 0.4440104166666667 0.5662037037037037 0.4440104166666667 0.5657407407407408
1 0.5604166666666667 0.5962962962962963 0.56015625 0.5967592592592592 0.559375 0.5967592592592592 0.5591145833333333 0.5972222222222222 0.55859375 0.5972222222222222 0.5583333333333333 0.5976851851851852 0.55703125 0.5981481481481481 0.5565104166666667 0.5990740740740741 0.5557291666666667 0.5995370370370371 0.5546875 0.6013888888888889 0.55390625 0.6041666666666666 0.55390625 0.6050925925925926 0.5536458333333333 0.6055555555555555 0.5536458333333333 0.6101851851851852 0.55390625 0.6106481481481482 0.55390625 0.6129629629629629 0.5541666666666667 0.6134259259259259 0.5541666666666667 0.6162037037037037 0.55390625 0.6166666666666667 0.55390625 0.6185185185185185 0.5536458333333333 0.6189814814814815 0.5536458333333333 0.6203703703703703 0.553125 0.6222222222222222 0.553125 0.6268518518518519 0.5528645833333333 0.6273148148148148 0.553125 0.6277777777777778 0.553125 0.6291666666666667 0.55546875 0.6333333333333333 0.5557291666666667 0.6333333333333333 0.55625 0.6342592592592593 0.5572916666666666 0.6351851851851852 0.5578125 0.6351851851851852 0.5588541666666667 0.6370370370370371 0.559375 0.6388888888888888 0.559375 0.6398148148148148 0.5596354166666667 0.6402777777777777 0.5596354166666667 0.6523148148148148 0.5598958333333334 0.6527777777777778 0.5598958333333334 0.6638888888888889 0.5604166666666667 0.6657407407407407 0.5604166666666667 0.6675925925925926 0.5606770833333333 0.6680555555555555 0.5606770833333333 0.6703703703703704 0.5609375 0.6708333333333333 0.5609375 0.6717592592592593 0.5614583333333333 0.6726851851851852 0.5614583333333333 0.6731481481481482 0.5627604166666667 0.6754629629629629 0.5638020833333334 0.6763888888888889 0.56640625 0.6763888888888889 0.5666666666666667 0.6759259259259259 0.5684895833333333 0.6759259259259259 0.56953125 0.675 0.5700520833333333 0.674074074074074 0.5700520833333333 0.6736111111111112 0.5705729166666667 0.6726851851851852 0.5705729166666667 0.6717592592592593 0.5708333333333333 0.6712962962962963 0.5708333333333333 0.6694444444444444 0.57109375 0.6689814814814815 0.57109375 0.662962962962963 0.5708333333333333 0.6625 0.5708333333333333 0.6583333333333333 0.5705729166666667 0.6578703703703703 0.5705729166666667 0.6541666666666667 0.5703125 0.6537037037037037 0.5703125 0.6481481481481481 0.5700520833333333 0.6476851851851851 0.5700520833333333 0.6430555555555556 0.5697916666666667 0.6425925925925926 0.5697916666666667 0.6412037037037037 0.5700520833333333 0.6407407407407407 0.5700520833333333 0.6370370370370371 0.5703125 0.6361111111111111 0.5716145833333334 0.6337962962962963 0.57265625 0.6328703703703704 0.5744791666666667 0.6291666666666667 0.575 0.6273148148148148 0.575 0.625 0.5752604166666667 0.624537037037037 0.5752604166666667 0.6203703703703703 0.5736979166666667 0.6148148148148148 0.5736979166666667 0.6083333333333333 0.5734375 0.6078703703703704 0.5734375 0.6055555555555555 0.5731770833333333 0.6050925925925926 0.5731770833333333 0.6037037037037037 0.5729166666666666 0.6032407407407407 0.5729166666666666 0.6023148148148149 0.5723958333333333 0.600462962962963 0.571875 0.5995370370370371 0.5697916666666667 0.5976851851851852 0.5692708333333333 0.5976851851851852 0.5690104166666666 0.5972222222222222 0.5682291666666667 0.5972222222222222 0.56796875 0.5967592592592592 0.5661458333333333 0.5967592592592592 0.5658854166666667 0.5962962962962963
1 0.6255208333333333 0.7453703703703703 0.6231770833333333 0.737037037037037 0.6223958333333334 0.7356481481481482 0.6216145833333333 0.7351851851851852 0.62109375 0.7342592592592593 0.61953125 0.7328703703703704 0.6190104166666667 0.7328703703703704 0.61875 0.7324074074074074 0.61796875 0.7324074074074074 0.6177083333333333 0.7328703703703704 0.6145833333333334 0.7328703703703704 0.6143229166666667 0.7333333333333333 0.6122395833333333 0.7333333333333333 0.6119791666666666 0.7337962962962963 0.6078125 0.7337962962962963 0.6067708333333334 0.7347222222222223 0.6046875 0.7384259259259259 0.6044270833333333 0.7402777777777778 0.6041666666666666 0.7407407407407407 0.6041666666666666 0.7421296296296296 0.6033854166666667 0.7449074074074075 0.6020833333333333 0.7467592592592592 0.6015625 0.7467592592592592 0.6013020833333333 0.7472222222222222 0.6005208333333333 0.7472222222222222 0.6002604166666666 0.7476851851851852 0.5994791666666667 0.7476851851851852 0.59921875 0.7481481481481481 0.5986979166666667 0.7481481481481481 0.5984375 0.7486111111111111 0.5979166666666667 0.7486111111111111 0.59765625 0.7490740740740741 0.5971354166666667 0.7490740740740741 0.59609375 0.75 0.5953125 0.75 0.5950520833333334 0.750462962962963 0.59375 0.750462962962963 0.5934895833333333 0.7509259259259259 0.5919270833333333 0.7509259259259259 0.5916666666666667 0.7513888888888889 0.5908854166666667 0.7513888888888889 0.590625 0.7518518518518519 0.5895833333333333 0.7518518518518519 0.5893229166666667 0.7523148148148148 0.5885416666666666 0.7523148148148148 0.58828125 0.7527777777777778 0.5875 0.7527777777777778 0.5872395833333334 0.7532407407407408 0.5864583333333333 0.7532407407407408 0.5861979166666667 0.7537037037037037 0.58515625 0.7537037037037037 0.5848958333333333 0.7541666666666667 0.5841145833333333 0.7541666666666667 0.5815104166666667 0.7564814814814815 0.5807291666666666 0.7578703703703704 0.5802083333333333 0.7597222222222222 0.5802083333333333 0.7671296296296296 0.58046875 0.7675925925925926 0.58046875 0.7689814814814815 0.58125 0.7717592592592593 0.5825520833333333 0.774537037037037 0.584375 0.7754629629629629 0.5846354166666666 0.775 0.5856770833333333 0.775 0.5859375 0.774537037037037 0.5877604166666667 0.774074074074074 0.5880208333333333 0.7736111111111111 0.5885416666666666 0.7736111111111111 0.5888020833333333 0.7731481481481481 0.5893229166666667 0.7731481481481481 0.5903645833333333 0.7722222222222223 0.5921875 0.7717592592592593 0.5932291666666667 0.7708333333333334 0.5942708333333333 0.7708333333333334 0.59453125 0.7703703703703704 0.5963541666666666 0.7699074074074074 0.5973958333333333 0.7689814814814815 0.5981770833333333 0.7689814814814815 0.59921875 0.7680555555555556 0.6 0.7680555555555556 0.6002604166666666 0.7675925925925926 0.60078125 0.7675925925925926 0.60234375 0.7662037037037037 0.603125 0.7662037037037037 0.6033854166666667 0.7657407407407407 0.6052083333333333 0.7657407407407407 0.60546875 0.7652777777777777 0.6067708333333334 0.7652777777777777 0.6080729166666666 0.7675925925925926 0.6080729166666666 0.7680555555555556 0.6091145833333333 0.7699074074074074 0.6091145833333333 0.7703703703703704 0.609375 0.7703703703703704 0.6104166666666667 0.7722222222222223 0.6109375 0.7726851851851851 0.61328125 0.7726851851851851 0.6135416666666667 0.7722222222222223 0.6145833333333334 0.7722222222222223 0.6171875 0.7680555555555556 0.61875 0.7666666666666667 0.62265625 0.7666666666666667 0.6229166666666667 0.7662037037037037 0.6236979166666666 0.7662037037037037 0.6255208333333333 0.763425925925926 0.6263020833333334 0.7606481481481482 0.6263020833333334 0.7523148148148148 0.6260416666666667 0.7518518518518519 0.6260416666666667 0.750462962962963 0.62578125 0.75 0.62578125 0.7472222222222222 0.6255208333333333 0.7467592592592592
1 0.6020833333333333 0.8296296296296296 0.6020833333333333 0.8333333333333334 0.6018229166666667 0.8337962962962963 0.6018229166666667 0.8384259259259259 0.6015625 0.8388888888888889 0.6015625 0.8449074074074074 0.6018229166666667 0.8453703703703703 0.6018229166666667 0.850462962962963 0.6020833333333333 0.850925925925926 0.6020833333333333 0.8532407407407407 0.60234375 0.8537037037037037 0.60234375 0.8550925925925926 0.6026041666666667 0.8555555555555555 0.6028645833333334 0.8574074074074074 0.60390625 0.8587962962962963 0.6049479166666667 0.8587962962962963 0.6052083333333333 0.8592592592592593 0.6080729166666666 0.8592592592592593 0.6083333333333333 0.8587962962962963 0.6091145833333333 0.8587962962962963 0.609375 0.8583333333333333 0.61015625 0.8583333333333333 0.6104166666666667 0.8578703703703704 0.6114583333333333 0.8578703703703704 0.6130208333333333 0.8592592592592593 0.6151041666666667 0.862037037037037 0.6158854166666666 0.862037037037037 0.6161458333333333 0.8625 0.6184895833333334 0.8625 0.6197916666666666 0.8606481481481482 0.6203125 0.8587962962962963 0.6208333333333333 0.8550925925925926 0.6213541666666667 0.8532407407407407 0.6223958333333334 0.8513888888888889 0.6231770833333333 0.8513888888888889 0.6234375 0.850925925925926 0.6236979166666666 0.8513888888888889 0.6247395833333333 0.8513888888888889 0.625 0.8518518518518519 0.6263020833333334 0.8518518518518519 0.6265625 0.8523148148148149 0.6291666666666667 0.8523148148148149 0.6294270833333333 0.8527777777777777 0.6330729166666667 0.8527777777777777 0.6333333333333333 0.8523148148148149 0.63984375 0.8523148148148149 0.6401041666666667 0.8527777777777777 0.64375 0.8527777777777777 0.6440104166666667 0.8523148148148149 0.6455729166666667 0.8518518518518519 0.6463541666666667 0.850925925925926 0.6463541666666667 0.850462962962963 0.646875 0.8495370370370371 0.6471354166666666 0.8467592592592592 0.64765625 0.8449074074074074 0.64765625 0.8388888888888889 0.6473958333333333 0.8384259259259259 0.6471354166666666 0.8356481481481481 0.6458333333333334 0.8337962962962963 0.64453125 0.8333333333333334 0.6434895833333333 0.8324074074074074 0.64296875 0.8314814814814815 0.6416666666666667 0.8314814814814815 0.6408854166666667 0.8324074074074074 0.6393229166666666 0.8328703703703704 0.6390625 0.8333333333333334 0.6377604166666667 0.8333333333333334 0.6375 0.8337962962962963 0.63515625 0.8337962962962963 0.6348958333333333 0.8342592592592593 0.6317708333333333 0.8342592592592593 0.6315104166666666 0.8337962962962963 0.6255208333333333 0.8337962962962963 0.6252604166666667 0.8342592592592593 0.6231770833333333 0.8347222222222223 0.6229166666666667 0.8342592592592593 0.6223958333333334 0.8342592592592593 0.6213541666666667 0.8324074074074074 0.6213541666666667 0.8319444444444445 0.6190104166666667 0.8268518518518518 0.61796875 0.8236111111111111 0.6161458333333333 0.8217592592592593 0.61328125 0.8217592592592593 0.6130208333333333 0.8222222222222222 0.6125 0.8222222222222222 0.6122395833333333 0.8226851851851852 0.6111979166666667 0.8226851851851852 0.6109375 0.8231481481481482 0.6104166666666667 0.8231481481481482 0.61015625 0.8226851851851852 0.60859375 0.8226851851851852 0.6083333333333333 0.8222222222222222 0.6067708333333334 0.8222222222222222 0.6065104166666667 0.8226851851851852 0.6057291666666667 0.8226851851851852 0.60546875 0.8231481481481482 0.6041666666666666 0.8236111111111111 0.6028645833333334 0.825925925925926 0.6026041666666667 0.8277777777777777 0.60234375 0.8282407407407407 0.60234375 0.8291666666666667
1 0.6510416666666666 0.8962962962962963 0.6497395833333334 0.8986111111111111 0.6494791666666667 0.899537037037037 0.6494791666666667 0.9009259259259259 0.64921875 0.9013888888888889 0.64921875 0.9060185185185186 0.6494791666666667 0.9064814814814814 0.6497395833333334 0.9087962962962963 0.65078125 0.9120370370370371 0.65078125 0.912962962962963 0.6528645833333333 0.9180555555555555 0.6546875 0.924537037037037 0.6546875 0.9254629629629629 0.65546875 0.9282407407407407 0.6559895833333333 0.9291666666666667 0.6583333333333333 0.9375 0.6583333333333333 0.9384259259259259 0.6591145833333333 0.9407407407407408 0.6591145833333333 0.9416666666666667 0.6598958333333333 0.9444444444444444 0.6609375 0.9467592592592593 0.6609375 0.9490740740740741 0.6598958333333333 0.9523148148148148 0.6591145833333333 0.9537037037037037 0.6591145833333333 0.9555555555555556 0.6606770833333333 0.9611111111111111 0.6619791666666667 0.9638888888888889 0.66328125 0.9685185185185186 0.66328125 0.9694444444444444 0.6640625 0.9712962962962963 0.66484375 0.9740740740740741 0.6658854166666667 0.975925925925926 0.6661458333333333 0.975925925925926 0.6671875 0.9773148148148149 0.6677083333333333 0.9773148148148149 0.6692708333333334 0.9787037037037037 0.6705729166666666 0.9787037037037037 0.6708333333333333 0.9782407407407407 0.6716145833333333 0.9782407407407407 0.671875 0.9777777777777777 0.6723958333333333 0.9777777777777777 0.67265625 0.9773148148148149 0.6747395833333333 0.9763888888888889 0.6755208333333333 0.975462962962963 0.6776041666666667 0.9745370370370371 0.6786458333333333 0.9731481481481481 0.6802083333333333 0.9717592592592592 0.6809895833333334 0.9703703703703703 0.68125 0.9703703703703703 0.6822916666666666 0.9680555555555556 0.6822916666666666 0.9671296296296297 0.6825520833333333 0.9666666666666667 0.6825520833333333 0.9634259259259259 0.6828125 0.9625 0.6825520833333333 0.962037037037037 0.6825520833333333 0.9601851851851851 0.68203125 0.9587962962962963 0.68203125 0.9578703703703704 0.6815104166666667 0.9569444444444445 0.68046875 0.9532407407407407 0.678125 0.9481481481481482 0.6776041666666667 0.9462962962962963 0.6776041666666667 0.9449074074074074 0.67734375 0.9444444444444444 0.6770833333333334 0.9412037037037037 0.6760416666666667 0.9393518518518519 0.6731770833333334 0.937037037037037 0.6723958333333333 0.9356481481481481 0.6721354166666667 0.9356481481481481 0.6690104166666667 0.9296296296296296 0.6682291666666667 0.9268518518518518 0.6669270833333333 0.924074074074074 0.6669270833333333 0.9236111111111112 0.6658854166666667 0.9212962962962963 0.665625 0.9199074074074074 0.6645833333333333 0.9175925925925926 0.6640625 0.9152777777777777 0.6635416666666667 0.9143518518518519 0.6625 0.9101851851851852 0.6619791666666667 0.9092592592592592 0.6604166666666667 0.9037037037037037 0.6575520833333334 0.8967592592592593 0.6544270833333333 0.8939814814814815 0.6536458333333334 0.8939814814814815
1 0.8252604166666667 0.7930555555555555 0.82265625 0.7953703703703704 0.82109375 0.7981481481481482 0.82109375 0.7986111111111112 0.8197916666666667 0.8018518518518518 0.8197916666666667 0.8037037037037037 0.81953125 0.8041666666666667 0.81953125 0.8078703703703703 0.8192708333333333 0.8083333333333333 0.8192708333333333 0.8097222222222222 0.81953125 0.8101851851851852 0.81953125 0.8157407407407408 0.8197916666666667 0.8162037037037037 0.8197916666666667 0.8226851851851852 0.8200520833333333 0.8231481481481482 0.8200520833333333 0.825 0.8203125 0.825462962962963 0.8205729166666667 0.8277777777777777 0.8213541666666667 0.8305555555555556 0.82265625 0.8328703703703704 0.8229166666666666 0.8328703703703704 0.8234375 0.8337962962962963 0.8236979166666667 0.8337962962962963 0.82421875 0.8347222222222223 0.8252604166666667 0.8356481481481481 0.8260416666666667 0.837037037037037 0.8270833333333333 0.8379629629629629 0.82890625 0.8412037037037037 0.82890625 0.8416666666666667 0.8294270833333334 0.8425925925925926 0.8294270833333334 0.8435185185185186 0.8299479166666667 0.8453703703703703 0.8299479166666667 0.8476851851851852 0.8302083333333333 0.8481481481481481 0.83046875 0.8560185185185185 0.8309895833333333 0.8569444444444444 0.8315104166666667 0.8587962962962963 0.8315104166666667 0.8597222222222223 0.8317708333333333 0.8601851851851852 0.8317708333333333 0.8634259259259259 0.8333333333333334 0.8689814814814815 0.8333333333333334 0.8699074074074075 0.8346354166666666 0.8722222222222222 0.8359375 0.8722222222222222 0.8361979166666667 0.8726851851851852 0.8401041666666667 0.8726851851851852 0.8403645833333333 0.8722222222222222 0.84140625 0.8722222222222222 0.8421875 0.8708333333333333 0.8421875 0.8671296296296296 0.8424479166666666 0.8666666666666667 0.8424479166666666 0.8643518518518518 0.8421875 0.8638888888888889 0.8421875 0.8578703703703704 0.8419270833333333 0.8574074074074074 0.8419270833333333 0.8546296296296296 0.8416666666666667 0.8541666666666666 0.8416666666666667 0.850462962962963 0.84140625 0.85 0.84140625 0.8453703703703703 0.8411458333333334 0.8449074074074074 0.8411458333333334 0.8425925925925926 0.84140625 0.8421296296296297 0.84140625 0.8393518518518519 0.8416666666666667 0.8388888888888889 0.8416666666666667 0.8375 0.8434895833333333 0.8314814814814815 0.8434895833333333 0.8305555555555556 0.8440104166666667 0.8287037037037037 0.8440104166666667 0.8273148148148148 0.8442708333333333 0.8268518518518518 0.8442708333333333 0.825462962962963 0.84453125 0.825 0.84453125 0.8185185185185185 0.8442708333333333 0.8180555555555555 0.8442708333333333 0.8157407407407408 0.8440104166666667 0.8152777777777778 0.8440104166666667 0.8143518518518519 0.8434895833333333 0.8134259259259259 0.84296875 0.8111111111111111 0.8424479166666666 0.8101851851851852 0.8416666666666667 0.8074074074074075 0.8416666666666667 0.8064814814814815 0.8411458333333334 0.8046296296296296 0.8411458333333334 0.8032407407407407 0.8408854166666667 0.8027777777777778 0.840625 0.8004629629629629 0.8401041666666667 0.799537037037037 0.83984375 0.7981481481481482 0.83828125 0.7953703703703704 0.8372395833333334 0.7944444444444444 0.83671875 0.7944444444444444 0.8364583333333333 0.7939814814814815 0.8356770833333333 0.7939814814814815 0.8354166666666667 0.7935185185185185 0.8346354166666666 0.7935185185185185 0.834375 0.7930555555555555 0.8322916666666667 0.7930555555555555 0.83203125 0.7925925925925926 0.8296875 0.7925925925925926 0.8294270833333334 0.7921296296296296 0.8291666666666667 0.7925925925925926 0.8260416666666667 0.7925925925925926 0.82578125 0.7930555555555555
2 0.759375 0.3680555555555556 0.7552083333333334 0.3768518518518518 0.7544270833333333 0.3800925925925926 0.7536458333333333 0.38657407407407407 0.7546875 0.3912037037037037 0.7565104166666666 0.39444444444444443 0.7588541666666667 0.39675925925925926 0.7609375 0.39675925925925926 0.7669270833333334 0.39305555555555555 0.7692708333333333 0.39444444444444443 0.77421875 0.40555555555555556 0.79375 0.4425925925925926 0.79609375 0.44814814814814813 0.8130208333333333 0.4773148148148148 0.8145833333333333 0.48194444444444445 0.82890625 0.5074074074074074 0.8302083333333333 0.5115740740740741 0.8401041666666667 0.5300925925925926 0.84375 0.5356481481481481 0.8450520833333334 0.5393518518518519 0.8486979166666667 0.5430555555555555 0.8518229166666667 0.5444444444444444 0.8536458333333333 0.5462962962962963 0.85546875 0.5453703703703704 0.8572916666666667 0.5412037037037037 0.8583333333333333 0.5314814814814814 0.85625 0.5277777777777778 0.8552083333333333 0.524074074074074 0.8372395833333334 0.49027777777777776 0.834375 0.48333333333333334 0.82734375 0.4708333333333333 0.8255208333333334 0.46574074074074073 0.8205729166666667 0.45740740740740743 0.8192708333333333 0.4537037037037037 0.8138020833333334 0.4439814814814815 0.81015625 0.43472222222222223 0.8065104166666667 0.42824074074074076 0.8036458333333333 0.4212962962962963 0.7963541666666667 0.40879629629629627 0.7950520833333333 0.4046296296296296 0.78984375 0.39490740740740743 0.78359375 0.38101851851851853 0.7815104166666667 0.37824074074074077 0.7809895833333333 0.3712962962962963 0.7830729166666667 0.362962962962963 0.7833333333333333 0.35833333333333334 0.7828125 0.35694444444444445 0.77890625 0.35138888888888886 0.7752604166666667 0.35138888888888886 0.7736979166666667 0.35324074074074074 0.7682291666666666 0.35648148148148145
2 0.964234375 0.6790879629629629 0.9669479166666667 0.6686388888888889 0.9633307291666667 0.6581944444444444 0.8810572916666667 0.536037037037037 0.8806041666666666 0.5151435185185186 0.8765364583333334 0.5095185185185185 0.8611666666666667 0.513537037037037 0.8561927083333334 0.5312175925925926 0.8530286458333334 0.549699074074074 0.8566458333333333 0.5609490740740741 0.8697552083333334 0.5545231481481482 0.9588098958333333 0.684712962962963
2 0.7005208333333334 0.24953703703703703 0.68984375 0.2523148148148148 0.6817708333333333 0.25601851851851853 0.6770833333333334 0.2601851851851852 0.6760416666666667 0.262037037037037 0.6755208333333333 0.2689814814814815 0.6768229166666667 0.274537037037037 0.68359375 0.27546296296296297 0.68515625 0.27870370370370373 0.68984375 0.34675925925925927 0.6919270833333333 0.3680555555555556 0.6947916666666667 0.41203703703703703 0.6966145833333334 0.42962962962962964 0.69921875 0.4671296296296296 0.7002604166666667 0.47453703703703703 0.7020833333333333 0.4810185185185185 0.70390625 0.48333333333333334 0.7065104166666667 0.4837962962962963 0.7091145833333333 0.48333333333333334 0.7135416666666666 0.47962962962962963 0.71484375 0.475462962962963 0.71484375 0.4675925925925926 0.7005208333333334 0.27546296296296297 0.70078125 0.2726851851851852 0.7026041666666667 0.2689814814814815 0.7065104166666667 0.26666666666666666 0.7080729166666667 0.26481481481481484 0.70859375 0.2574074074074074 0.7080729166666667 0.2537037037037037 0.7065104166666667 0.25092592592592594 0.70546875 0.25
2 0.48203125 0.25601851851851853 0.47265625 0.274537037037037 0.46979166666666666 0.2814814814814815 0.46875 0.28564814814814815 0.4671875 0.2884259259259259 0.4671875 0.29398148148148145 0.46770833333333334 0.29583333333333334 0.4700520833333333 0.3 0.4713541666666667 0.30092592592592593 0.47369791666666666 0.29953703703703705 0.4744791666666667 0.2972222222222222 0.4778645833333333 0.29212962962962963 0.48046875 0.29444444444444445 0.4869791666666667 0.30416666666666664 0.4942708333333333 0.31666666666666665 0.50546875 0.3333333333333333 0.5296875 0.3726851851851852 0.5338541666666666 0.37777777777777777 0.54765625 0.4 0.5505208333333333 0.40370370370370373 0.5596354166666667 0.41898148148148145 0.5645833333333333 0.425 0.5677083333333334 0.42592592592592593 0.56875 0.425 0.571875 0.41898148148148145 0.5729166666666666 0.4152777777777778 0.5731770833333333 0.41203703703703703 0.5716145833333334 0.4060185185185185 0.56484375 0.3921296296296296 0.5604166666666667 0.3875 0.5450520833333333 0.36435185185185187 0.5309895833333333 0.3449074074074074 0.509375 0.3101851851851852 0.49947916666666664 0.29259259259259257 0.49296875 0.2833333333333333 0.4895833333333333 0.27685185185185185 0.4875 0.275 0.48723958333333334 0.2726851851851852 0.48854166666666665 0.26805555555555555 0.49166666666666664 0.26157407407407407 0.49166666666666664 0.25925925925925924 0.48984375 0.25601851851851853 0.48671875 0.2523148148148148 0.4856770833333333 0.2523148148148148
2 0.14166666666666666 0.06574074074074074 0.14088541666666668 0.06898148148148148 0.13802083333333334 0.07407407407407407 0.13619791666666667 0.08055555555555556 0.1359375 0.08611111111111111 0.13802083333333334 0.09259259259259259 0.14088541666666668 0.09675925925925925 0.14192708333333334 0.1 0.14322916666666666 0.10046296296296296 0.14661458333333333 0.09675925925925925 0.14973958333333334 0.09768518518518518 0.16927083333333334 0.12824074074074074 0.17473958333333334 0.13564814814814816 0.18828125 0.1587962962962963 0.19270833333333334 0.16342592592592592 0.1984375 0.1712962962962963 0.20104166666666667 0.17592592592592593 0.20338541666666668 0.18194444444444444 0.209375 0.18981481481481483 0.21484375 0.19953703703703704 0.22005208333333334 0.2064814814814815 0.23151041666666666 0.22546296296296298 0.23411458333333332 0.22685185185185186 0.23645833333333333 0.22685185185185186 0.23932291666666666 0.22453703703703703 0.24192708333333332 0.2199074074074074 0.24244791666666668 0.21805555555555556 0.2421875 0.21064814814814814 0.240625 0.20555555555555555 0.2390625 0.20277777777777778 0.2265625 0.18611111111111112 0.22005208333333334 0.1736111111111111 0.21328125 0.16296296296296298 0.20677083333333332 0.15416666666666667 0.20182291666666666 0.14583333333333334 0.19375 0.13425925925925927 0.19036458333333334 0.1310185185185185 0.18671875 0.125 0.18489583333333334 0.12314814814814815 0.1828125 0.11898148148148148 0.18098958333333334 0.11712962962962963 0.17838541666666666 0.11157407407407408 0.17317708333333334 0.10462962962962963 0.1625 0.08657407407407407 0.16145833333333334 0.0824074074074074 0.15703125 0.07314814814814814 0.15494791666666666 0.06666666666666667 0.15546875 0.059722222222222225 0.1546875 0.05787037037037037 0.14921875 0.05787037037037037 0.14661458333333333 0.059722222222222225 0.1453125 0.062037037037037036 0.14270833333333333 0.06388888888888888
3 0.18125 0.031018518518518518 0.17708333333333334 0.03425925925925926 0.171875 0.0412037037037037 0.16901041666666666 0.04259259259259259 0.165625 0.04537037037037037 0.1640625 0.04814814814814815 0.1625 0.05 0.1609375 0.05277777777777778 0.159375 0.05787037037037037 0.15885416666666666 0.0625 0.15807291666666667 0.06481481481481481 0.15807291666666667 0.06666666666666667 0.16145833333333334 0.07592592592592592 0.1625 0.07777777777777778 0.16796875 0.07777777777777778 0.16822916666666668 0.07731481481481481 0.16927083333333334 0.07731481481481481 0.1703125 0.07824074074074074 0.17291666666666666 0.08333333333333333 0.17734375 0.09537037037037037 0.17890625 0.09814814814814815 0.18072916666666666 0.1037037037037037 0.18255208333333334 0.10694444444444444 0.18307291666666667 0.10833333333333334 0.18307291666666667 0.10925925925925926 0.18541666666666667 0.11527777777777778 0.18697916666666667 0.12037037037037036 0.19140625 0.12824074074074074 0.19140625 0.1287037037037037 0.19348958333333333 0.13194444444444445 0.1953125 0.13333333333333333 0.19765625 0.1337962962962963 0.20260416666666667 0.13055555555555556 0.20572916666666666 0.12685185185185185 0.20755208333333333 0.12268518518518519 0.20859375 0.11666666666666667 0.209375 0.11388888888888889 0.20885416666666667 0.1087962962962963 0.20833333333333334 0.10648148148148148 0.20598958333333334 0.10138888888888889 0.20520833333333333 0.09861111111111111 0.20364583333333333 0.09490740740740741 0.2015625 0.0912037037037037 0.19947916666666668 0.08518518518518518 0.19791666666666666 0.08194444444444444 0.19765625 0.08055555555555556 0.19583333333333333 0.07685185185185185 0.19114583333333332 0.06342592592592593 0.19114583333333332 0.0625 0.19036458333333334 0.059722222222222225 0.19036458333333334 0.05555555555555555 0.190625 0.055092592592592596 0.19088541666666667 0.050462962962962966 0.19192708333333333 0.04583333333333333 0.19192708333333333 0.04351851851851852 0.190625 0.037037037037037035 0.18854166666666666 0.03333333333333333 0.1859375 0.030555555555555555
3 0.37942708333333336 0.5055555555555555 0.378125 0.5092592592592593 0.37734375 0.5138888888888888 0.37734375 0.5152777777777777 0.3770833333333333 0.5157407407407407 0.3770833333333333 0.5171296296296296 0.3768229166666667 0.5175925925925926 0.3768229166666667 0.5189814814814815 0.3765625 0.5194444444444445 0.3765625 0.5212962962962963 0.3763020833333333 0.5217592592592593 0.3763020833333333 0.5277777777777778 0.3768229166666667 0.5300925925925926 0.37734375 0.5310185185185186 0.37916666666666665 0.5324074074074074 0.3807291666666667 0.5328703703703703 0.38359375 0.5356481481481481 0.38567708333333334 0.5365740740740741 0.3893229166666667 0.5398148148148149 0.3927083333333333 0.5407407407407407 0.39427083333333335 0.5421296296296296 0.3963541666666667 0.5430555555555555 0.3971354166666667 0.5439814814814815 0.39869791666666665 0.5444444444444444 0.4005208333333333 0.5458333333333333 0.40130208333333334 0.5458333333333333 0.4036458333333333 0.5476851851851852 0.40546875 0.5481481481481482 0.40651041666666665 0.549074074074074 0.40729166666666666 0.5504629629629629 0.4078125 0.5560185185185185 0.4080729166666667 0.5564814814814815 0.4080729166666667 0.5583333333333333 0.40859375 0.5601851851851852 0.41171875 0.5657407407407408 0.41510416666666666 0.5694444444444444 0.4166666666666667 0.5699074074074074 0.41692708333333334 0.5703703703703704 0.41822916666666665 0.5703703703703704 0.41848958333333336 0.5708333333333333 0.42135416666666664 0.5708333333333333 0.42161458333333335 0.5703703703703704 0.42265625 0.5703703703703704 0.42421875 0.5689814814814815 0.42630208333333336 0.5652777777777778 0.42864583333333334 0.5574074074074075 0.42916666666666664 0.5564814814814815 0.43020833333333336 0.5509259259259259 0.4317708333333333 0.5472222222222223 0.43333333333333335 0.5416666666666666 0.4348958333333333 0.5324074074074074 0.43515625 0.5222222222222223 0.4348958333333333 0.5217592592592593 0.43463541666666666 0.5175925925925926 0.43359375 0.5138888888888888 0.43255208333333334 0.5115740740740741 0.43046875 0.5083333333333333 0.428125 0.5060185185185185 0.4276041666666667 0.5060185185185185 0.42526041666666664 0.5041666666666667 0.4244791666666667 0.5041666666666667 0.42421875 0.5037037037037037 0.4200520833333333 0.5037037037037037 0.41822916666666665 0.5050925925925925 0.41510416666666666 0.5101851851851852 0.41380208333333335 0.5111111111111111 0.4127604166666667 0.5125 0.41119791666666666 0.5125 0.40572916666666664 0.5069444444444444 0.40338541666666666 0.5055555555555555 0.40260416666666665 0.5055555555555555 0.4 0.5037037037037037 0.39921875 0.5037037037037037 0.39739583333333334 0.5023148148148148 0.39557291666666666 0.5018518518518519 0.39453125 0.5009259259259259 0.39375 0.5009259259259259 0.39140625 0.49953703703703706 0.3888020833333333 0.49907407407407406 0.3885416666666667 0.4986111111111111 0.384375 0.4986111111111111 0.3828125 0.49953703703703706 0.38203125 0.500462962962963
3 0.46041666666666664 0.39166666666666666 0.4588541666666667 0.3902777777777778 0.4557291666666667 0.39166666666666666 0.45338541666666665 0.3939814814814815 0.44973958333333336 0.3958333333333333 0.44427083333333334 0.4009259259259259 0.44244791666666666 0.4013888888888889 0.4421875 0.40185185185185185 0.44088541666666664 0.40185185185185185 0.4354166666666667 0.4050925925925926 0.43333333333333335 0.40555555555555556 0.4317708333333333 0.4064814814814815 0.4283854166666667 0.4097222222222222 0.42682291666666666 0.41064814814814815 0.42552083333333335 0.41064814814814815 0.42421875 0.4115740740740741 0.4239583333333333 0.4111111111111111 0.4231770833333333 0.4111111111111111 0.42265625 0.4101851851851852 0.421875 0.4074074074074074 0.42109375 0.4013888888888889 0.4203125 0.4 0.41953125 0.399537037037037 0.41510416666666666 0.399537037037037 0.4125 0.4013888888888889 0.41067708333333336 0.4041666666666667 0.40989583333333335 0.40694444444444444 0.40989583333333335 0.41388888888888886 0.41067708333333336 0.41759259259259257 0.4114583333333333 0.42407407407407405 0.4127604166666667 0.42824074074074076 0.41380208333333335 0.43842592592592594 0.41640625 0.4462962962962963 0.41640625 0.44722222222222224 0.41744791666666664 0.45046296296296295 0.41796875 0.4537037037037037 0.4205729166666667 0.46296296296296297 0.421875 0.4652777777777778 0.4234375 0.4666666666666667 0.42604166666666665 0.4666666666666667 0.42630208333333336 0.46620370370370373 0.4278645833333333 0.46620370370370373 0.4315104166666667 0.4634259259259259 0.4322916666666667 0.462037037037037 0.4328125 0.4601851851851852 0.43307291666666664 0.4564814814814815 0.43333333333333335 0.45601851851851855 0.43333333333333335 0.4532407407407407 0.43255208333333334 0.449537037037037 0.43255208333333334 0.4476851851851852 0.43333333333333335 0.44583333333333336 0.4354166666666667 0.44305555555555554 0.4393229166666667 0.44027777777777777 0.4432291666666667 0.4388888888888889 0.4473958333333333 0.4361111111111111 0.4484375 0.4361111111111111 0.44947916666666665 0.4351851851851852 0.45026041666666666 0.4351851851851852 0.45338541666666665 0.4324074074074074 0.4546875 0.43194444444444446 0.4588541666666667 0.4287037037037037 0.46197916666666666 0.42777777777777776 0.46380208333333334 0.42592592592592593 0.465625 0.42268518518518516 0.46640625 0.4203703703703704 0.46640625 0.4162037037037037 0.4661458333333333 0.41574074074074074 0.46588541666666666 0.4115740740740741 0.46484375 0.4078703703703704 0.46380208333333334 0.4013888888888889 0.4627604166666667 0.39861111111111114 0.4622395833333333 0.3958333333333333
3 0.20807291666666666 0.6087962962962963 0.20286458333333332 0.6157407407407407 0.20182291666666666 0.6194444444444445 0.20182291666666666 0.6222222222222222 0.2046875 0.6319444444444444 0.20546875 0.6333333333333333 0.20598958333333334 0.6351851851851852 0.20833333333333334 0.6407407407407407 0.21119791666666668 0.6458333333333334 0.21119791666666668 0.6462962962962963 0.21484375 0.6532407407407408 0.21588541666666666 0.6560185185185186 0.21953125 0.6625 0.21979166666666666 0.663425925925926 0.22005208333333334 0.6666666666666666 0.22057291666666667 0.6689814814814815 0.2203125 0.6699074074074074 0.21692708333333333 0.6759259259259259 0.21692708333333333 0.6787037037037037 0.21796875 0.6828703703703703 0.22109375 0.6884259259259259 0.22109375 0.6888888888888889 0.22135416666666666 0.6888888888888889 0.22395833333333334 0.6930555555555555 0.22447916666666667 0.6930555555555555 0.22473958333333333 0.6935185185185185 0.22838541666666667 0.6925925925925925 0.23307291666666666 0.6893518518518519 0.23385416666666667 0.687962962962963 0.23463541666666668 0.6875 0.23697916666666666 0.6847222222222222 0.23802083333333332 0.6828703703703703 0.24140625 0.6787037037037037 0.24322916666666666 0.6754629629629629 0.24348958333333334 0.6754629629629629 0.24817708333333333 0.6666666666666666 0.24921875 0.662962962962963 0.24895833333333334 0.6583333333333333 0.24817708333333333 0.6550925925925926 0.24557291666666667 0.6504629629629629 0.24557291666666667 0.65 0.24348958333333334 0.6458333333333334 0.24296875 0.6458333333333334 0.24270833333333333 0.6453703703703704 0.23958333333333334 0.6453703703703704 0.23932291666666666 0.6458333333333334 0.23802083333333332 0.6462962962962963 0.23671875 0.6476851851851851 0.23515625 0.6476851851851851 0.23333333333333334 0.6458333333333334 0.2328125 0.6449074074074074 0.23177083333333334 0.6412037037037037 0.228125 0.6347222222222222 0.228125 0.6342592592592593 0.2265625 0.6314814814814815 0.225 0.6273148148148148 0.22395833333333334 0.625462962962963 0.22005208333333334 0.6143518518518518 0.21692708333333333 0.6078703703703704 0.21484375 0.6064814814814815 0.21119791666666668 0.6064814814814815
4 0.9260416666666667 0.7018518518518518 0.9252604166666667 0.7041666666666667 0.9244791666666666 0.7101851851851851 0.92421875 0.7199074074074074 0.9244791666666666 0.7203703703703703 0.9247395833333333 0.7263888888888889 0.9255208333333333 0.7287037037037037 0.92734375 0.7319444444444444 0.9299479166666667 0.7342592592592593 0.9317708333333333 0.7351851851851852 0.9361979166666666 0.7347222222222223 0.9385416666666667 0.7337962962962963 0.9403645833333333 0.7337962962962963 0.940625 0.7342592592592593 0.9450520833333333 0.7351851851851852 0.94609375 0.7361111111111112 0.9479166666666666 0.7393518518518518 0.9575520833333333 0.750462962962963 0.9666666666666667 0.762962962962963 0.9690104166666667 0.7652777777777777 0.9708333333333333 0.7680555555555556 0.97734375 0.7759259259259259 0.9796875 0.7777777777777778 0.9802083333333333 0.7787037037037037 0.98515625 0.7819444444444444 0.9893229166666667 0.7814814814814814 0.9911458333333333 0.7796296296296297 0.9919270833333333 0.7773148148148148 0.9927083333333333 0.7731481481481481 0.9927083333333333 0.7680555555555556 0.990625 0.7601851851851852 0.9895833333333334 0.7578703703703704 0.9856770833333334 0.7518518518518519 0.9838541666666667 0.750462962962963 0.9763020833333333 0.7421296296296296 0.9739583333333334 0.7384259259259259 0.9705729166666667 0.7347222222222223 0.965625 0.7263888888888889 0.9614583333333333 0.7217592592592592 0.9588541666666667 0.7180555555555556 0.95703125 0.7171296296296297 0.9557291666666666 0.7157407407407408 0.9546875 0.7138888888888889 0.9536458333333333 0.7101851851851851 0.9515625 0.7050925925925926 0.9520833333333333 0.6958333333333333 0.9518229166666666 0.6953703703703704 0.9518229166666666 0.6921296296296297 0.9510416666666667 0.6898148148148148 0.94765625 0.6865740740740741 0.9466145833333334 0.6861111111111111 0.9393229166666667 0.6856481481481481 0.9359375 0.687037037037037 0.934375 0.6884259259259259 0.93046875 0.6935185185185185
4 0.89296875 0.7537037037037037 0.8903645833333333 0.7615740740740741 0.8890625 0.7680555555555556 0.8888020833333333 0.7726851851851851 0.8885416666666667 0.7731481481481481 0.8888020833333333 0.7819444444444444 0.88984375 0.7861111111111111 0.89140625 0.7888888888888889 0.8958333333333334 0.7925925925925926 0.89765625 0.7925925925925926 0.89921875 0.7916666666666666 0.9010416666666666 0.7916666666666666 0.903125 0.7930555555555555 0.90625 0.7930555555555555 0.9075520833333334 0.7921296296296296 0.9080729166666667 0.7925925925925926 0.9098958333333333 0.7958333333333333 0.9140625 0.8009259259259259 0.9153645833333334 0.8032407407407407 0.9177083333333333 0.8055555555555556 0.9200520833333333 0.8092592592592592 0.92265625 0.812037037037037 0.9244791666666666 0.8152777777777778 0.928125 0.8199074074074074 0.93046875 0.8236111111111111 0.9330729166666667 0.8263888888888888 0.9359375 0.8310185185185185 0.9375 0.8324074074074074 0.9411458333333333 0.8375 0.9466145833333334 0.8421296296296297 0.95 0.8416666666666667 0.9513020833333333 0.8407407407407408 0.9533854166666667 0.8375 0.95390625 0.8356481481481481 0.95390625 0.8282407407407407 0.9536458333333333 0.8277777777777777 0.9533854166666667 0.8236111111111111 0.9518229166666666 0.8194444444444444 0.9471354166666667 0.8115740740740741 0.94609375 0.8106481481481481 0.9434895833333333 0.8064814814814815 0.9411458333333333 0.8041666666666667 0.93984375 0.8018518518518518 0.9375 0.799074074074074 0.93515625 0.7949074074074074 0.92890625 0.7870370370370371 0.9268229166666667 0.7851851851851852 0.9221354166666667 0.7782407407407408 0.91796875 0.7731481481481481 0.9166666666666666 0.7680555555555556 0.9166666666666666 0.7657407407407407 0.91640625 0.7652777777777777 0.91640625 0.7541666666666667 0.915625 0.75 0.9145833333333333 0.7472222222222222 0.9122395833333333 0.7444444444444445 0.909375 0.7430555555555556 0.9059895833333333 0.7430555555555556 0.9057291666666667 0.7435185185185185 0.9005208333333333 0.7444444444444445 0.896875 0.7472222222222222
4 0.9255208333333333 0.9777777777777777 0.9255208333333333 0.9703703703703703 0.9252604166666667 0.9699074074074074 0.9247395833333333 0.961574074074074 0.9244791666666666 0.9611111111111111 0.92421875 0.9569444444444445 0.9231770833333334 0.9518518518518518 0.9231770833333334 0.95 0.921875 0.9435185185185185 0.9216145833333333 0.9402777777777778 0.9200520833333333 0.9351851851851852 0.9190104166666667 0.9333333333333333 0.9161458333333333 0.9305555555555556 0.9125 0.9305555555555556 0.9111979166666667 0.9314814814814815 0.9098958333333333 0.9342592592592592 0.9098958333333333 0.9444444444444444 0.9096354166666667 0.9449074074074074 0.9096354166666667 0.9467592592592593 0.90859375 0.9486111111111111 0.9078125 0.9490740740740741 0.9005208333333333 0.95 0.9002604166666667 0.950462962962963 0.8973958333333333 0.950462962962963 0.8971354166666666 0.950925925925926 0.8942708333333333 0.950925925925926 0.8940104166666667 0.9513888888888888 0.8911458333333333 0.9513888888888888 0.8908854166666667 0.9518518518518518 0.8838541666666667 0.9527777777777777 0.8815104166666666 0.9537037037037037 0.8677083333333333 0.9541666666666667 0.8674479166666667 0.9546296296296296 0.8635416666666667 0.9546296296296296 0.86328125 0.9550925925925926 0.8604166666666667 0.9550925925925926 0.86015625 0.9555555555555556 0.8533854166666667 0.9564814814814815 0.8515625 0.9583333333333334 0.8505208333333333 0.9606481481481481 0.85 0.9648148148148148 0.85 0.9699074074074074 0.8510416666666667 0.975462962962963 0.8518229166666667 0.9768518518518519 0.8533854166666667 0.9782407407407407 0.8572916666666667 0.9805555555555555 0.8619791666666666 0.9800925925925926 0.8622395833333333 0.9796296296296296 0.8643229166666667 0.9796296296296296 0.8645833333333334 0.9791666666666666 0.8671875 0.9791666666666666 0.8674479166666667 0.9787037037037037 0.8729166666666667 0.9787037037037037 0.8731770833333333 0.9782407407407407 0.8786458333333333 0.9773148148148149 0.87890625 0.9768518518518519 0.8888020833333333 0.9763888888888889 0.8890625 0.975925925925926 0.8942708333333333 0.975462962962963 0.89453125 0.975 0.8981770833333333 0.975 0.8984375 0.9745370370370371 0.90078125 0.9745370370370371 0.9041666666666667 0.9731481481481481 0.9114583333333334 0.9726851851851852 0.9122395833333333 0.9731481481481481 0.9140625 0.9763888888888889 0.9161458333333333 0.9824074074074074 0.91875 0.9837962962962963 0.9205729166666666 0.9837962962962963 0.9208333333333333 0.9833333333333333 0.9234375 0.9828703703703704 0.9244791666666666 0.9819444444444444
4 0.28567708333333336 0.5416666666666666 0.27890625 0.5416666666666666 0.27708333333333335 0.5430555555555555 0.2747395833333333 0.5439814814814815 0.27317708333333335 0.5453703703703704 0.2713541666666667 0.5458333333333333 0.26901041666666664 0.5476851851851852 0.26848958333333334 0.5476851851851852 0.2669270833333333 0.549537037037037 0.26640625 0.5509259259259259 0.26640625 0.5564814814814815 0.26666666666666666 0.5569444444444445 0.2669270833333333 0.562037037037037 0.26796875 0.5671296296296297 0.26875 0.5680555555555555 0.271875 0.5694444444444444 0.2734375 0.5717592592592593 0.27369791666666665 0.5731481481481482 0.27317708333333335 0.575462962962963 0.27317708333333335 0.5777777777777777 0.27291666666666664 0.5782407407407407 0.27291666666666664 0.5833333333333334 0.27317708333333335 0.5837962962962963 0.27317708333333335 0.5967592592592592 0.2734375 0.5972222222222222 0.2734375 0.6305555555555555 0.27369791666666665 0.6310185185185185 0.27369791666666665 0.6462962962962963 0.27395833333333336 0.6467592592592593 0.27395833333333336 0.649537037037037 0.275 0.6541666666666667 0.2760416666666667 0.6560185185185186 0.27734375 0.6569444444444444 0.27838541666666666 0.6569444444444444 0.2786458333333333 0.6574074074074074 0.28229166666666666 0.6569444444444444 0.2825520833333333 0.6564814814814814 0.284375 0.6560185185185186 0.28541666666666665 0.6550925925925926 0.2864583333333333 0.6532407407407408 0.2872395833333333 0.65 0.2872395833333333 0.6486111111111111 0.2875 0.6481481481481481 0.2875 0.6421296296296296 0.2877604166666667 0.6416666666666667 0.2877604166666667 0.5791666666666667 0.2875 0.5787037037037037 0.2875 0.575462962962963 0.2869791666666667 0.5736111111111111 0.2869791666666667 0.5722222222222222 0.2877604166666667 0.5694444444444444 0.2890625 0.5671296296296297 0.29244791666666664 0.5648148148148148 0.29348958333333336 0.562962962962963 0.2942708333333333 0.5601851851851852 0.2942708333333333 0.5541666666666667 0.29401041666666666 0.5537037037037037 0.29401041666666666 0.5518518518518518 0.2921875 0.5462962962962963 0.2903645833333333 0.5435185185185185 0.28802083333333334 0.5425925925925926 0.2877604166666667 0.5421296296296296 0.2859375 0.5421296296296296
4 0.11927083333333334 0.4013888888888889 0.11848958333333333 0.4041666666666667 0.11848958333333333 0.40879629629629627 0.11901041666666666 0.41203703703703703 0.1203125 0.4152777777777778 0.12630208333333334 0.4236111111111111 0.13333333333333333 0.43148148148148147 0.13932291666666666 0.4398148148148148 0.14427083333333332 0.44537037037037036 0.14817708333333332 0.45092592592592595 0.15260416666666668 0.45555555555555555 0.15416666666666667 0.4583333333333333 0.15494791666666666 0.46064814814814814 0.1546875 0.46944444444444444 0.15651041666666668 0.47314814814814815 0.15911458333333334 0.47638888888888886 0.16145833333333334 0.48009259259259257 0.16354166666666667 0.48148148148148145 0.16666666666666666 0.48148148148148145 0.16796875 0.48009259259259257 0.16979166666666667 0.4791666666666667 0.17161458333333332 0.47685185185185186 0.17734375 0.4666666666666667 0.17916666666666667 0.462037037037037 0.18098958333333334 0.45416666666666666 0.18125 0.44722222222222224 0.18020833333333333 0.44351851851851853 0.17916666666666667 0.4412037037037037 0.17682291666666666 0.4375 0.17447916666666666 0.43472222222222223 0.17369791666666667 0.43425925925925923 0.17005208333333333 0.43425925925925923 0.16822916666666668 0.4356481481481482 0.16614583333333333 0.43842592592592594 0.16432291666666668 0.4388888888888889 0.1640625 0.4393518518518518 0.16276041666666666 0.4393518518518518 0.1625 0.4398148148148148 0.16171875 0.4393518518518518 0.15755208333333334 0.43287037037037035 0.15364583333333334 0.4287037037037037 0.15078125 0.42407407407407405 0.14505208333333333 0.41712962962962963 0.14270833333333333 0.4134259259259259 0.13932291666666666 0.40925925925925927 0.13802083333333334 0.40694444444444444 0.13255208333333332 0.4013888888888889 0.12994791666666666 0.39814814814814814 0.1265625 0.3962962962962963 0.12369791666666667 0.3962962962962963 0.12213541666666666 0.3972222222222222 0.12057291666666667 0.3990740740740741
4 0.17838541666666666 0.1638888888888889 0.1765625 0.1625 0.17473958333333334 0.1625 0.17421875 0.16203703703703703 0.17057291666666666 0.16435185185185186 0.16380208333333332 0.17546296296296296 0.15703125 0.18472222222222223 0.15208333333333332 0.19305555555555556 0.14895833333333333 0.19675925925925927 0.14088541666666668 0.20972222222222223 0.13984375 0.21064814814814814 0.13567708333333334 0.21712962962962962 0.13411458333333334 0.21851851851851853 0.13255208333333332 0.21851851851851853 0.13229166666666667 0.21898148148148147 0.12916666666666668 0.21898148148148147 0.12890625 0.21851851851851853 0.12760416666666666 0.21851851851851853 0.12708333333333333 0.21805555555555556 0.12682291666666667 0.21851851851851853 0.12369791666666667 0.21944444444444444 0.12161458333333333 0.2212962962962963 0.12057291666666667 0.22407407407407406 0.12057291666666667 0.22685185185185186 0.12213541666666666 0.2337962962962963 0.1234375 0.2361111111111111 0.12526041666666668 0.24074074074074073 0.13177083333333334 0.2523148148148148 0.13359375 0.2550925925925926 0.13802083333333334 0.25972222222222224 0.1390625 0.25972222222222224 0.14401041666666667 0.25555555555555554 0.14557291666666666 0.2523148148148148 0.14557291666666666 0.2490740740740741 0.14583333333333334 0.24861111111111112 0.14557291666666666 0.23564814814814813 0.14583333333333334 0.2351851851851852 0.14583333333333334 0.23287037037037037 0.1484375 0.22870370370370371 0.15078125 0.2263888888888889 0.153125 0.2222222222222222 0.1546875 0.22037037037037038 0.15598958333333332 0.21805555555555556 0.15911458333333334 0.21435185185185185 0.1640625 0.2064814814814815 0.16536458333333334 0.2050925925925926 0.16848958333333333 0.2 0.16953125 0.19907407407407407 0.17942708333333332 0.18101851851851852 0.18046875 0.17824074074074073 0.18072916666666666 0.17453703703703705 0.18046875 0.17407407407407408 0.18046875 0.17083333333333334 0.17994791666666668 0.1675925925925926
4 0.10755208333333334 0.2101851851851852 0.10598958333333333 0.21296296296296297 0.10494791666666667 0.2175925925925926 0.10494791666666667 0.21944444444444444 0.10625 0.225 0.10963541666666667 0.23194444444444445 0.11223958333333334 0.23935185185185184 0.11692708333333333 0.2490740740740741 0.11848958333333333 0.2537037037037037 0.1203125 0.2569444444444444 0.12083333333333333 0.2587962962962963 0.12317708333333334 0.2638888888888889 0.12604166666666666 0.2689814814814815 0.12864583333333332 0.27546296296296297 0.13255208333333332 0.2828703703703704 0.13307291666666668 0.2847222222222222 0.13333333333333333 0.287962962962963 0.13072916666666667 0.2949074074074074 0.13072916666666667 0.2986111111111111 0.13098958333333333 0.29907407407407405 0.13098958333333333 0.30092592592592593 0.13385416666666666 0.30787037037037035 0.13463541666666667 0.3106481481481482 0.13567708333333334 0.3125 0.13776041666666666 0.3138888888888889 0.13958333333333334 0.3138888888888889 0.14114583333333333 0.31296296296296294 0.14244791666666667 0.31296296296296294 0.15052083333333333 0.30833333333333335 0.15598958333333332 0.30277777777777776 0.15703125 0.30092592592592593 0.159375 0.2935185185185185 0.159375 0.29212962962962963 0.15989583333333332 0.2902777777777778 0.15989583333333332 0.28703703703703703 0.1578125 0.2814814814814815 0.15494791666666666 0.2759259259259259 0.15234375 0.27314814814814814 0.15052083333333333 0.2722222222222222 0.14895833333333333 0.2722222222222222 0.14869791666666668 0.2726851851851852 0.14427083333333332 0.2726851851851852 0.14348958333333334 0.2722222222222222 0.14244791666666667 0.27037037037037037 0.14140625 0.2652777777777778 0.14010416666666667 0.2625 0.13802083333333334 0.26064814814814813 0.13333333333333333 0.25462962962962965 0.12916666666666668 0.24814814814814815 0.12526041666666668 0.24074074074074073 0.12265625 0.23425925925925925 0.11848958333333333 0.2175925925925926 0.11666666666666667 0.2125 0.11510416666666666 0.20925925925925926 0.11432291666666666 0.20833333333333334 0.1125 0.2074074074074074 0.11067708333333333 0.2074074074074074
5 0.19635416666666666 0.008796296296296297 0.19609375 0.012037037037037037 0.19583333333333333 0.0125 0.19583333333333333 0.014351851851851852 0.1953125 0.016666666666666666 0.1953125 0.018518518518518517 0.19505208333333332 0.01898148148148148 0.19505208333333332 0.020833333333333332 0.19479166666666667 0.021296296296296296 0.19479166666666667 0.02361111111111111 0.19453125 0.024074074074074074 0.19453125 0.040740740740740744 0.19479166666666667 0.0412037037037037 0.19479166666666667 0.04722222222222222 0.19505208333333332 0.047685185185185185 0.19505208333333332 0.05138888888888889 0.19609375 0.05555555555555555 0.19739583333333333 0.05787037037037037 0.20078125 0.06018518518518518 0.20416666666666666 0.06018518518518518 0.20442708333333334 0.060648148148148145 0.2046875 0.06018518518518518 0.20703125 0.059722222222222225 0.20859375 0.058333333333333334 0.20989583333333334 0.05462962962962963 0.21328125 0.04861111111111111 0.21484375 0.047685185185185185 0.21796875 0.047685185185185185 0.21822916666666667 0.04814814814814815 0.21953125 0.04814814814814815 0.21979166666666666 0.04861111111111111 0.22135416666666666 0.04861111111111111 0.22161458333333334 0.049074074074074076 0.22604166666666667 0.05 0.22630208333333332 0.050462962962962966 0.22890625 0.05092592592592592 0.22916666666666666 0.05138888888888889 0.22994791666666667 0.05138888888888889 0.23229166666666667 0.05277777777777778 0.23333333333333334 0.05277777777777778 0.23359375 0.05324074074074074 0.234375 0.05324074074074074 0.23671875 0.05462962962962963 0.23776041666666667 0.05462962962962963 0.2390625 0.05555555555555555 0.24140625 0.05555555555555555 0.24166666666666667 0.056018518518518516 0.2484375 0.05555555555555555 0.24947916666666667 0.05462962962962963 0.25104166666666666 0.05138888888888889 0.2513020833333333 0.047685185185185185 0.2515625 0.04722222222222222 0.2515625 0.04583333333333333 0.2520833333333333 0.04351851851851852 0.2520833333333333 0.041666666666666664 0.25234375 0.0412037037037037 0.25234375 0.033796296296296297 0.2520833333333333 0.03333333333333333 0.2520833333333333 0.03148148148148148 0.2513020833333333 0.027777777777777776 0.24895833333333334 0.024074074074074074 0.24739583333333334 0.023148148148148147 0.24583333333333332 0.023148148148148147 0.24557291666666667 0.022685185185185187 0.2359375 0.02175925925925926 0.23567708333333334 0.021296296296296296 0.2328125 0.020833333333333332 0.23255208333333333 0.020370370370370372 0.23151041666666666 0.020370370370370372 0.23125 0.01990740740740741 0.23020833333333332 0.01990740740740741 0.22864583333333333 0.01898148148148148 0.22734375 0.01898148148148148 0.22604166666666667 0.018055555555555554 0.22317708333333333 0.017592592592592594 0.22083333333333333 0.016203703703703703 0.21901041666666668 0.016203703703703703 0.21875 0.01574074074074074 0.21536458333333333 0.015277777777777777 0.21380208333333334 0.014351851851851852 0.21145833333333333 0.010648148148148148 0.21015625 0.005555555555555556 0.209375 0.004166666666666667 0.20833333333333334 0.004166666666666667 0.20520833333333333 0.006944444444444444 0.20416666666666666 0.006944444444444444 0.20260416666666667 0.0060185185185185185 0.20130208333333333 0.0060185185185185185 0.20104166666666667 0.005555555555555556 0.20026041666666666 0.0060185185185185185 0.19791666666666666 0.0060185185185185185 0.19739583333333333 0.006481481481481481
5 0.67734375 0.7430555555555556 0.67421875 0.7435185185185185 0.6734375 0.7444444444444445 0.671875 0.7481481481481481 0.6684895833333333 0.7537037037037037 0.6682291666666667 0.7537037037037037 0.6596354166666667 0.7689814814814815 0.6596354166666667 0.7694444444444445 0.6546875 0.7777777777777778 0.6544270833333333 0.7777777777777778 0.65078125 0.7847222222222222 0.6497395833333334 0.7856481481481481 0.6471354166666666 0.7851851851851852 0.64609375 0.7842592592592592 0.64453125 0.7814814814814814 0.64375 0.7810185185185186 0.6432291666666666 0.7800925925925926 0.64140625 0.7796296296296297 0.6411458333333333 0.7800925925925926 0.6393229166666666 0.7805555555555556 0.6385416666666667 0.7814814814814814 0.6369791666666667 0.7856481481481481 0.6359375 0.7875 0.6356770833333333 0.7893518518518519 0.6359375 0.7898148148148149 0.6361979166666667 0.7939814814814815 0.63828125 0.8004629629629629 0.6408854166666667 0.8055555555555556 0.6419270833333334 0.8087962962962963 0.6447916666666667 0.8138888888888889 0.6453125 0.8157407407407408 0.6463541666666667 0.8175925925925925 0.6473958333333333 0.8185185185185185 0.6510416666666666 0.825462962962963 0.6536458333333334 0.8291666666666667 0.6552083333333333 0.8305555555555556 0.65859375 0.8347222222222223 0.66015625 0.8356481481481481 0.6625 0.8356481481481481 0.6625 0.8351851851851851 0.6643229166666667 0.8319444444444445 0.6653645833333334 0.8310185185185185 0.6661458333333333 0.8296296296296296 0.66640625 0.8287037037037037 0.6666666666666666 0.8226851851851852 0.6653645833333334 0.8180555555555555 0.6643229166666667 0.8162037037037037 0.6640625 0.8148148148148148 0.6640625 0.8092592592592592 0.6658854166666667 0.8055555555555556 0.6666666666666666 0.8032407407407407 0.6703125 0.7972222222222223 0.6703125 0.7967592592592593 0.67578125 0.7870370370370371 0.67578125 0.7865740740740741 0.6794270833333333 0.7800925925925926 0.6794270833333333 0.7796296296296297 0.6815104166666667 0.7759259259259259 0.6817708333333333 0.7759259259259259 0.6872395833333333 0.7657407407407407 0.6875 0.7620370370370371 0.6877604166666667 0.7615740740740741 0.6872395833333333 0.7592592592592593 0.6822916666666666 0.750462962962963 0.68203125 0.750462962962963
6 0.7328125 0.6125 0.73203125 0.6138888888888889 0.73203125 0.6143518518518518 0.7317708333333334 0.6148148148148148 0.7317708333333334 0.6180555555555556 0.7315104166666667 0.6185185185185185 0.7315104166666667 0.624537037037037 0.7317708333333334 0.625 0.7317708333333334 0.6319444444444444 0.73203125 0.6324074074074074 0.73203125 0.6347222222222222 0.7322916666666667 0.6351851851851852 0.7322916666666667 0.6361111111111111 0.7325520833333333 0.6365740740740741 0.7325520833333333 0.6375 0.7328125 0.637962962962963 0.7328125 0.638425925925926 0.7330729166666666 0.6388888888888888 0.7330729166666666 0.6393518518518518 0.7333333333333333 0.6398148148148148 0.73359375 0.6412037037037037 0.7341145833333333 0.6421296296296296 0.7341145833333333 0.6425925925925926 0.73515625 0.6444444444444445 0.7354166666666667 0.6444444444444445 0.73671875 0.6462962962962963 0.7372395833333333 0.6462962962962963 0.7375 0.6467592592592593 0.7377604166666667 0.6467592592592593 0.73828125 0.6476851851851851 0.7385416666666667 0.6476851851851851 0.7393229166666667 0.649074074074074 0.7395833333333334 0.649074074074074 0.7403645833333333 0.65 0.7408854166666666 0.65 0.7411458333333333 0.6504629629629629 0.7419270833333333 0.6504629629629629 0.7421875 0.6509259259259259 0.74296875 0.6509259259259259 0.7432291666666667 0.6513888888888889 0.7442708333333333 0.6513888888888889 0.74453125 0.6518518518518519 0.7455729166666667 0.6518518518518519 0.7458333333333333 0.6523148148148148 0.746875 0.6523148148148148 0.7471354166666667 0.6527777777777778 0.7484375 0.6527777777777778 0.7486979166666666 0.6523148148148148 0.7494791666666667 0.6523148148148148 0.7497395833333333 0.6518518518518519 0.7502604166666667 0.6518518518518519 0.7505208333333333 0.6513888888888889 0.7513020833333334 0.6513888888888889 0.7515625 0.6509259259259259 0.7518229166666667 0.6509259259259259 0.7520833333333333 0.6504629629629629 0.75234375 0.6504629629629629 0.7526041666666666 0.65 0.7533854166666667 0.649537037037037 0.75390625 0.6486111111111111 0.7546875 0.6481481481481481 0.7552083333333334 0.6472222222222223 0.75546875 0.6472222222222223 0.7559895833333333 0.6462962962962963 0.7567708333333333 0.6458333333333334 0.7580729166666667 0.6439814814814815 0.7588541666666667 0.6435185185185185 0.759375 0.6425925925925926 0.7596354166666667 0.6425925925925926 0.7604166666666666 0.6412037037037037 0.7604166666666666 0.6402777777777777 0.7609375 0.6388888888888888 0.7609375 0.6375 0.7611979166666667 0.6370370370370371 0.7611979166666667 0.6328703703703704 0.7609375 0.6324074074074074 0.7609375 0.6287037037037037 0.7606770833333333 0.6282407407407408 0.7606770833333333 0.6240740740740741 0.7604166666666666 0.6236111111111111 0.7604166666666666 0.6212962962962963 0.76015625 0.6208333333333333 0.76015625 0.6194444444444445 0.7598958333333333 0.6189814814814815 0.7598958333333333 0.6185185185185185 0.7596354166666667 0.6180555555555556 0.7596354166666667 0.6175925925925926 0.759375 0.6171296296296296 0.7591145833333334 0.6157407407407407 0.75625 0.6106481481481482 0.7559895833333333 0.6106481481481482 0.7552083333333334 0.6092592592592593 0.7549479166666667 0.6092592592592593 0.7546875 0.6087962962962963 0.75390625 0.6083333333333333 0.7533854166666667 0.6074074074074074 0.753125 0.6074074074074074 0.75234375 0.6064814814814815 0.7518229166666667 0.6064814814814815 0.7515625 0.6060185185185185 0.75078125 0.6060185185185185 0.7505208333333333 0.6055555555555555 0.7497395833333333 0.6055555555555555 0.7494791666666667 0.6050925925925926 0.7486979166666666 0.6050925925925926 0.7484375 0.6046296296296296 0.7466145833333333 0.6046296296296296 0.7463541666666667 0.6041666666666666 0.7424479166666667 0.6041666666666666 0.7421875 0.6046296296296296 0.740625 0.6046296296296296 0.7403645833333333 0.6050925925925926 0.73984375 0.6050925925925926 0.7395833333333334 0.6055555555555555 0.7393229166666667 0.6055555555555555 0.7390625 0.6060185185185185 0.7388020833333333 0.6060185185185185 0.7385416666666667 0.6064814814814815 0.73828125 0.6064814814814815 0.7380208333333333 0.6069444444444444 0.7377604166666667 0.6069444444444444 0.7375 0.6074074074074074 0.73671875 0.6078703703703704 0.7356770833333334 0.6097222222222223 0.7354166666666667 0.6097222222222223 0.7346354166666667 0.6111111111111112 0.734375 0.6111111111111112 0.7341145833333333 0.611574074074074 0.7338541666666667 0.611574074074074 0.73359375 0.612037037037037
6 0.60703125 0.8703703703703703 0.6059895833333333 0.8703703703703703 0.6057291666666667 0.8708333333333333 0.60390625 0.8708333333333333 0.6036458333333333 0.8712962962962963 0.603125 0.8712962962962963 0.6013020833333333 0.8731481481481481 0.60078125 0.8731481481481481 0.6005208333333333 0.8736111111111111 0.6 0.8736111111111111 0.5997395833333333 0.8740740740740741 0.59921875 0.8740740740740741 0.5989583333333334 0.874537037037037 0.5984375 0.874537037037037 0.5981770833333333 0.875 0.59765625 0.875 0.5973958333333333 0.875462962962963 0.59609375 0.8759259259259259 0.5953125 0.8768518518518519 0.5947916666666667 0.8768518518518519 0.59375 0.8777777777777778 0.5932291666666667 0.8787037037037037 0.59296875 0.8787037037037037 0.5921875 0.8800925925925925 0.5916666666666667 0.8819444444444444 0.59140625 0.8842592592592593 0.5911458333333334 0.8847222222222222 0.5911458333333334 0.8930555555555556 0.5908854166666667 0.8935185185185185 0.5908854166666667 0.8953703703703704 0.590625 0.8958333333333334 0.590625 0.8972222222222223 0.5903645833333333 0.8976851851851851 0.5903645833333333 0.899537037037037 0.5901041666666667 0.9 0.5901041666666667 0.9023148148148148 0.58984375 0.9027777777777778 0.58984375 0.9055555555555556 0.5895833333333333 0.9060185185185186 0.5895833333333333 0.9148148148148149 0.58984375 0.9152777777777777 0.58984375 0.9175925925925926 0.5901041666666667 0.9180555555555555 0.5901041666666667 0.9189814814814815 0.590625 0.9208333333333333 0.5955729166666667 0.9300925925925926 0.5958333333333333 0.9300925925925926 0.5966145833333333 0.9314814814814815 0.596875 0.9314814814814815 0.5984375 0.9342592592592592 0.6 0.9356481481481481 0.6005208333333333 0.9356481481481481 0.60078125 0.9361111111111111 0.6015625 0.9361111111111111 0.6026041666666667 0.937037037037037 0.6080729166666666 0.937037037037037 0.6083333333333333 0.9365740740740741 0.6091145833333333 0.9365740740740741 0.609375 0.9361111111111111 0.61015625 0.9361111111111111 0.6104166666666667 0.9356481481481481 0.6122395833333333 0.9351851851851852 0.6125 0.9347222222222222 0.6130208333333333 0.9347222222222222 0.61328125 0.9342592592592592 0.6138020833333333 0.9342592592592592 0.6140625 0.9337962962962963 0.6153645833333333 0.9333333333333333 0.61640625 0.9324074074074075 0.6177083333333333 0.9305555555555556 0.6184895833333334 0.9300925925925926 0.6200520833333333 0.9268518518518518 0.6205729166666667 0.925 0.6205729166666667 0.924074074074074 0.62109375 0.9226851851851852 0.62109375 0.9217592592592593 0.6216145833333333 0.9199074074074074 0.6216145833333333 0.9180555555555555 0.621875 0.9175925925925926 0.621875 0.9152777777777777 0.6221354166666667 0.9148148148148149 0.6221354166666667 0.9115740740740741 0.6223958333333334 0.9111111111111111 0.6223958333333334 0.9037037037037037 0.6221354166666667 0.9032407407407408 0.6221354166666667 0.9 0.621875 0.899537037037037 0.621875 0.8976851851851851 0.6213541666666667 0.8958333333333334 0.6197916666666666 0.8930555555555556 0.61875 0.8921296296296296 0.61796875 0.8907407407407407 0.6177083333333333 0.8898148148148148 0.6177083333333333 0.8888888888888888 0.6171875 0.8875 0.6171875 0.8865740740740741 0.61640625 0.8847222222222222 0.61640625 0.8842592592592593 0.615625 0.8828703703703704 0.6153645833333333 0.8828703703703704 0.6145833333333334 0.8814814814814815 0.6143229166666667 0.8814814814814815 0.6122395833333333 0.8777777777777778 0.6122395833333333 0.8773148148148148 0.6119791666666666 0.8773148148148148 0.60859375 0.8717592592592592
6 0.5450520833333333 0.487962962962963 0.5440104166666667 0.48935185185185187 0.54375 0.48935185185185187 0.54296875 0.49074074074074076 0.5427083333333333 0.49074074074074076 0.5421875 0.49166666666666664 0.54140625 0.49212962962962964 0.540625 0.4935185185185185 0.5403645833333334 0.4935185185185185 0.53828125 0.49722222222222223 0.53828125 0.4976851851851852 0.53671875 0.5013888888888889 0.53515625 0.5069444444444444 0.53515625 0.5078703703703704 0.5346354166666667 0.5097222222222222 0.5346354166666667 0.5120370370370371 0.534375 0.5125 0.534375 0.5157407407407407 0.5341145833333333 0.5162037037037037 0.5341145833333333 0.5185185185185185 0.534375 0.5189814814814815 0.534375 0.5231481481481481 0.5346354166666667 0.5236111111111111 0.5346354166666667 0.5254629629629629 0.5348958333333333 0.5259259259259259 0.5348958333333333 0.5273148148148148 0.53515625 0.5277777777777778 0.5354166666666667 0.5300925925925926 0.5364583333333334 0.5337962962962963 0.5369791666666667 0.5347222222222222 0.5369791666666667 0.5351851851851852 0.5375 0.5361111111111111 0.5380208333333333 0.537962962962963 0.54140625 0.5439814814814815 0.5421875 0.5444444444444444 0.54296875 0.5458333333333333 0.54375 0.5462962962962963 0.5442708333333334 0.5472222222222223 0.5453125 0.5481481481481482 0.5466145833333333 0.5486111111111112 0.5481770833333334 0.55 0.5489583333333333 0.55 0.54921875 0.5504629629629629 0.5510416666666667 0.5504629629629629 0.5513020833333333 0.5509259259259259 0.55703125 0.5509259259259259 0.5572916666666666 0.5504629629629629 0.5583333333333333 0.5504629629629629 0.55859375 0.55 0.5598958333333334 0.55 0.56015625 0.549537037037037 0.5606770833333333 0.549537037037037 0.5627604166666667 0.5476851851851852 0.56328125 0.5467592592592593 0.5635416666666667 0.5467592592592593 0.5640625 0.5458333333333333 0.5651041666666666 0.5449074074074074 0.56640625 0.5425925925925926 0.5666666666666667 0.5425925925925926 0.56875 0.538425925925926 0.56875 0.537962962962963 0.5697916666666667 0.5356481481481481 0.5708333333333333 0.5319444444444444 0.5708333333333333 0.5310185185185186 0.57109375 0.5305555555555556 0.57109375 0.5291666666666667 0.5713541666666667 0.5287037037037037 0.5713541666666667 0.5277777777777778 0.5716145833333334 0.5273148148148148 0.5716145833333334 0.5259259259259259 0.571875 0.5254629629629629 0.571875 0.5226851851851851 0.5721354166666667 0.5222222222222223 0.5721354166666667 0.5148148148148148 0.571875 0.5143518518518518 0.571875 0.5111111111111111 0.5716145833333334 0.5106481481481482 0.5716145833333334 0.5092592592592593 0.57109375 0.5078703703703704 0.57109375 0.5069444444444444 0.5705729166666667 0.5055555555555555 0.5705729166666667 0.5046296296296297 0.5700520833333333 0.5027777777777778 0.5684895833333333 0.49907407407407406 0.5684895833333333 0.4986111111111111 0.5658854166666667 0.4935185185185185 0.565625 0.4935185185185185 0.5638020833333334 0.49074074074074076 0.5630208333333333 0.49027777777777776 0.5606770833333333 0.4875 0.56015625 0.4875 0.559375 0.48657407407407405 0.55859375 0.48657407407407405 0.5583333333333333 0.4861111111111111 0.5578125 0.4861111111111111 0.5575520833333333 0.48564814814814816 0.5565104166666667 0.48564814814814816 0.55625 0.48518518518518516 0.55078125 0.48518518518518516 0.5505208333333333 0.48564814814814816 0.5489583333333333 0.48564814814814816 0.5486979166666667 0.4861111111111111 0.5479166666666667 0.4861111111111111 0.54765625 0.48657407407407405 0.5463541666666667 0.48703703703703705 0.5455729166666666 0.487962962962963
6 0.5697916666666667 0.14675925925925926 0.56953125 0.14722222222222223 0.5682291666666667 0.14722222222222223 0.56796875 0.1476851851851852 0.5666666666666667 0.14814814814814814 0.5653645833333333 0.14953703703703702 0.56484375 0.14953703703703702 0.5622395833333333 0.15185185185185185 0.56171875 0.1527777777777778 0.5598958333333334 0.15462962962962962 0.5567708333333333 0.1597222222222222 0.5567708333333333 0.16018518518518518 0.5546875 0.16435185185185186 0.5518229166666667 0.17407407407407408 0.5518229166666667 0.175 0.5513020833333333 0.17685185185185184 0.5513020833333333 0.17824074074074073 0.5510416666666667 0.1787037037037037 0.5510416666666667 0.18055555555555555 0.55078125 0.18101851851851852 0.55078125 0.18425925925925926 0.5505208333333333 0.18472222222222223 0.55078125 0.18518518518518517 0.55078125 0.18981481481481483 0.5510416666666667 0.19027777777777777 0.5510416666666667 0.19305555555555556 0.5513020833333333 0.1935185185185185 0.5513020833333333 0.19537037037037036 0.5515625 0.19583333333333333 0.5518229166666667 0.1986111111111111 0.5526041666666667 0.20092592592592592 0.5526041666666667 0.20185185185185187 0.55390625 0.2064814814814815 0.5544270833333333 0.2074074074074074 0.5549479166666667 0.20925925925925926 0.5583333333333333 0.2152777777777778 0.55859375 0.2152777777777778 0.5598958333333334 0.21712962962962962 0.56484375 0.2212962962962963 0.565625 0.2212962962962963 0.5658854166666667 0.22175925925925927 0.5666666666666667 0.22175925925925927 0.5669270833333333 0.2222222222222222 0.5682291666666667 0.2222222222222222 0.5684895833333333 0.22268518518518518 0.5731770833333333 0.22268518518518518 0.5734375 0.2222222222222222 0.5747395833333333 0.2222222222222222 0.575 0.22175925925925927 0.57578125 0.22175925925925927 0.5760416666666667 0.2212962962962963 0.5776041666666667 0.22083333333333333 0.58203125 0.21712962962962962 0.5825520833333333 0.2162037037037037 0.58359375 0.2152777777777778 0.5864583333333333 0.2101851851851852 0.5864583333333333 0.20972222222222223 0.5875 0.20787037037037037 0.5875 0.2074074074074074 0.5888020833333333 0.20462962962962963 0.5890625 0.20324074074074075 0.5895833333333333 0.2023148148148148 0.590625 0.1986111111111111 0.590625 0.19768518518518519 0.59140625 0.19490740740740742 0.5916666666666667 0.19212962962962962 0.5921875 0.19027777777777777 0.5921875 0.18796296296296297 0.5924479166666666 0.1875 0.5924479166666666 0.18518518518518517 0.5927083333333333 0.18472222222222223 0.5927083333333333 0.1814814814814815 0.5924479166666666 0.18101851851851852 0.5924479166666666 0.17685185185185184 0.5921875 0.1763888888888889 0.5921875 0.175 0.5919270833333333 0.17453703703703705 0.5916666666666667 0.17222222222222222 0.5911458333333334 0.17083333333333334 0.5911458333333334 0.1699074074074074 0.5895833333333333 0.16435185185185186 0.58828125 0.16157407407407406 0.58828125 0.16111111111111112 0.584375 0.15416666666666667 0.5828125 0.1527777777777778 0.5822916666666667 0.15185185185185185 0.57734375 0.1476851851851852 0.5752604166666667 0.14722222222222223 0.575 0.14675925925925926
6 0.4075520833333333 0.29907407407407405 0.40729166666666666 0.29953703703703705 0.40651041666666665 0.29953703703703705 0.40625 0.3 0.40546875 0.3 0.40520833333333334 0.300462962962963 0.40390625 0.30092592592592593 0.3997395833333333 0.30462962962962964 0.3958333333333333 0.3111111111111111 0.3958333333333333 0.31157407407407406 0.39479166666666665 0.3138888888888889 0.39375 0.3175925925925926 0.39375 0.31851851851851853 0.39348958333333334 0.3189814814814815 0.39348958333333334 0.3199074074074074 0.39296875 0.3212962962962963 0.39296875 0.3226851851851852 0.3927083333333333 0.32314814814814813 0.3927083333333333 0.3263888888888889 0.3924479166666667 0.32685185185185184 0.3924479166666667 0.3375 0.3927083333333333 0.33796296296296297 0.3927083333333333 0.33935185185185185 0.39296875 0.3398148148148148 0.39296875 0.34120370370370373 0.3932291666666667 0.3416666666666667 0.3932291666666667 0.3435185185185185 0.39348958333333334 0.3439814814814815 0.39348958333333334 0.3449074074074074 0.39401041666666664 0.34629629629629627 0.39401041666666664 0.3472222222222222 0.39505208333333336 0.3509259259259259 0.39557291666666666 0.35185185185185186 0.3958333333333333 0.35324074074074074 0.3966145833333333 0.35462962962962963 0.3966145833333333 0.35509259259259257 0.4002604166666667 0.3611111111111111 0.40130208333333334 0.36203703703703705 0.40260416666666665 0.3625 0.40286458333333336 0.362962962962963 0.4036458333333333 0.362962962962963 0.40390625 0.36342592592592593 0.4044270833333333 0.36342592592592593 0.40520833333333334 0.36435185185185187 0.40572916666666664 0.36435185185185187 0.40651041666666665 0.36527777777777776 0.40729166666666666 0.36527777777777776 0.4075520833333333 0.36574074074074076 0.40859375 0.36574074074074076 0.4088541666666667 0.3662037037037037 0.41041666666666665 0.3662037037037037 0.41067708333333336 0.36666666666666664 0.41432291666666665 0.36666666666666664 0.41458333333333336 0.3662037037037037 0.415625 0.3662037037037037 0.42083333333333334 0.36157407407407405 0.42135416666666664 0.36064814814814816 0.42239583333333336 0.3597222222222222 0.4231770833333333 0.35833333333333334 0.4234375 0.35833333333333334 0.42630208333333336 0.35324074074074074 0.42630208333333336 0.3527777777777778 0.42682291666666666 0.35185185185185186 0.4270833333333333 0.350462962962963 0.4276041666666667 0.34953703703703703 0.428125 0.3476851851851852 0.428125 0.34675925925925927 0.42864583333333334 0.3453703703703704 0.42864583333333334 0.34444444444444444 0.42890625 0.3439814814814815 0.42890625 0.3425925925925926 0.42916666666666664 0.3421296296296296 0.42916666666666664 0.3398148148148148 0.42942708333333335 0.33935185185185185 0.42942708333333335 0.3287037037037037 0.42916666666666664 0.3282407407407407 0.42916666666666664 0.32685185185185184 0.42890625 0.3263888888888889 0.42890625 0.32546296296296295 0.42864583333333334 0.325 0.42864583333333334 0.3236111111111111 0.428125 0.32175925925925924 0.428125 0.32037037037037036 0.42734375 0.3175925925925926 0.42682291666666666 0.31666666666666665 0.42578125 0.3125 0.425 0.3111111111111111 0.425 0.3106481481481482 0.42213541666666665 0.3055555555555556 0.41510416666666666 0.29907407407407405 0.41432291666666665 0.29907407407407405 0.4140625 0.2986111111111111 0.409375 0.2986111111111111 0.40911458333333334 0.29907407407407405
6 0.2328125 0.44583333333333336 0.23125 0.44722222222222224 0.23072916666666668 0.44814814814814813 0.23046875 0.44814814814814813 0.22994791666666667 0.44907407407407407 0.2296875 0.44907407407407407 0.22916666666666666 0.45 0.228125 0.45092592592592595 0.22630208333333332 0.45416666666666666 0.22630208333333332 0.4546296296296296 0.22552083333333334 0.45601851851851855 0.22526041666666666 0.45740740740740743 0.22473958333333333 0.4583333333333333 0.22369791666666666 0.462037037037037 0.22369791666666666 0.46296296296296297 0.2234375 0.4634259259259259 0.2234375 0.46435185185185185 0.22317708333333333 0.4648148148148148 0.22317708333333333 0.46574074074074073 0.22265625 0.4675925925925926 0.22265625 0.47824074074074074 0.22291666666666668 0.4787037037037037 0.22291666666666668 0.48148148148148145 0.22317708333333333 0.48194444444444445 0.22317708333333333 0.48333333333333334 0.2234375 0.4837962962962963 0.2234375 0.48518518518518516 0.22395833333333334 0.48657407407407405 0.22395833333333334 0.4875 0.22447916666666667 0.48842592592592593 0.22526041666666666 0.49166666666666664 0.22578125 0.4925925925925926 0.22630208333333332 0.49444444444444446 0.22708333333333333 0.49583333333333335 0.22708333333333333 0.4962962962962963 0.23046875 0.5023148148148148 0.23072916666666668 0.5023148148148148 0.23125 0.5032407407407408 0.23151041666666666 0.5032407407407408 0.23203125 0.5041666666666667 0.23307291666666666 0.5050925925925925 0.234375 0.5055555555555555 0.2359375 0.5069444444444444 0.23671875 0.5069444444444444 0.23697916666666666 0.5074074074074074 0.23802083333333332 0.5074074074074074 0.23828125 0.5078703703703704 0.23932291666666666 0.5078703703703704 0.23958333333333334 0.5083333333333333 0.24453125 0.5083333333333333 0.24479166666666666 0.5078703703703704 0.24583333333333332 0.5078703703703704 0.24609375 0.5074074074074074 0.24713541666666666 0.5074074074074074 0.24739583333333334 0.5069444444444444 0.24869791666666666 0.5064814814814815 0.2513020833333333 0.5041666666666667 0.2518229166666667 0.5032407407407408 0.2526041666666667 0.5027777777777778 0.25338541666666664 0.5013888888888889 0.25364583333333335 0.5013888888888889 0.25494791666666666 0.49907407407407406 0.25494791666666666 0.4986111111111111 0.25546875 0.4976851851851852 0.25546875 0.49722222222222223 0.25677083333333334 0.49444444444444446 0.25703125 0.4930555555555556 0.25755208333333335 0.49212962962962964 0.25807291666666665 0.49027777777777776 0.25807291666666665 0.48935185185185187 0.25833333333333336 0.4888888888888889 0.25833333333333336 0.4875 0.25859375 0.48703703703703705 0.25859375 0.4847222222222222 0.25885416666666666 0.4842592592592593 0.25885416666666666 0.47314814814814815 0.25859375 0.4726851851851852 0.25859375 0.46944444444444444 0.25833333333333336 0.4689814814814815 0.25833333333333336 0.4675925925925926 0.2578125 0.46620370370370373 0.2578125 0.4652777777777778 0.25703125 0.4625 0.2557291666666667 0.4597222222222222 0.2557291666666667 0.45925925925925926 0.2546875 0.45740740740740743 0.2546875 0.45694444444444443 0.2520833333333333 0.45185185185185184 0.2518229166666667 0.45185185185185184 0.25026041666666665 0.449537037037037 0.24713541666666666 0.44675925925925924 0.24661458333333333 0.44675925925925924 0.24635416666666668 0.4462962962962963 0.24583333333333332 0.4462962962962963 0.24505208333333334 0.44537037037037036 0.24427083333333333 0.44537037037037036 0.24401041666666667 0.4449074074074074 0.24296875 0.4449074074074074 0.24270833333333333 0.4444444444444444 0.24088541666666666 0.4444444444444444 0.240625 0.4439814814814815 0.2390625 0.4439814814814815 0.23880208333333333 0.4444444444444444 0.2359375 0.4444444444444444 0.23567708333333334 0.4449074074074074 0.23489583333333333 0.4449074074074074 0.23463541666666668 0.44537037037037036
