1 0.1703125 4.62962962962963e-05 0.1703125 0.0032407407407407406 0.17005208333333333 0.003703703703703704 0.16979166666666667 0.006944444444444444 0.16927083333333334 0.008796296296296297 0.16927083333333334 0.011111111111111112 0.16953125 0.011574074074074073 0.16953125 0.0125 0.1703125 0.014814814814814815 0.1703125 0.01574074074074074 0.17083333333333334 0.017592592592592594 0.17083333333333334 0.01898148148148148 0.17109375 0.019444444444444445 0.17109375 0.021296296296296296 0.17135416666666667 0.02175925925925926 0.17135416666666667 0.023148148148148147 0.17161458333333332 0.02361111111111111 0.17161458333333332 0.025 0.171875 0.02546296296296296 0.171875 0.026851851851851852 0.17213541666666668 0.027314814814814816 0.17213541666666668 0.029166666666666667 0.17239583333333333 0.02962962962962963 0.17239583333333333 0.04259259259259259 0.17265625 0.043055555555555555 0.17265625 0.046296296296296294 0.17291666666666666 0.04675925925925926 0.17291666666666666 0.04861111111111111 0.17317708333333334 0.049074074074074076 0.17317708333333334 0.050462962962962966 0.1734375 0.05092592592592592 0.1734375 0.05185185185185185 0.175 0.05740740740740741 0.175 0.0587962962962963 0.17526041666666667 0.05925925925925926 0.17526041666666667 0.060648148148148145 0.17552083333333332 0.06111111111111111 0.17552083333333332 0.06342592592592593 0.17578125 0.06388888888888888 0.17578125 0.06574074074074074 0.17604166666666668 0.06620370370370371 0.17604166666666668 0.06712962962962964 0.17630208333333333 0.06759259259259259 0.1765625 0.0699074074074074 0.17734375 0.07268518518518519 0.17864583333333334 0.075 0.17890625 0.075 0.17942708333333332 0.07592592592592592 0.18151041666666667 0.07777777777777778 0.18229166666666666 0.07777777777777778 0.18255208333333334 0.07824074074074074 0.18333333333333332 0.07824074074074074 0.18359375 0.0787037037037037 0.18463541666666666 0.0787037037037037 0.18489583333333334 0.07916666666666666 0.18723958333333332 0.07916666666666666 0.1875 0.0787037037037037 0.1890625 0.0787037037037037 0.18932291666666667 0.07824074074074074 0.18984375 0.07824074074074074 0.19166666666666668 0.07546296296296297 0.19166666666666668 0.075 0.19244791666666666 0.07361111111111111 0.19244791666666666 0.07314814814814814 0.19427083333333334 0.0699074074074074 0.19427083333333334 0.06944444444444445 0.19505208333333332 0.06805555555555555 0.19505208333333332 0.06759259259259259 0.19557291666666668 0.06666666666666667 0.19557291666666668 0.06574074074074074 0.19583333333333333 0.06527777777777778 0.19583333333333333 0.06296296296296296 0.19609375 0.0625 0.19609375 0.05787037037037037 0.19453125 0.05277777777777778 0.19453125 0.05185185185185185 0.19427083333333334 0.05138888888888889 0.19401041666666666 0.049074074074074076 0.19244791666666666 0.04398148148148148 0.19244791666666666 0.043055555555555555 0.19166666666666668 0.04027777777777778 0.19166666666666668 0.03935185185185185 0.19114583333333332 0.0375 0.1890625 0.033796296296296297 0.18697916666666667 0.03194444444444444 0.18645833333333334 0.03194444444444444 0.18567708333333333 0.031018518518518518 0.184375 0.031018518518518518 0.18411458333333333 0.030555555555555555 0.18307291666666667 0.030555555555555555 0.18229166666666666 0.029166666666666667 0.18203125 0.02824074074074074 0.18203125 0.027314814814814816 0.18177083333333333 0.026851851851851852 0.18177083333333333 0.025 0.18046875 0.020370370370370372 0.18020833333333333 0.018055555555555554 0.17890625 0.013425925925925926 0.17838541666666666 0.0125 0.17838541666666666 0.012037037037037037 0.17682291666666666 0.008333333333333333 0.1765625 0.006944444444444444 0.175 0.0032407407407407406 0.175 4.62962962962963e-05
1 0.08177083333333333 0.11712962962962963 0.08177083333333333 0.1175925925925926 0.08072916666666667 0.11990740740740741 0.08072916666666667 0.12407407407407407 0.08098958333333334 0.12453703703703704 0.08098958333333334 0.1259259259259259 0.08125 0.12638888888888888 0.08125 0.12731481481481483 0.08177083333333333 0.12824074074074074 0.08177083333333333 0.1287037037037037 0.084375 0.13333333333333333 0.08541666666666667 0.13425925925925927 0.08828125 0.13935185185185187 0.08984375 0.14074074074074075 0.09088541666666666 0.14305555555555555 0.09088541666666666 0.14907407407407408 0.09114583333333333 0.14953703703703702 0.09114583333333333 0.1527777777777778 0.09140625 0.15324074074074073 0.09140625 0.15555555555555556 0.0921875 0.15787037037037038 0.0921875 0.1587962962962963 0.09322916666666667 0.16111111111111112 0.09322916666666667 0.16203703703703703 0.09427083333333333 0.1638888888888889 0.09583333333333334 0.16527777777777777 0.09661458333333334 0.16527777777777777 0.096875 0.16574074074074074 0.09739583333333333 0.16574074074074074 0.0984375 0.16666666666666666 0.10130208333333333 0.17175925925925925 0.1015625 0.17175925925925925 0.10286458333333333 0.1736111111111111 0.10390625 0.17453703703703705 0.10442708333333334 0.17453703703703705 0.1046875 0.175 0.10546875 0.175 0.10572916666666667 0.17546296296296296 0.10625 0.17546296296296296 0.10651041666666666 0.17592592592592593 0.10833333333333334 0.17592592592592593 0.10859375 0.17546296296296296 0.10989583333333333 0.17546296296296296 0.11015625 0.175 0.11119791666666666 0.175 0.11328125 0.17314814814814813 0.11536458333333334 0.1699074074074074 0.115625 0.1699074074074074 0.1171875 0.16712962962962963 0.11796875 0.16435185185185186 0.11796875 0.16342592592592592 0.11822916666666666 0.16296296296296298 0.11822916666666666 0.15555555555555556 0.11796875 0.1550925925925926 0.11796875 0.15324074074074073 0.11770833333333333 0.1527777777777778 0.11744791666666667 0.15046296296296297 0.11614583333333334 0.14583333333333334 0.11458333333333333 0.1425925925925926 0.11458333333333333 0.14212962962962963 0.11302083333333333 0.13935185185185187 0.11276041666666667 0.13935185185185187 0.11145833333333334 0.1375 0.11067708333333333 0.13703703703703704 0.11015625 0.1361111111111111 0.10807291666666667 0.13425925925925927 0.10755208333333334 0.13425925925925927 0.10729166666666666 0.1337962962962963 0.10651041666666666 0.1337962962962963 0.10546875 0.13287037037037036 0.1046875 0.13287037037037036 0.10442708333333334 0.13240740740740742 0.10338541666666666 0.13240740740740742 0.103125 0.13194444444444445 0.09973958333333334 0.13194444444444445 0.09947916666666666 0.13148148148148148 0.09895833333333333 0.13148148148148148 0.0984375 0.1310185185185185 0.09765625 0.12962962962962962 0.09765625 0.12916666666666668 0.09296875 0.12129629629629629 0.09270833333333334 0.12129629629629629 0.09166666666666666 0.11944444444444445 0.08958333333333333 0.1175925925925926 0.08828125 0.11574074074074074 0.08776041666666666 0.11574074074074074 0.0875 0.11527777777777778 0.08541666666666667 0.11527777777777778 0.08515625 0.11481481481481481 0.08411458333333334 0.11481481481481481 0.08385416666666666 0.11527777777777778 0.08307291666666666 0.11527777777777778
1 0.07864583333333333 0.5111111111111111 0.07864583333333333 0.5125 0.07838541666666667 0.512962962962963 0.07838541666666667 0.5138888888888888 0.078125 0.5143518518518518 0.078125 0.5157407407407407 0.07786458333333333 0.5162037037037037 0.07786458333333333 0.5194444444444445 0.078125 0.5199074074074074 0.078125 0.5226851851851851 0.07864583333333333 0.524537037037037 0.07916666666666666 0.5254629629629629 0.08072916666666667 0.5268518518518519 0.08151041666666667 0.5268518518518519 0.08255208333333333 0.5277777777777778 0.08333333333333333 0.5277777777777778 0.08359375 0.5282407407407408 0.084375 0.5282407407407408 0.08463541666666667 0.5287037037037037 0.08567708333333333 0.5287037037037037 0.0859375 0.5291666666666667 0.08802083333333334 0.5300925925925926 0.0890625 0.5310185185185186 0.08958333333333333 0.5319444444444444 0.08984375 0.5319444444444444 0.09140625 0.5347222222222222 0.09166666666666666 0.5347222222222222 0.0921875 0.5356481481481481 0.09296875 0.5356481481481481 0.09322916666666667 0.5361111111111111 0.09505208333333333 0.5361111111111111 0.09791666666666667 0.5328703703703703 0.0984375 0.5328703703703703 0.09869791666666666 0.5324074074074074 0.1 0.5324074074074074 0.10130208333333333 0.5337962962962963 0.10260416666666666 0.5342592592592592 0.10338541666666666 0.5351851851851852 0.1046875 0.5356481481481481 0.10546875 0.5365740740740741 0.10755208333333334 0.5375 0.10833333333333334 0.538425925925926 0.10963541666666667 0.5388888888888889 0.11041666666666666 0.5398148148148149 0.1125 0.5407407407407407 0.11328125 0.5416666666666666 0.11380208333333333 0.5416666666666666 0.1140625 0.5421296296296296 0.11458333333333333 0.5421296296296296 0.115625 0.5430555555555555 0.11640625 0.5430555555555555 0.11666666666666667 0.5435185185185185 0.11744791666666667 0.5435185185185185 0.11770833333333333 0.5439814814814815 0.12057291666666667 0.5439814814814815 0.12083333333333333 0.5435185185185185 0.12135416666666667 0.5435185185185185 0.12239583333333333 0.5425925925925926 0.1234375 0.5388888888888889 0.1234375 0.537962962962963 0.12395833333333334 0.5365740740740741 0.12421875 0.5342592592592592 0.125 0.5324074074074074 0.125 0.5310185185185186 0.12526041666666668 0.5305555555555556 0.12473958333333333 0.5287037037037037 0.12317708333333334 0.5259259259259259 0.12213541666666666 0.525 0.12135416666666667 0.525 0.11979166666666667 0.5236111111111111 0.11927083333333334 0.5236111111111111 0.11901041666666666 0.5231481481481481 0.11822916666666666 0.5231481481481481 0.11796875 0.5226851851851851 0.11692708333333333 0.5226851851851851 0.11666666666666667 0.5222222222222223 0.11588541666666667 0.5222222222222223 0.115625 0.5217592592592593 0.11458333333333333 0.5217592592592593 0.11432291666666666 0.5212962962962963 0.11302083333333333 0.5212962962962963 0.11276041666666667 0.5208333333333334 0.11197916666666667 0.5208333333333334 0.11171875 0.5203703703703704 0.1109375 0.5203703703703704 0.11067708333333333 0.5199074074074074 0.10885416666666667 0.5194444444444445 0.1078125 0.5185185185185185 0.10598958333333333 0.5180555555555556 0.10572916666666667 0.5175925925925926 0.10364583333333334 0.5166666666666667 0.10286458333333333 0.5157407407407407 0.10234375 0.5157407407407407 0.10130208333333333 0.5148148148148148 0.09895833333333333 0.5106481481481482 0.09817708333333333 0.5046296296296297 0.096875 0.5023148148148148 0.09635416666666667 0.5018518518518519 0.09557291666666666 0.5018518518518519 0.0953125 0.5013888888888889 0.09322916666666667 0.5013888888888889 0.09296875 0.5009259259259259 0.09166666666666666 0.5009259259259259 0.08828125 0.49722222222222223 0.08671875 0.49722222222222223 0.08567708333333333 0.4981481481481482 0.08463541666666667 0.4981481481481482 0.08359375 0.49953703703703706 0.08333333333333333 0.49953703703703706 0.08177083333333333 0.5023148148148148 0.08177083333333333 0.5027777777777778 0.08020833333333334 0.5060185185185185
1 0.1859375 0.3472222222222222 0.184375 0.3458333333333333 0.18385416666666668 0.3449074074074074 0.18203125 0.3435185185185185 0.18151041666666667 0.3425925925925926 0.18098958333333334 0.3421296296296296 0.18046875 0.3421296296296296 0.1796875 0.34120370370370373 0.17916666666666667 0.34120370370370373 0.178125 0.3402777777777778 0.17630208333333333 0.3402777777777778 0.17604166666666668 0.34074074074074073 0.175 0.34074074074074073 0.17473958333333334 0.34120370370370373 0.17421875 0.34120370370370373 0.17369791666666667 0.3416666666666667 0.17265625 0.3435185185185185 0.17265625 0.3439814814814815 0.17213541666666668 0.3449074074074074 0.17135416666666667 0.3476851851851852 0.16822916666666668 0.35324074074074074 0.16640625 0.35462962962962963 0.16458333333333333 0.3578703703703704 0.16432291666666668 0.3587962962962963 0.16432291666666668 0.3597222222222222 0.1640625 0.36018518518518516 0.1640625 0.36157407407407405 0.16380208333333332 0.36203703703703705 0.16380208333333332 0.3662037037037037 0.16510416666666666 0.37083333333333335 0.16510416666666666 0.3726851851851852 0.16354166666666667 0.37824074074074077 0.16223958333333333 0.38055555555555554 0.16223958333333333 0.38101851851851853 0.16067708333333333 0.38425925925925924 0.16067708333333333 0.38472222222222224 0.16015625 0.38564814814814813 0.15963541666666667 0.3875 0.15729166666666666 0.3921296296296296 0.15625 0.3958333333333333 0.15625 0.39675925925925926 0.15598958333333332 0.3972222222222222 0.15598958333333332 0.4009259259259259 0.15651041666666668 0.40185185185185185 0.15651041666666668 0.4023148148148148 0.1578125 0.4046296296296296 0.1609375 0.4074074074074074 0.16197916666666667 0.4074074074074074 0.16223958333333333 0.4078703703703704 0.16276041666666666 0.4074074074074074 0.16328125 0.4074074074074074 0.16354166666666667 0.40694444444444444 0.1640625 0.40694444444444444 0.16510416666666666 0.4060185185185185 0.16692708333333334 0.4027777777777778 0.16692708333333334 0.4023148148148148 0.16770833333333332 0.4009259259259259 0.16770833333333332 0.40046296296296297 0.16822916666666668 0.399537037037037 0.16822916666666668 0.3990740740740741 0.16875 0.39814814814814814 0.16875 0.3976851851851852 0.16927083333333334 0.39675925925925926 0.16979166666666667 0.39490740740740743 0.17057291666666666 0.39351851851851855 0.17057291666666666 0.39305555555555555 0.17161458333333332 0.3907407407407407 0.17239583333333333 0.38796296296296295 0.17447916666666666 0.38425925925925924 0.175 0.3837962962962963 0.17552083333333332 0.3837962962962963 0.17578125 0.38333333333333336 0.17682291666666666 0.38333333333333336 0.17708333333333334 0.38287037037037036 0.17838541666666666 0.38287037037037036 0.17864583333333334 0.3824074074074074 0.18020833333333333 0.3824074074074074 0.18046875 0.3819444444444444 0.18125 0.3819444444444444 0.18151041666666667 0.3814814814814815 0.18203125 0.3814814814814815 0.18489583333333334 0.37777777777777777 0.18489583333333334 0.3773148148148148 0.1859375 0.375 0.18619791666666666 0.3736111111111111 0.18671875 0.3726851851851852 0.18671875 0.37222222222222223 0.18723958333333332 0.3712962962962963 0.18776041666666668 0.36944444444444446 0.18776041666666668 0.3685185185185185 0.18828125 0.36712962962962964 0.18828125 0.3662037037037037 0.1890625 0.36342592592592593 0.1890625 0.36157407407407405 0.18932291666666667 0.3611111111111111 0.18932291666666667 0.3592592592592593 0.18958333333333333 0.3587962962962963 0.18958333333333333 0.35648148148148145 0.18932291666666667 0.3560185185185185 0.18932291666666667 0.35509259259259257 0.1890625 0.35462962962962963 0.1890625 0.3537037037037037 0.18854166666666666 0.35185185185185186 0.1875 0.35 0.1875 0.34953703703703703 0.18723958333333332 0.34953703703703703
1 0.2513020833333333 0.11296296296296296 0.25104166666666666 0.11342592592592593 0.24921875 0.11342592592592593 0.24895833333333334 0.11388888888888889 0.2484375 0.11388888888888889 0.24791666666666667 0.11435185185185186 0.24739583333333334 0.11527777777777778 0.24739583333333334 0.11712962962962963 0.24713541666666666 0.1175925925925926 0.24713541666666666 0.12916666666666668 0.24739583333333334 0.12962962962962962 0.24739583333333334 0.13518518518518519 0.24765625 0.13564814814814816 0.24765625 0.13935185185185187 0.24791666666666667 0.1398148148148148 0.24791666666666667 0.14444444444444443 0.24817708333333333 0.1449074074074074 0.24817708333333333 0.15138888888888888 0.24791666666666667 0.15185185185185185 0.24791666666666667 0.1527777777777778 0.24739583333333334 0.15462962962962962 0.24609375 0.15694444444444444 0.24583333333333332 0.15694444444444444 0.24375 0.16018518518518518 0.24348958333333334 0.16018518518518518 0.24348958333333334 0.16064814814814815 0.24296875 0.16157407407407406 0.24270833333333333 0.1638888888888889 0.24348958333333334 0.16666666666666666 0.24505208333333334 0.16944444444444445 0.2453125 0.17037037037037037 0.2453125 0.175 0.24505208333333334 0.17546296296296296 0.24505208333333334 0.17731481481481481 0.24453125 0.1787037037037037 0.24453125 0.18009259259259258 0.24427083333333333 0.18055555555555555 0.24427083333333333 0.1824074074074074 0.24401041666666667 0.18287037037037038 0.24401041666666667 0.18472222222222223 0.24453125 0.1865740740740741 0.24453125 0.18796296296296297 0.24505208333333334 0.18888888888888888 0.2453125 0.19027777777777777 0.24765625 0.19398148148148148 0.24869791666666666 0.19490740740740742 0.25 0.19537037037037036 0.2513020833333333 0.19675925925925927 0.25390625 0.19675925925925927 0.25416666666666665 0.19722222222222222 0.2552083333333333 0.19722222222222222 0.25546875 0.19675925925925927 0.25625 0.19675925925925927 0.25807291666666665 0.19490740740740742 0.25859375 0.19490740740740742 0.25885416666666666 0.19444444444444445 0.26015625 0.19398148148148148 0.2609375 0.19305555555555556 0.26145833333333335 0.19305555555555556 0.26171875 0.1925925925925926 0.2630208333333333 0.19212962962962962 0.2635416666666667 0.1912037037037037 0.2638020833333333 0.1912037037037037 0.2638020833333333 0.19074074074074074 0.2643229166666667 0.18981481481481483 0.2643229166666667 0.18194444444444444 0.2640625 0.1814814814814815 0.2640625 0.17962962962962964 0.2635416666666667 0.17777777777777778 0.2635416666666667 0.1736111111111111 0.2638020833333333 0.17314814814814813 0.2640625 0.16805555555555557 0.2638020833333333 0.1675925925925926 0.2638020833333333 0.16342592592592592 0.26328125 0.16157407407407406 0.259375 0.1537037037037037 0.25859375 0.15092592592592594 0.25859375 0.15 0.25833333333333336 0.14953703703703702 0.25833333333333336 0.14722222222222223 0.25807291666666665 0.14675925925925926 0.25807291666666665 0.14074074074074075 0.2578125 0.14027777777777778 0.2578125 0.13240740740740742 0.25755208333333335 0.13194444444444445 0.25755208333333335 0.12777777777777777 0.25729166666666664 0.12731481481481483 0.25729166666666664 0.12037037037037036 0.25703125 0.11990740740740741 0.25703125 0.11851851851851852 0.25677083333333334 0.11805555555555555 0.2565104166666667 0.11574074074074074 0.2552083333333333 0.11388888888888889 0.25442708333333336 0.11388888888888889 0.25416666666666665 0.11342592592592593 0.2526041666666667 0.11342592592592593 0.25234375 0.11296296296296296
1 0.27395833333333336 0.16203703703703703 0.27395833333333336 0.16296296296296298 0.27369791666666665 0.16342592592592592 0.27369791666666665 0.16527777777777777 0.2734375 0.16574074074074074 0.2734375 0.1675925925925926 0.27317708333333335 0.16805555555555557 0.27291666666666664 0.17314814814814813 0.27265625 0.1736111111111111 0.27265625 0.175 0.27239583333333334 0.17546296296296296 0.27239583333333334 0.1763888888888889 0.27265625 0.17685185185185184 0.27265625 0.17824074074074073 0.27317708333333335 0.17916666666666667 0.2734375 0.18101851851851852 0.27421875 0.1837962962962963 0.2752604166666667 0.18564814814814815 0.2755208333333333 0.18564814814814815 0.2760416666666667 0.1865740740740741 0.2765625 0.1865740740740741 0.2786458333333333 0.1884259259259259 0.2794270833333333 0.18981481481481483 0.28072916666666664 0.19027777777777777 0.28203125 0.19166666666666668 0.2828125 0.19166666666666668 0.2838541666666667 0.1925925925925926 0.28489583333333335 0.1925925925925926 0.28515625 0.19305555555555556 0.2859375 0.19305555555555556 0.28619791666666666 0.1935185185185185 0.28671875 0.1935185185185185 0.28802083333333334 0.19166666666666668 0.28854166666666664 0.18981481481481483 0.28958333333333336 0.18796296296296297 0.2911458333333333 0.18703703703703703 0.29140625 0.1875 0.29192708333333334 0.1875 0.29270833333333335 0.1884259259259259 0.29322916666666665 0.1884259259259259 0.2947916666666667 0.18981481481481483 0.2955729166666667 0.18981481481481483 0.29583333333333334 0.19027777777777777 0.29661458333333335 0.19027777777777777 0.296875 0.19074074074074074 0.29791666666666666 0.19074074074074074 0.2981770833333333 0.1912037037037037 0.2989583333333333 0.1912037037037037 0.29921875 0.19166666666666668 0.30052083333333335 0.19166666666666668 0.30078125 0.19212962962962962 0.3020833333333333 0.19212962962962962 0.30234375 0.1925925925925926 0.30364583333333334 0.1925925925925926 0.30390625 0.19305555555555556 0.30494791666666665 0.19305555555555556 0.30520833333333336 0.1935185185185185 0.3059895833333333 0.1935185185185185 0.30703125 0.19444444444444445 0.3078125 0.19444444444444445 0.30807291666666664 0.19490740740740742 0.30885416666666665 0.19490740740740742 0.3098958333333333 0.19583333333333333 0.3106770833333333 0.19583333333333333 0.3109375 0.1962962962962963 0.31145833333333334 0.1962962962962963 0.31171875 0.19675925925925927 0.31223958333333335 0.19675925925925927 0.3125 0.19722222222222222 0.31302083333333336 0.19722222222222222 0.3138020833333333 0.19814814814814816 0.3145833333333333 0.19814814814814816 0.31484375 0.1986111111111111 0.3151041666666667 0.19814814814814816 0.3177083333333333 0.19814814814814816 0.3182291666666667 0.19768518518518519 0.31927083333333334 0.19537037037037036 0.31927083333333334 0.19444444444444445 0.31953125 0.19398148148148148 0.31953125 0.1925925925925926 0.31979166666666664 0.19212962962962962 0.31979166666666664 0.18935185185185185 0.31953125 0.18888888888888888 0.31953125 0.1875 0.31927083333333334 0.18703703703703703 0.31927083333333334 0.18518518518518517 0.3190104166666667 0.18472222222222223 0.31875 0.18287037037037038 0.31744791666666666 0.18101851851851852 0.31692708333333336 0.18101851851851852 0.31484375 0.17916666666666667 0.3143229166666667 0.17916666666666667 0.3140625 0.1787037037037037 0.31328125 0.1787037037037037 0.31223958333333335 0.17777777777777778 0.31145833333333334 0.17777777777777778 0.3111979166666667 0.17731481481481481 0.31015625 0.17731481481481481 0.3098958333333333 0.17685185185185184 0.30911458333333336 0.17685185185185184 0.30885416666666665 0.1763888888888889 0.30807291666666664 0.1763888888888889 0.3078125 0.17592592592592593 0.3067708333333333 0.17592592592592593 0.3065104166666667 0.17546296296296296 0.30546875 0.17546296296296296 0.30520833333333336 0.175 0.30416666666666664 0.175 0.30390625 0.17453703703703705 0.3028645833333333 0.17453703703703705 0.3026041666666667 0.17407407407407408 0.3015625 0.17407407407407408 0.30130208333333336 0.1736111111111111 0.30052083333333335 0.1736111111111111 0.30026041666666664 0.17314814814814813 0.2994791666666667 0.17314814814814813 0.29921875 0.1726851851851852 0.29791666666666666 0.17222222222222222 0.296875 0.1712962962962963 0.2953125 0.16898148148148148 0.2942708333333333 0.16805555555555557 0.29375 0.16805555555555557 0.29270833333333335 0.16712962962962963 0.2921875 0.16620370370370371 0.29192708333333334 0.16620370370370371 0.290625 0.16342592592592592 0.28854166666666664 0.16157407407407406 0.28802083333333334 0.16157407407407406 0.2872395833333333 0.16064814814814815 0.28671875 0.16064814814814815 0.2864583333333333 0.16018518518518518 0.28489583333333335 0.16018518518518518 0.28463541666666664 0.1597222222222222 0.2833333333333333 0.1597222222222222 0.2830729166666667 0.15925925925925927 0.28151041666666665 0.15925925925925927 0.28125 0.1587962962962963 0.28046875 0.1587962962962963 0.28020833333333334 0.15833333333333333 0.2794270833333333 0.15833333333333333 0.2791666666666667 0.15787037037037038 0.27708333333333335 0.15787037037037038 0.27682291666666664 0.1574074074074074 0.27578125 0.1574074074074074 0.2747395833333333 0.15925925925925927
1 0.40520833333333334 0.45 0.40338541666666666 0.44675925925925924 0.403125 0.44675925925925924 0.4002604166666667 0.44212962962962965 0.39869791666666665 0.44074074074074077 0.39817708333333335 0.44074074074074077 0.39739583333333334 0.4398148148148148 0.396875 0.4398148148148148 0.3966145833333333 0.4393518518518518 0.39505208333333336 0.4393518518518518 0.39479166666666665 0.4398148148148148 0.39296875 0.44027777777777777 0.39088541666666665 0.44212962962962965 0.39036458333333335 0.44305555555555554 0.39010416666666664 0.44305555555555554 0.38697916666666665 0.44907407407407407 0.38671875 0.44907407407407407 0.38619791666666664 0.45 0.38515625 0.45092592592592595 0.38385416666666666 0.4532407407407407 0.38333333333333336 0.4550925925925926 0.38333333333333336 0.45601851851851855 0.38307291666666665 0.4564814814814815 0.38307291666666665 0.4583333333333333 0.3828125 0.4587962962962963 0.3828125 0.46111111111111114 0.38255208333333335 0.4615740740740741 0.38255208333333335 0.4699074074074074 0.38229166666666664 0.4703703703703704 0.38229166666666664 0.47129629629629627 0.38177083333333334 0.4722222222222222 0.38177083333333334 0.4726851851851852 0.38125 0.47314814814814815 0.378125 0.4791666666666667 0.37734375 0.47962962962962963 0.3765625 0.4810185185185185 0.3763020833333333 0.4810185185185185 0.375 0.4837962962962963 0.375 0.4842592592592593 0.37395833333333334 0.4861111111111111 0.3736979166666667 0.4861111111111111 0.3729166666666667 0.4875 0.37265625 0.4875 0.37135416666666665 0.4898148148148148 0.3697916666666667 0.49537037037037035 0.37005208333333334 0.49583333333333335 0.37005208333333334 0.49722222222222223 0.37057291666666664 0.4981481481481482 0.37057291666666664 0.4986111111111111 0.37265625 0.5023148148148148 0.3731770833333333 0.5027777777777778 0.3736979166666667 0.5027777777777778 0.37395833333333334 0.5032407407407408 0.37473958333333335 0.5032407407407408 0.37578125 0.5041666666666667 0.3765625 0.5041666666666667 0.3770833333333333 0.5037037037037037 0.378125 0.5018518518518519 0.378125 0.5009259259259259 0.37864583333333335 0.5 0.37864583333333335 0.49953703703703706 0.37942708333333336 0.4981481481481482 0.38046875 0.49722222222222223 0.38177083333333334 0.4949074074074074 0.38177083333333334 0.49398148148148147 0.38255208333333335 0.4925925925925926 0.38307291666666665 0.49212962962962964 0.38359375 0.49212962962962964 0.3846354166666667 0.49074074074074076 0.3848958333333333 0.49074074074074076 0.38567708333333334 0.4888888888888889 0.3859375 0.4875 0.38723958333333336 0.48518518518518516 0.38828125 0.4842592592592593 0.3888020833333333 0.4842592592592593 0.3890625 0.4837962962962963 0.38984375 0.4837962962962963 0.39010416666666664 0.48333333333333334 0.39739583333333334 0.48333333333333334 0.39817708333333335 0.4824074074074074 0.39869791666666665 0.4824074074074074 0.39895833333333336 0.48194444444444445 0.39947916666666666 0.48194444444444445 0.4 0.48148148148148145 0.4015625 0.47824074074074074 0.403125 0.4726851851851852 0.40625 0.4675925925925926 0.4075520833333333 0.46296296296296297 0.4075520833333333 0.45925925925925926 0.40729166666666666 0.4587962962962963 0.40729166666666666 0.45694444444444443 0.40703125 0.4564814814814815 0.40703125 0.4550925925925926 0.40651041666666665 0.4532407407407407 0.40598958333333335 0.45231481481481484 0.40598958333333335 0.45185185185185184 0.40520833333333334 0.45046296296296295
1 0.5174479166666667 0.49953703703703706 0.5171875 0.5 0.5161458333333333 0.5 0.5158854166666667 0.500462962962963 0.5145833333333333 0.500462962962963 0.5143229166666666 0.5009259259259259 0.5138020833333333 0.5009259259259259 0.5127604166666667 0.5023148148148148 0.5125 0.5023148148148148 0.5125 0.5027777777777778 0.51171875 0.5046296296296297 0.51171875 0.5060185185185185 0.5111979166666667 0.5078703703703704 0.5111979166666667 0.5120370370370371 0.5114583333333333 0.5125 0.5114583333333333 0.5138888888888888 0.5119791666666667 0.5157407407407407 0.5119791666666667 0.5185185185185185 0.5114583333333333 0.5203703703703704 0.5109375 0.5212962962962963 0.5109375 0.5217592592592593 0.5104166666666666 0.5226851851851851 0.51015625 0.5226851851851851 0.5098958333333333 0.5236111111111111 0.5098958333333333 0.524537037037037 0.5096354166666667 0.525 0.5098958333333333 0.5254629629629629 0.5098958333333333 0.5300925925925926 0.5106770833333333 0.5319444444444444 0.5109375 0.5319444444444444 0.5114583333333333 0.5328703703703703 0.51171875 0.5328703703703703 0.5122395833333333 0.5337962962962963 0.5125 0.5337962962962963 0.5130208333333334 0.5347222222222222 0.51328125 0.5347222222222222 0.5138020833333333 0.5356481481481481 0.51484375 0.5365740740740741 0.5158854166666667 0.538425925925926 0.5161458333333333 0.5393518518518519 0.5161458333333333 0.5402777777777777 0.51640625 0.5407407407407407 0.51640625 0.5416666666666666 0.5166666666666667 0.5421296296296296 0.5166666666666667 0.5435185185185185 0.5169270833333334 0.5439814814814815 0.5169270833333334 0.5458333333333333 0.5166666666666667 0.5462962962962963 0.5166666666666667 0.5476851851851852 0.51640625 0.5481481481481482 0.51640625 0.55 0.5161458333333333 0.5504629629629629 0.5161458333333333 0.5708333333333333 0.5158854166666667 0.5712962962962963 0.5161458333333333 0.5722222222222222 0.5161458333333333 0.5740740740740741 0.5169270833333334 0.5768518518518518 0.5177083333333333 0.5782407407407407 0.5190104166666667 0.5782407407407407 0.5192708333333333 0.5787037037037037 0.521875 0.5787037037037037 0.5223958333333333 0.5777777777777777 0.5229166666666667 0.5777777777777777 0.5239583333333333 0.5768518518518518 0.5247395833333334 0.5768518518518518 0.5247395833333334 0.5763888888888888 0.5255208333333333 0.5745370370370371 0.5255208333333333 0.5731481481481482 0.52578125 0.5726851851851852 0.52578125 0.5606481481481481 0.5260416666666666 0.5601851851851852 0.5260416666666666 0.5564814814814815 0.52578125 0.5560185185185185 0.52578125 0.5467592592592593 0.5260416666666666 0.5462962962962963 0.5260416666666666 0.5416666666666666 0.5263020833333333 0.5412037037037037 0.5263020833333333 0.5393518518518519 0.5265625 0.538425925925926 0.528125 0.5356481481481481 0.5291666666666667 0.5347222222222222 0.53046875 0.5324074074074074 0.53046875 0.5319444444444444 0.5309895833333333 0.5310185185185186 0.53125 0.5300925925925926 0.53125 0.5287037037037037 0.5315104166666667 0.5282407407407408 0.5315104166666667 0.5268518518518519 0.5317708333333333 0.5263888888888889 0.5317708333333333 0.524074074074074 0.5299479166666666 0.5185185185185185 0.5299479166666666 0.5152777777777777 0.5302083333333333 0.5148148148148148 0.5302083333333333 0.5138888888888888 0.53046875 0.513425925925926 0.53046875 0.5120370370370371 0.5307291666666667 0.5115740740740741 0.5307291666666667 0.5078703703703704 0.53046875 0.5074074074074074 0.5302083333333333 0.5041666666666667 0.5291666666666667 0.5023148148148148 0.5286458333333334 0.5023148148148148 0.5283854166666667 0.5018518518518519 0.5278645833333333 0.5018518518518519 0.5276041666666667 0.5013888888888889 0.5270833333333333 0.5013888888888889 0.5263020833333333 0.500462962962963 0.5255208333333333 0.500462962962963 0.5252604166666667 0.5 0.5234375 0.5 0.5231770833333333 0.49953703703703706
1 0.5736979166666667 0.65 0.57265625 0.6462962962962963 0.5713541666666667 0.6439814814814815 0.56875 0.6416666666666667 0.5658854166666667 0.6416666666666667 0.565625 0.6421296296296296 0.56328125 0.6421296296296296 0.5630208333333333 0.6425925925925926 0.5609375 0.6425925925925926 0.5606770833333333 0.6430555555555556 0.5583333333333333 0.6430555555555556 0.5580729166666667 0.6435185185185185 0.55703125 0.6435185185185185 0.5559895833333334 0.6444444444444445 0.5557291666666667 0.6453703703703704 0.5544270833333333 0.6476851851851851 0.5541666666666667 0.649074074074074 0.5536458333333333 0.65 0.5536458333333333 0.6509259259259259 0.553125 0.6527777777777778 0.5518229166666667 0.6550925925925926 0.5513020833333333 0.6550925925925926 0.5502604166666667 0.6560185185185186 0.5494791666666666 0.6560185185185186 0.54921875 0.6564814814814814 0.5481770833333334 0.6564814814814814 0.5479166666666667 0.6569444444444444 0.5471354166666667 0.6569444444444444 0.5463541666666667 0.6578703703703703 0.5458333333333333 0.6578703703703703 0.5447916666666667 0.6587962962962963 0.5440104166666667 0.6587962962962963 0.54375 0.6592592592592592 0.5427083333333333 0.6592592592592592 0.5424479166666667 0.6597222222222222 0.5408854166666667 0.6597222222222222 0.540625 0.6601851851851852 0.5385416666666667 0.6601851851851852 0.53828125 0.6606481481481481 0.5364583333333334 0.6606481481481481 0.5361979166666667 0.6611111111111111 0.5338541666666666 0.6615740740740741 0.5328125 0.6625 0.53203125 0.6638888888888889 0.5317708333333333 0.6638888888888889 0.5315104166666667 0.6652777777777777 0.5296875 0.6689814814814815 0.5296875 0.6722222222222223 0.5299479166666666 0.6726851851851852 0.5299479166666666 0.674074074074074 0.5302083333333333 0.674537037037037 0.5302083333333333 0.6763888888888889 0.5307291666666667 0.6782407407407407 0.5325520833333334 0.6810185185185185 0.5346354166666667 0.6810185185185185 0.5348958333333333 0.6805555555555556 0.5361979166666667 0.6805555555555556 0.5364583333333334 0.6800925925925926 0.5377604166666666 0.6800925925925926 0.5380208333333333 0.6796296296296296 0.5395833333333333 0.6796296296296296 0.53984375 0.6791666666666667 0.5411458333333333 0.6791666666666667 0.54140625 0.6787037037037037 0.5421875 0.6787037037037037 0.5424479166666667 0.6782407407407407 0.5434895833333333 0.6782407407407407 0.54375 0.6777777777777778 0.5453125 0.6777777777777778 0.5455729166666666 0.6773148148148148 0.5466145833333333 0.6773148148148148 0.546875 0.6768518518518518 0.5481770833333334 0.6768518518518518 0.5484375 0.6763888888888889 0.54921875 0.6763888888888889 0.5494791666666666 0.6759259259259259 0.55 0.6759259259259259 0.5520833333333334 0.674074074074074 0.5533854166666666 0.674074074074074 0.5536458333333333 0.674537037037037 0.5544270833333333 0.674537037037037 0.5546875 0.675 0.5559895833333334 0.6754629629629629 0.5567708333333333 0.6768518518518518 0.5567708333333333 0.6773148148148148 0.5575520833333333 0.6787037037037037 0.5575520833333333 0.6791666666666667 0.5583333333333333 0.6805555555555556 0.55859375 0.6805555555555556 0.5596354166666667 0.6819444444444445 0.5609375 0.6824074074074075 0.5611979166666666 0.6819444444444445 0.5625 0.6814814814814815 0.5640625 0.6800925925925926 0.5658854166666667 0.6777777777777778 0.56640625 0.6777777777777778 0.5674479166666667 0.6768518518518518 0.5682291666666667 0.6768518518518518 0.5684895833333333 0.6763888888888889 0.5700520833333333 0.6763888888888889 0.5703125 0.6759259259259259 0.5716145833333334 0.6759259259259259 0.571875 0.6754629629629629 0.5723958333333333 0.6754629629629629 0.57421875 0.6722222222222223 0.57421875 0.6717592592592593 0.5747395833333333 0.6708333333333333 0.5747395833333333 0.6699074074074074 0.575 0.6694444444444444 0.575 0.6606481481481481 0.5747395833333333 0.6601851851851852 0.5747395833333333 0.6574074074074074 0.5744791666666667 0.6569444444444444 0.5744791666666667 0.6550925925925926 0.5739583333333333 0.6532407407407408
1 0.5481770833333334 0.737037037037037 0.5481770833333334 0.7379629629629629 0.5479166666666667 0.7384259259259259 0.5479166666666667 0.7398148148148148 0.54765625 0.7402777777777778 0.54765625 0.7421296296296296 0.5473958333333333 0.7425925925925926 0.5473958333333333 0.7439814814814815 0.5471354166666667 0.7444444444444445 0.5471354166666667 0.7458333333333333 0.546875 0.7462962962962963 0.546875 0.750462962962963 0.5466145833333333 0.7509259259259259 0.5466145833333333 0.7555555555555555 0.5463541666666667 0.7560185185185185 0.5463541666666667 0.7620370370370371 0.5466145833333333 0.7625 0.5466145833333333 0.7643518518518518 0.546875 0.7648148148148148 0.5471354166666667 0.7666666666666667 0.54765625 0.7675925925925926 0.5486979166666667 0.7680555555555556 0.5489583333333333 0.7685185185185185 0.5518229166666667 0.7685185185185185 0.5520833333333334 0.7680555555555556 0.55625 0.7680555555555556 0.5588541666666667 0.7717592592592593 0.5598958333333334 0.7726851851851851 0.5611979166666666 0.7726851851851851 0.5622395833333333 0.7717592592592593 0.56328125 0.7699074074074074 0.5635416666666667 0.7680555555555556 0.5640625 0.7666666666666667 0.5640625 0.7657407407407407 0.56484375 0.7638888888888888 0.5653645833333333 0.7638888888888888 0.565625 0.763425925925926 0.5671875 0.763425925925926 0.5674479166666667 0.762962962962963 0.56875 0.762962962962963 0.5690104166666666 0.763425925925926 0.5703125 0.763425925925926 0.5705729166666667 0.7638888888888888 0.5723958333333333 0.7638888888888888 0.57265625 0.7643518518518518 0.5752604166666667 0.7643518518518518 0.5755208333333334 0.7648148148148148 0.57734375 0.7648148148148148 0.5776041666666667 0.7652777777777777 0.5794270833333334 0.7652777777777777 0.5796875 0.7657407407407407 0.5809895833333333 0.7657407407407407 0.58125 0.7662037037037037 0.5830729166666667 0.7662037037037037 0.5833333333333334 0.7666666666666667 0.5848958333333333 0.7666666666666667 0.58515625 0.7671296296296296 0.5864583333333333 0.7671296296296296 0.58671875 0.7675925925925926 0.58828125 0.7675925925925926 0.5885416666666666 0.7671296296296296 0.5890625 0.7671296296296296 0.5901041666666667 0.7662037037037037 0.5901041666666667 0.7657407407407407 0.5908854166666667 0.7643518518518518 0.5911458333333334 0.7625 0.5916666666666667 0.7611111111111111 0.5916666666666667 0.7597222222222222 0.5919270833333333 0.7592592592592593 0.5919270833333333 0.7560185185185185 0.5921875 0.7555555555555555 0.5921875 0.7532407407407408 0.5919270833333333 0.7527777777777778 0.5919270833333333 0.7518518518518519 0.5903645833333333 0.749537037037037 0.58828125 0.7476851851851852 0.5875 0.7476851851851852 0.5872395833333334 0.7472222222222222 0.5848958333333333 0.7472222222222222 0.5846354166666666 0.7467592592592592 0.5825520833333333 0.7467592592592592 0.5822916666666667 0.7472222222222222 0.5794270833333334 0.7472222222222222 0.5791666666666667 0.7467592592592592 0.5776041666666667 0.7467592592592592 0.57734375 0.7462962962962963 0.57578125 0.7462962962962963 0.5755208333333334 0.7458333333333333 0.5739583333333333 0.7458333333333333 0.5736979166666667 0.7453703703703703 0.5692708333333333 0.7453703703703703 0.5690104166666666 0.7449074074074075 0.5671875 0.7449074074074075 0.5669270833333333 0.7444444444444445 0.5658854166666667 0.7439814814814815 0.5651041666666666 0.7425925925925926 0.5645833333333333 0.7407407407407407 0.5643229166666667 0.7384259259259259 0.5638020833333334 0.737037037037037 0.5638020833333334 0.7361111111111112 0.5625 0.7337962962962963 0.5614583333333333 0.7333333333333333 0.5611979166666666 0.7328703703703704 0.5598958333333334 0.7328703703703704 0.5596354166666667 0.7333333333333333 0.5588541666666667 0.7333333333333333 0.5567708333333333 0.7351851851851852 0.5559895833333334 0.7351851851851852 0.5552083333333333 0.7342592592592593 0.5546875 0.7342592592592593 0.5536458333333333 0.7333333333333333 0.55 0.7333333333333333 0.5489583333333333 0.7342592592592593
1 0.5325520833333334 0.8587962962962963 0.5315104166666667 0.8587962962962963 0.53125 0.8583333333333333 0.5299479166666666 0.8583333333333333 0.5296875 0.8578703703703704 0.5294270833333333 0.8583333333333333 0.528125 0.8583333333333333 0.52578125 0.8606481481481482 0.525 0.8634259259259259 0.525 0.8652777777777778 0.5247395833333334 0.8657407407407407 0.5247395833333334 0.8703703703703703 0.5244791666666667 0.8708333333333333 0.5244791666666667 0.874537037037037 0.52421875 0.875 0.52421875 0.8777777777777778 0.5239583333333333 0.8782407407407408 0.5239583333333333 0.8800925925925925 0.5236979166666667 0.8805555555555555 0.5234375 0.8828703703703704 0.521875 0.8861111111111111 0.521875 0.8870370370370371 0.52109375 0.8888888888888888 0.5208333333333334 0.8902777777777777 0.5203125 0.8912037037037037 0.5203125 0.8921296296296296 0.5200520833333333 0.8925925925925926 0.5200520833333333 0.8935185185185185 0.5203125 0.8939814814814815 0.5203125 0.8953703703703704 0.5208333333333334 0.8972222222222223 0.5208333333333334 0.9 0.51953125 0.9018518518518519 0.5190104166666667 0.9018518518518519 0.51875 0.9023148148148148 0.51796875 0.9023148148148148 0.5169270833333334 0.9032407407407408 0.5161458333333333 0.9046296296296297 0.515625 0.9064814814814814 0.515625 0.9078703703703703 0.5158854166666667 0.9083333333333333 0.5158854166666667 0.9162037037037037 0.515625 0.9166666666666666 0.515625 0.9189814814814815 0.5153645833333333 0.9194444444444444 0.5153645833333333 0.9208333333333333 0.5151041666666667 0.9212962962962963 0.5151041666666667 0.9226851851851852 0.51484375 0.9231481481481482 0.51484375 0.925 0.5145833333333333 0.9254629629629629 0.5145833333333333 0.9268518518518518 0.5143229166666666 0.9273148148148148 0.5143229166666666 0.9296296296296296 0.5140625 0.9300925925925926 0.5140625 0.9337962962962963 0.5143229166666666 0.9347222222222222 0.51484375 0.9351851851851852 0.5161458333333333 0.9375 0.51640625 0.9375 0.5177083333333333 0.9393518518518519 0.5190104166666667 0.9402777777777778 0.51953125 0.9412037037037037 0.5205729166666667 0.9421296296296297 0.52109375 0.9421296296296297 0.5213541666666667 0.9425925925925925 0.5229166666666667 0.9425925925925925 0.5231770833333333 0.9430555555555555 0.5294270833333333 0.9430555555555555 0.53046875 0.9416666666666667 0.5307291666666667 0.9416666666666667 0.5317708333333333 0.9398148148148148 0.53203125 0.9384259259259259 0.5325520833333334 0.9375 0.5325520833333334 0.9361111111111111 0.5328125 0.9356481481481481 0.5328125 0.9333333333333333 0.5330729166666667 0.9328703703703703 0.5330729166666667 0.9310185185185185 0.5328125 0.9305555555555556 0.5328125 0.9263888888888889 0.5330729166666667 0.9259259259259259 0.5330729166666667 0.9236111111111112 0.5333333333333333 0.9231481481481482 0.5333333333333333 0.9222222222222223 0.53359375 0.9217592592592593 0.53359375 0.9208333333333333 0.5341145833333333 0.9189814814814815 0.5346354166666667 0.9180555555555555 0.5354166666666667 0.9152777777777777 0.5361979166666667 0.9138888888888889 0.5359375 0.912962962962963 0.53515625 0.9115740740740741 0.5348958333333333 0.9115740740740741 0.5325520833333334 0.9069444444444444 0.5325520833333334 0.9055555555555556 0.5322916666666667 0.9050925925925926 0.5322916666666667 0.9041666666666667 0.5325520833333334 0.9037037037037037 0.5325520833333334 0.8972222222222223 0.5328125 0.8967592592592593 0.5328125 0.8925925925925926 0.5330729166666667 0.8921296296296296 0.5330729166666667 0.8870370370370371 0.5333333333333333 0.8865740740740741 0.5333333333333333 0.8824074074074074 0.53359375 0.8819444444444444 0.53359375 0.8768518518518519 0.5338541666666666 0.8763888888888889 0.5338541666666666 0.8726851851851852 0.5341145833333333 0.8722222222222222 0.5341145833333333 0.8675925925925926 0.534375 0.8671296296296296 0.534375 0.8629629629629629 0.5341145833333333 0.8625 0.5341145833333333 0.861574074074074 0.5338541666666666 0.8606481481481482
1 0.5934895833333333 0.8134259259259259 0.5911458333333334 0.8171296296296297 0.5908854166666667 0.8199074074074074 0.590625 0.8203703703703704 0.590625 0.8236111111111111 0.5911458333333334 0.825 0.5911458333333334 0.825925925925926 0.5916666666666667 0.8273148148148148 0.5916666666666667 0.8282407407407407 0.5921875 0.8300925925925926 0.5932291666666667 0.8319444444444445 0.5942708333333333 0.8356481481481481 0.59453125 0.8384259259259259 0.5950520833333334 0.8402777777777778 0.5950520833333334 0.8421296296296297 0.5953125 0.8425925925925926 0.5953125 0.8435185185185186 0.5955729166666667 0.8439814814814814 0.59609375 0.8476851851851852 0.5966145833333333 0.8490740740740741 0.5966145833333333 0.85 0.5973958333333333 0.8527777777777777 0.5981770833333333 0.8546296296296296 0.5981770833333333 0.8555555555555555 0.5989583333333334 0.8578703703703704 0.5989583333333334 0.8587962962962963 0.5994791666666667 0.8597222222222223 0.5994791666666667 0.8606481481481482 0.6 0.862037037037037 0.6 0.8652777777777778 0.5994791666666667 0.8671296296296296 0.5989583333333334 0.8680555555555556 0.5986979166666667 0.8694444444444445 0.5981770833333333 0.8703703703703703 0.5981770833333333 0.8712962962962963 0.5979166666666667 0.8717592592592592 0.5979166666666667 0.8773148148148148 0.5989583333333334 0.8810185185185185 0.60078125 0.8856481481481482 0.6015625 0.8912037037037037 0.603125 0.8944444444444445 0.6067708333333334 0.8976851851851851 0.6080729166666666 0.8972222222222223 0.6098958333333333 0.8953703703703704 0.6104166666666667 0.8953703703703704 0.6106770833333334 0.8949074074074074 0.6111979166666667 0.8949074074074074 0.6114583333333333 0.8944444444444445 0.6119791666666666 0.8944444444444445 0.6122395833333333 0.8939814814814815 0.6127604166666667 0.8939814814814815 0.6138020833333333 0.8930555555555556 0.61484375 0.8930555555555556 0.6161458333333333 0.8916666666666667 0.6171875 0.8912037037037037 0.6192708333333333 0.887962962962963 0.6197916666666666 0.8861111111111111 0.6197916666666666 0.8847222222222222 0.6200520833333333 0.8842592592592593 0.6197916666666666 0.8837962962962963 0.6197916666666666 0.8791666666666667 0.61953125 0.8787037037037037 0.61953125 0.8773148148148148 0.6182291666666667 0.8726851851851852 0.6166666666666667 0.8694444444444445 0.6158854166666666 0.8666666666666667 0.615625 0.8643518518518518 0.6145833333333334 0.8611111111111112 0.6143229166666667 0.8611111111111112 0.6130208333333333 0.8592592592592593 0.61015625 0.8569444444444444 0.6083333333333333 0.8541666666666666 0.6059895833333333 0.8458333333333333 0.60546875 0.8421296296296297 0.6046875 0.8398148148148148 0.6046875 0.8388888888888889 0.6041666666666666 0.8375 0.6041666666666666 0.836574074074074 0.6028645833333334 0.8324074074074074 0.6028645833333334 0.8314814814814815 0.60078125 0.8245370370370371 0.60078125 0.8236111111111111 0.6 0.8208333333333333 0.5984375 0.8171296296296297 0.5981770833333333 0.8157407407407408 0.5966145833333333 0.812962962962963 0.59609375 0.8125 0.59453125 0.8125
1 0.64453125 0.9537037037037037 0.6442708333333333 0.9532407407407407 0.6442708333333333 0.9523148148148148 0.6434895833333333 0.9495370370370371 0.6424479166666667 0.9476851851851852 0.6408854166666667 0.9462962962962963 0.6403645833333333 0.9462962962962963 0.6401041666666667 0.9458333333333333 0.6395833333333333 0.9458333333333333 0.6385416666666667 0.9449074074074074 0.63671875 0.9449074074074074 0.6364583333333333 0.9444444444444444 0.63515625 0.9444444444444444 0.6346354166666667 0.9435185185185185 0.6330729166666667 0.9421296296296297 0.6322916666666667 0.9421296296296297 0.63203125 0.9416666666666667 0.6302083333333334 0.9416666666666667 0.6299479166666667 0.9421296296296297 0.6294270833333333 0.9421296296296297 0.6291666666666667 0.9425925925925925 0.6286458333333333 0.9425925925925925 0.6283854166666667 0.9430555555555555 0.6278645833333333 0.9430555555555555 0.6268229166666667 0.9439814814814815 0.62265625 0.9495370370370371 0.6177083333333333 0.9495370370370371 0.6174479166666667 0.95 0.6127604166666667 0.95 0.6125 0.950462962962963 0.6033854166666667 0.950462962962963 0.603125 0.950925925925926 0.60234375 0.950925925925926 0.6020833333333333 0.9513888888888888 0.60078125 0.9518518518518518 0.5997395833333333 0.9532407407407407 0.59921875 0.9550925925925926 0.59921875 0.9564814814814815 0.5989583333333334 0.9569444444444445 0.5989583333333334 0.9601851851851851 0.5986979166666667 0.9606481481481481 0.5989583333333334 0.961574074074074 0.5989583333333334 0.9652777777777778 0.59921875 0.9657407407407408 0.59921875 0.9671296296296297 0.5994791666666667 0.9675925925925926 0.5997395833333333 0.9699074074074074 0.6002604166666666 0.9708333333333333 0.6018229166666667 0.9722222222222222 0.6026041666666667 0.9722222222222222 0.6028645833333334 0.9726851851851852 0.6046875 0.9726851851851852 0.6049479166666667 0.9722222222222222 0.6091145833333333 0.9722222222222222 0.609375 0.9726851851851852 0.6104166666666667 0.9726851851851852 0.6106770833333334 0.9731481481481481 0.6130208333333333 0.9731481481481481 0.61328125 0.9726851851851852 0.6161458333333333 0.9726851851851852 0.61640625 0.9731481481481481 0.61875 0.9731481481481481 0.6190104166666667 0.9736111111111111 0.6203125 0.9736111111111111 0.6205729166666667 0.9740740740740741 0.62109375 0.9740740740740741 0.6221354166666667 0.975 0.6260416666666667 0.9824074074074074 0.6276041666666666 0.9824074074074074 0.628125 0.9814814814814815 0.6283854166666667 0.9814814814814815 0.62890625 0.9805555555555555 0.6299479166666667 0.9796296296296296 0.63046875 0.9796296296296296 0.6315104166666666 0.9787037037037037 0.6328125 0.9787037037037037 0.6330729166666667 0.9782407407407407 0.6354166666666666 0.9782407407407407 0.6356770833333333 0.9787037037037037 0.6364583333333333 0.9787037037037037 0.63671875 0.9791666666666666 0.6380208333333334 0.9791666666666666 0.63828125 0.9796296296296296 0.6395833333333333 0.9796296296296296 0.63984375 0.9791666666666666 0.6416666666666667 0.9791666666666666 0.6421875 0.9787037037037037 0.6421875 0.9782407407407407 0.6427083333333333 0.9773148148148149 0.6427083333333333 0.9763888888888889 0.64296875 0.975925925925926 0.64296875 0.9745370370370371 0.6432291666666666 0.9740740740740741 0.6432291666666666 0.9726851851851852 0.6434895833333333 0.9722222222222222 0.6434895833333333 0.9708333333333333 0.64375 0.9703703703703703 0.64375 0.9689814814814814 0.6440104166666667 0.9685185185185186 0.6440104166666667 0.9666666666666667 0.6442708333333333 0.9662037037037037 0.6442708333333333 0.9643518518518519 0.64453125 0.9638888888888889
1 0.76796875 0.737037037037037 0.7669270833333334 0.7384259259259259 0.7666666666666667 0.7384259259259259 0.765625 0.7402777777777778 0.7653645833333333 0.7402777777777778 0.7645833333333333 0.7430555555555556 0.7640625 0.7439814814814815 0.7640625 0.7449074074074075 0.7638020833333333 0.7453703703703703 0.7638020833333333 0.7574074074074074 0.7640625 0.7578703703703704 0.7640625 0.7611111111111111 0.7638020833333333 0.7615740740740741 0.7638020833333333 0.7643518518518518 0.7635416666666667 0.7648148148148148 0.7635416666666667 0.7671296296296296 0.7638020833333333 0.7675925925925926 0.7638020833333333 0.7689814814814815 0.7640625 0.7694444444444445 0.7640625 0.7703703703703704 0.76484375 0.7717592592592593 0.76484375 0.7722222222222223 0.76796875 0.7777777777777778 0.7682291666666666 0.7777777777777778 0.7690104166666667 0.7791666666666667 0.7692708333333333 0.7791666666666667 0.7705729166666667 0.7814814814814814 0.7708333333333334 0.7824074074074074 0.7708333333333334 0.7837962962962963 0.77109375 0.7842592592592592 0.77109375 0.7861111111111111 0.7713541666666667 0.7865740740740741 0.7713541666666667 0.7888888888888889 0.7716145833333333 0.7893518518518519 0.7716145833333333 0.7916666666666666 0.771875 0.7921296296296296 0.771875 0.7939814814814815 0.7721354166666666 0.7944444444444444 0.7721354166666666 0.7962962962962963 0.7723958333333333 0.7967592592592593 0.7723958333333333 0.7986111111111112 0.77265625 0.799074074074074 0.77265625 0.8013888888888889 0.7729166666666667 0.8018518518518518 0.7729166666666667 0.8037037037037037 0.7731770833333333 0.8041666666666667 0.7731770833333333 0.8055555555555556 0.7734375 0.8060185185185185 0.7734375 0.8078703703703703 0.7736979166666667 0.8083333333333333 0.7736979166666667 0.8097222222222222 0.7739583333333333 0.8101851851851852 0.7739583333333333 0.8111111111111111 0.77421875 0.8115740740740741 0.77421875 0.8125 0.7744791666666667 0.812962962962963 0.7744791666666667 0.8138888888888889 0.7747395833333334 0.8143518518518519 0.775 0.8162037037037037 0.7760416666666666 0.8180555555555555 0.7765625 0.8180555555555555 0.7776041666666667 0.8189814814814815 0.7783854166666667 0.8189814814814815 0.7786458333333334 0.8194444444444444 0.7802083333333333 0.8194444444444444 0.78046875 0.8189814814814815 0.7825520833333334 0.8189814814814815 0.7828125 0.8185185185185185 0.78359375 0.8185185185185185 0.7846354166666667 0.8175925925925925 0.78515625 0.8166666666666667 0.78515625 0.8157407407407408 0.7854166666666667 0.8152777777777778 0.7854166666666667 0.8060185185185185 0.78515625 0.8055555555555556 0.78515625 0.8004629629629629 0.7848958333333333 0.8 0.7848958333333333 0.7962962962962963 0.7846354166666667 0.7958333333333333 0.7846354166666667 0.7935185185185185 0.784375 0.7930555555555555 0.784375 0.7907407407407407 0.7841145833333333 0.7902777777777777 0.7841145833333333 0.7837962962962963 0.7838541666666666 0.7833333333333333 0.7838541666666666 0.7819444444444444 0.7841145833333333 0.7814814814814814 0.784375 0.7796296296296297 0.7848958333333333 0.7787037037037037 0.7848958333333333 0.7782407407407408 0.7864583333333334 0.774537037037037 0.78671875 0.7731481481481481 0.7872395833333333 0.7722222222222223 0.7877604166666666 0.7703703703703704 0.7877604166666666 0.7694444444444445 0.78828125 0.7680555555555556 0.78828125 0.7648148148148148 0.7880208333333333 0.7643518518518518 0.7880208333333333 0.7620370370370371 0.7877604166666666 0.7615740740740741 0.7877604166666666 0.7601851851851852 0.7875 0.7597222222222222 0.7875 0.7587962962962963 0.7869791666666667 0.7569444444444444 0.7864583333333334 0.7560185185185185 0.7864583333333334 0.7555555555555555 0.7859375 0.7546296296296297 0.7856770833333333 0.7546296296296297 0.78515625 0.7532407407407408 0.78515625 0.7467592592592592 0.7848958333333333 0.7462962962962963 0.7848958333333333 0.7449074074074075 0.78359375 0.7402777777777778 0.78046875 0.7375 0.7796875 0.7375 0.7794270833333333 0.737037037037037 0.778125 0.737037037037037 0.7778645833333333 0.736574074074074 0.7755208333333333 0.736574074074074 0.7752604166666667 0.7361111111111112 0.7700520833333333 0.7361111111111112 0.7697916666666667 0.736574074074074
1 0.9065104166666667 0.9296296296296296 0.9059895833333333 0.9305555555555556 0.9052083333333333 0.9333333333333333 0.9052083333333333 0.9407407407407408 0.90546875 0.9412037037037037 0.9057291666666667 0.9435185185185185 0.90625 0.9449074074074074 0.90625 0.9458333333333333 0.9067708333333333 0.9472222222222222 0.9067708333333333 0.9481481481481482 0.9075520833333334 0.950462962962963 0.9075520833333334 0.9513888888888888 0.909375 0.9578703703703704 0.909375 0.9587962962962963 0.9098958333333333 0.9601851851851851 0.9098958333333333 0.9611111111111111 0.9104166666666667 0.9625 0.9104166666666667 0.9634259259259259 0.9109375 0.9648148148148148 0.9109375 0.9657407407407408 0.9119791666666667 0.9694444444444444 0.9119791666666667 0.9703703703703703 0.9125 0.9722222222222222 0.9125 0.9736111111111111 0.9130208333333333 0.975 0.9130208333333333 0.975925925925926 0.9138020833333333 0.9782407407407407 0.9138020833333333 0.9791666666666666 0.9143229166666667 0.9810185185185185 0.9143229166666667 0.9837962962962963 0.91328125 0.9875 0.9127604166666666 0.9884259259259259 0.9122395833333333 0.9902777777777778 0.9122395833333333 0.9944444444444445 0.9119791666666667 0.9953703703703703 0.9122395833333333 0.9958333333333333 0.9122395833333333 0.9967592592592592 0.9125 0.9976851851851852 0.91328125 0.9981481481481481 0.9138020833333333 0.9990740740740741 0.9138020833333333 0.999537037037037 0.9359375 0.999537037037037 0.9359375 0.9990740740740741 0.9369791666666667 0.9972222222222222 0.9369791666666667 0.9953703703703703 0.9359375 0.9925925925925926 0.9359375 0.9916666666666667 0.9354166666666667 0.9907407407407407 0.9354166666666667 0.9898148148148148 0.9348958333333334 0.9879629629629629 0.9346354166666667 0.9819444444444444 0.934375 0.9814814814814815 0.934375 0.9805555555555555 0.9341145833333333 0.9800925925925926 0.9341145833333333 0.9791666666666666 0.93359375 0.9773148148148149 0.93203125 0.9745370370370371 0.9317708333333333 0.9745370370370371 0.9294270833333333 0.9708333333333333 0.92890625 0.9685185185185186 0.9283854166666666 0.9675925925925926 0.9283854166666666 0.9671296296296297 0.9278645833333333 0.9662037037037037 0.92734375 0.9643518518518519 0.9265625 0.9629629629629629 0.9265625 0.9625 0.92578125 0.9611111111111111 0.92578125 0.9606481481481481 0.9247395833333333 0.9587962962962963 0.9239583333333333 0.9560185185185185 0.9221354166666667 0.9523148148148148 0.9221354166666667 0.9518518518518518 0.92109375 0.9495370370370371 0.9203125 0.9462962962962963 0.9197916666666667 0.9453703703703704 0.9184895833333333 0.9407407407407408 0.9184895833333333 0.9398148148148148 0.91796875 0.9388888888888889 0.91796875 0.9384259259259259 0.9174479166666667 0.9375 0.9174479166666667 0.937037037037037 0.9169270833333333 0.9361111111111111 0.91640625 0.9342592592592592 0.9145833333333333 0.9310185185185185 0.9130208333333333 0.9296296296296296 0.9125 0.9296296296296296 0.9122395833333333 0.9291666666666667 0.9106770833333333 0.9291666666666667 0.9104166666666667 0.9287037037037037 0.9091145833333333 0.9287037037037037 0.9088541666666666 0.9282407407407407 0.9080729166666667 0.9282407407407407
2 0.7322916666666667 0.2875 0.7203125 0.30416666666666664 0.7182291666666667 0.30833333333333335 0.7169270833333333 0.3138888888888889 0.7169270833333333 0.31666666666666665 0.7200520833333334 0.325 0.7216145833333333 0.32592592592592595 0.72421875 0.325 0.7286458333333333 0.3199074074074074 0.7322916666666667 0.32175925925925924 0.73359375 0.3287037037037037 0.7395833333333334 0.3435185185185185 0.7536458333333333 0.37546296296296294 0.75625 0.38287037037037036 0.7598958333333333 0.38935185185185184 0.7653645833333333 0.40185185185185185 0.7684895833333333 0.4111111111111111 0.778125 0.43333333333333335 0.7817708333333333 0.44027777777777777 0.7971354166666667 0.4759259259259259 0.8015625 0.48333333333333334 0.8059895833333334 0.48703703703703705 0.8075520833333333 0.48703703703703705 0.8091145833333333 0.48564814814814816 0.8130208333333333 0.47824074074074074 0.81328125 0.47453703703703703 0.8122395833333333 0.4708333333333333 0.8088541666666667 0.46435185185185185 0.7841145833333333 0.40324074074074073 0.7770833333333333 0.38842592592592595 0.76484375 0.3574074074074074 0.7471354166666667 0.3162037037037037 0.74296875 0.30787037037037035 0.74296875 0.30185185185185187 0.7471354166666667 0.29444444444444445 0.746875 0.28703703703703703 0.7440104166666667 0.28194444444444444 0.7393229166666667 0.28194444444444444
2 0.809375 0.4861111111111111 0.80859375 0.49027777777777776 0.8098958333333334 0.49583333333333335 0.8114583333333333 0.4986111111111111 0.8138020833333334 0.5009259259259259 0.8153645833333333 0.5009259259259259 0.821875 0.4976851851851852 0.825 0.4986111111111111 0.8270833333333333 0.5037037037037037 0.84140625 0.5296296296296297 0.8588541666666667 0.5592592592592592 0.8723958333333334 0.5847222222222223 0.87578125 0.5893518518518519 0.8861979166666667 0.6074074074074074 0.8895833333333333 0.6148148148148148 0.9018229166666667 0.6370370370370371 0.90390625 0.6393518518518518 0.9075520833333334 0.6416666666666667 0.9114583333333334 0.6412037037037037 0.91328125 0.638425925925926 0.91484375 0.6337962962962963 0.9153645833333334 0.6291666666666667 0.91484375 0.625 0.9135416666666667 0.6203703703703703 0.90859375 0.611574074074074 0.9049479166666666 0.6069444444444444 0.8869791666666667 0.575462962962963 0.8841145833333334 0.5689814814814815 0.87890625 0.5597222222222222 0.8747395833333333 0.5537037037037037 0.8635416666666667 0.5319444444444444 0.84140625 0.49166666666666664 0.8364583333333333 0.48055555555555557 0.8361979166666667 0.47314814814814815 0.83671875 0.4703703703703704 0.8364583333333333 0.462037037037037 0.834375 0.45787037037037037 0.8309895833333333 0.4550925925925926 0.8291666666666667 0.4550925925925926 0.8255208333333334 0.4587962962962963 0.8231770833333333 0.462037037037037 0.8208333333333333 0.46944444444444444 0.8182291666666667 0.4740740740740741 0.8145833333333333 0.47824074074074074
2 0.67421875 0.17037037037037037 0.6583333333333333 0.17314814814814813 0.6546875 0.17546296296296296 0.64921875 0.17731481481481481 0.6473958333333333 0.17962962962962964 0.6466145833333333 0.1824074074074074 0.646875 0.19027777777777777 0.6489583333333333 0.19212962962962962 0.6533854166666667 0.19305555555555556 0.6546875 0.19675925925925927 0.65625 0.24768518518518517 0.65703125 0.25925925925925924 0.6575520833333334 0.29212962962962963 0.66015625 0.3638888888888889 0.6606770833333333 0.39166666666666666 0.6622395833333333 0.4023148148148148 0.66328125 0.4041666666666667 0.6653645833333334 0.40555555555555556 0.6708333333333333 0.4050925925925926 0.67421875 0.40324074074074073 0.675 0.4009259259259259 0.6755208333333333 0.39537037037037037 0.6723958333333333 0.27824074074074073 0.671875 0.23657407407407408 0.6705729166666666 0.21157407407407408 0.6703125 0.1962962962962963 0.6708333333333333 0.1912037037037037 0.671875 0.18935185185185185 0.67734375 0.18703703703703703 0.6786458333333333 0.18518518518518517 0.67890625 0.17685185185185184 0.67734375 0.17175925925925925
2 0.45651041666666664 0.14583333333333334 0.4473958333333333 0.16018518518518518 0.4427083333333333 0.17083333333333334 0.44140625 0.17592592592592593 0.44140625 0.1787037037037037 0.44296875 0.1837962962962963 0.4453125 0.18796296296296297 0.4473958333333333 0.18888888888888888 0.45078125 0.18518518518518517 0.45416666666666666 0.18287037037037038 0.45546875 0.18333333333333332 0.46588541666666666 0.20555555555555555 0.4705729166666667 0.21342592592592594 0.4778645833333333 0.22824074074074074 0.51640625 0.300462962962963 0.5247395833333334 0.31712962962962965 0.5299479166666666 0.3263888888888889 0.5309895833333333 0.32731481481481484 0.5338541666666666 0.3282407407407407 0.5356770833333333 0.32592592592592595 0.5388020833333333 0.3199074074074074 0.5395833333333333 0.31712962962962965 0.5395833333333333 0.3143518518518518 0.5377604166666666 0.30787037037037035 0.5263020833333333 0.2884259259259259 0.5122395833333333 0.2611111111111111 0.5026041666666666 0.24444444444444444 0.49192708333333335 0.22314814814814815 0.48072916666666665 0.1986111111111111 0.46927083333333336 0.17592592592592593 0.46510416666666665 0.16898148148148148 0.4640625 0.16435185185185186 0.4640625 0.16111111111111112 0.46458333333333335 0.1587962962962963 0.46640625 0.1550925925925926 0.4669270833333333 0.15092592592592594 0.4666666666666667 0.14907407407407408 0.4622395833333333 0.1425925925925926 0.4588541666666667 0.14351851851851852
3 0.16927083333333334 0.46064814814814814 0.16588541666666667 0.46574074074074073 0.16510416666666666 0.46805555555555556 0.16510416666666666 0.4703703703703704 0.16536458333333334 0.4708333333333333 0.16588541666666667 0.47453703703703703 0.16666666666666666 0.4773148148148148 0.1671875 0.47824074074074074 0.16848958333333333 0.4837962962962963 0.17291666666666666 0.4949074074074074 0.17317708333333334 0.4962962962962963 0.17447916666666666 0.49907407407407406 0.17578125 0.5041666666666667 0.17682291666666666 0.5069444444444444 0.17864583333333334 0.5106481481481482 0.17916666666666667 0.5125 0.17916666666666667 0.513425925925926 0.17994791666666668 0.5157407407407407 0.1796875 0.5175925925925926 0.17682291666666666 0.5222222222222223 0.17604166666666668 0.524537037037037 0.17682291666666666 0.5314814814814814 0.17994791666666668 0.5393518518518519 0.18203125 0.5430555555555555 0.18359375 0.5444444444444444 0.18463541666666666 0.5458333333333333 0.18619791666666666 0.5458333333333333 0.1875 0.5444444444444444 0.1890625 0.5439814814814815 0.190625 0.5425925925925926 0.19114583333333332 0.5425925925925926 0.1921875 0.5416666666666666 0.19296875 0.5416666666666666 0.19375 0.5407407407407407 0.19427083333333334 0.5407407407407407 0.19505208333333332 0.5398148148148149 0.196875 0.5388888888888889 0.20026041666666666 0.5356481481481481 0.20520833333333333 0.5291666666666667 0.2078125 0.524074074074074 0.20963541666666666 0.5175925925925926 0.20963541666666666 0.5157407407407407 0.209375 0.5152777777777777 0.209375 0.513425925925926 0.20911458333333333 0.512962962962963 0.20885416666666667 0.5106481481481482 0.20651041666666667 0.5050925925925925 0.20546875 0.5013888888888889 0.20416666666666666 0.49907407407407406 0.20260416666666667 0.4986111111111111 0.20234375 0.4981481481481482 0.20052083333333334 0.4981481481481482 0.19895833333333332 0.49953703703703706 0.19713541666666667 0.5 0.196875 0.500462962962963 0.1953125 0.49953703703703706 0.19453125 0.4981481481481482 0.19348958333333333 0.49444444444444446 0.18645833333333334 0.4759259259259259 0.18411458333333333 0.4675925925925926 0.18255208333333334 0.4638888888888889 0.18020833333333333 0.4597222222222222 0.178125 0.45787037037037037 0.17734375 0.45787037037037037 0.17708333333333334 0.45740740740740743 0.17317708333333334 0.45740740740740743
3 0.3424479166666667 0.38564814814814813 0.3424479166666667 0.387037037037037 0.3416666666666667 0.3912037037037037 0.3416666666666667 0.4027777777777778 0.3419270833333333 0.40324074074074073 0.3421875 0.4060185185185185 0.34348958333333335 0.4083333333333333 0.34661458333333334 0.4101851851851852 0.34739583333333335 0.4111111111111111 0.34869791666666666 0.4115740740740741 0.35546875 0.41759259259259257 0.3619791666666667 0.4212962962962963 0.3645833333333333 0.4236111111111111 0.36666666666666664 0.42407407407407405 0.36796875 0.425 0.36875 0.4263888888888889 0.3690104166666667 0.42777777777777776 0.36953125 0.43472222222222223 0.37135416666666665 0.44166666666666665 0.3731770833333333 0.44537037037037036 0.37473958333333335 0.44675925925925924 0.37604166666666666 0.4486111111111111 0.37942708333333336 0.45046296296296295 0.3802083333333333 0.4513888888888889 0.38203125 0.4513888888888889 0.38229166666666664 0.45092592592592595 0.3841145833333333 0.45046296296296295 0.38671875 0.4476851851851852 0.38984375 0.44212962962962965 0.3921875 0.43657407407407406 0.3924479166666667 0.4351851851851852 0.39375 0.43194444444444446 0.3958333333333333 0.42824074074074076 0.3984375 0.42083333333333334 0.39895833333333336 0.4166666666666667 0.39947916666666666 0.4148148148148148 0.39947916666666666 0.4134259259259259 0.3997395833333333 0.412962962962963 0.3997395833333333 0.4046296296296296 0.39895833333333336 0.4009259259259259 0.39895833333333336 0.399537037037037 0.3971354166666667 0.3939814814814815 0.3953125 0.3907407407407407 0.3932291666666667 0.38842592592592595 0.39140625 0.38564814814814813 0.3893229166666667 0.3837962962962963 0.3885416666666667 0.3837962962962963 0.38828125 0.38333333333333336 0.384375 0.38333333333333336 0.38125 0.3861111111111111 0.378125 0.3902777777777778 0.3770833333333333 0.3912037037037037 0.37604166666666666 0.3912037037037037 0.3736979166666667 0.38981481481481484 0.3729166666666667 0.3888888888888889 0.3723958333333333 0.3888888888888889 0.36796875 0.38425925925925924 0.36744791666666665 0.38425925925925924 0.36484375 0.3819444444444444 0.36354166666666665 0.3814814814814815 0.36223958333333334 0.3800925925925926 0.36171875 0.3800925925925926 0.35833333333333334 0.3773148148148148 0.35598958333333336 0.3763888888888889 0.35572916666666665 0.37592592592592594 0.3533854166666667 0.37546296296296294 0.353125 0.375 0.3494791666666667 0.375 0.34921875 0.37546296296296294 0.3484375 0.37546296296296294 0.3455729166666667 0.37824074074074077 0.34427083333333336 0.38055555555555554
3 0.4309895833333333 0.27870370370370373 0.42994791666666665 0.2773148148148148 0.4278645833333333 0.2763888888888889 0.42291666666666666 0.2800925925925926 0.41901041666666666 0.2814814814814815 0.4127604166666667 0.2851851851851852 0.4075520833333333 0.2847222222222222 0.40520833333333334 0.2861111111111111 0.40208333333333335 0.28888888888888886 0.39947916666666666 0.2898148148148148 0.39921875 0.2902777777777778 0.39817708333333335 0.2902777777777778 0.39791666666666664 0.29074074074074074 0.39427083333333335 0.29074074074074074 0.3924479166666667 0.28935185185185186 0.39166666666666666 0.2875 0.39140625 0.2824074074074074 0.39088541666666665 0.2800925925925926 0.3885416666666667 0.2773148148148148 0.3848958333333333 0.2777777777777778 0.38333333333333336 0.27870370370370373 0.38046875 0.2814814814814815 0.37942708333333336 0.28379629629629627 0.37890625 0.2865740740740741 0.37890625 0.28935185185185186 0.3796875 0.29398148148148145 0.37994791666666666 0.3 0.3802083333333333 0.300462962962963 0.3802083333333333 0.3023148148148148 0.3807291666666667 0.3050925925925926 0.3807291666666667 0.30787037037037035 0.3809895833333333 0.30833333333333335 0.3809895833333333 0.3106481481481482 0.3815104166666667 0.31342592592592594 0.3815104166666667 0.31574074074074077 0.38177083333333334 0.3162037037037037 0.38229166666666664 0.3212962962962963 0.3841145833333333 0.32685185185185184 0.3841145833333333 0.3277777777777778 0.38567708333333334 0.3337962962962963 0.38619791666666664 0.33796296296296297 0.38776041666666666 0.34305555555555556 0.3893229166666667 0.3458333333333333 0.39140625 0.3472222222222222 0.3971354166666667 0.34675925925925927 0.39869791666666665 0.3453703703703704 0.39947916666666666 0.3435185185185185 0.3997395833333333 0.3398148148148148 0.4 0.33935185185185185 0.4 0.3347222222222222 0.39921875 0.3300925925925926 0.3997395833333333 0.3287037037037037 0.4046875 0.325 0.4078125 0.32407407407407407 0.4080729166666667 0.3236111111111111 0.4088541666666667 0.3236111111111111 0.4153645833333333 0.32037037037037036 0.41640625 0.32037037037037036 0.41953125 0.31851851851851853 0.42265625 0.31805555555555554 0.42552083333333335 0.31574074074074077 0.428125 0.3148148148148148 0.4283854166666667 0.3143518518518518 0.4315104166666667 0.3138888888888889 0.434375 0.3106481481481482 0.43515625 0.3087962962962963 0.43463541666666666 0.29953703703703705 0.434375 0.29907407407407405 0.43385416666666665 0.2935185185185185 0.4328125 0.287962962962963 0.4322916666666667 0.2865740740740741
3 0.6895833333333333 0.9023148148148148 0.68671875 0.9009259259259259 0.6859375 0.9 0.6848958333333334 0.9 0.6846354166666667 0.899537037037037 0.68359375 0.899537037037037 0.6833333333333333 0.899074074074074 0.6822916666666666 0.899074074074074 0.6807291666666667 0.8981481481481481 0.6791666666666667 0.8981481481481481 0.67890625 0.8976851851851851 0.6768229166666667 0.8976851851851851 0.6765625 0.8981481481481481 0.6744791666666666 0.8986111111111111 0.6723958333333333 0.9 0.6705729166666666 0.9023148148148148 0.66875 0.9055555555555556 0.66484375 0.9157407407407407 0.66484375 0.9166666666666666 0.6640625 0.9194444444444444 0.6640625 0.9277777777777778 0.6653645833333334 0.9337962962962963 0.66640625 0.9365740740740741 0.6682291666666667 0.9398148148148148 0.6684895833333333 0.9407407407407408 0.6684895833333333 0.9435185185185185 0.6682291666666667 0.9439814814814815 0.6682291666666667 0.9472222222222222 0.66796875 0.9476851851851852 0.6677083333333333 0.950462962962963 0.6666666666666666 0.9537037037037037 0.6645833333333333 0.9652777777777778 0.6622395833333333 0.9745370370370371 0.66171875 0.9800925925925926 0.6614583333333334 0.9805555555555555 0.6614583333333334 0.9847222222222223 0.66171875 0.9851851851851852 0.6619791666666667 0.9898148148148148 0.6630208333333333 0.9935185185185185 0.6653645833333334 0.9976851851851852 0.6661458333333333 0.9981481481481481 0.6666666666666666 0.999537037037037 0.68046875 0.999537037037037 0.68203125 0.9953703703703703 0.68203125 0.9944444444444445 0.6833333333333333 0.9898148148148148 0.6838541666666667 0.9861111111111112 0.6848958333333334 0.9828703703703704 0.68515625 0.9805555555555555 0.6864583333333333 0.975925925925926 0.6869791666666667 0.9717592592592592 0.6877604166666667 0.9689814814814814 0.6893229166666667 0.9597222222222223 0.6903645833333333 0.9578703703703704 0.69140625 0.9569444444444445 0.6932291666666667 0.9564814814814815 0.69765625 0.9532407407407407 0.7002604166666667 0.9490740740740741 0.7033854166666667 0.9416666666666667 0.7041666666666667 0.9333333333333333 0.7044270833333334 0.9328703703703703 0.7044270833333334 0.9259259259259259 0.703125 0.9203703703703704 0.7018229166666666 0.9171296296296296 0.6984375 0.9115740740740741 0.6927083333333334 0.9050925925925926
4 0.87578125 0.6569444444444444 0.8731770833333333 0.6643518518518519 0.8723958333333334 0.6680555555555555 0.8721354166666667 0.6731481481481482 0.871875 0.6736111111111112 0.8721354166666667 0.6810185185185185 0.8729166666666667 0.6842592592592592 0.87421875 0.687037037037037 0.8765625 0.6898148148148148 0.8783854166666667 0.6898148148148148 0.8786458333333333 0.6902777777777778 0.88671875 0.6902777777777778 0.8901041666666667 0.6916666666666667 0.8921875 0.6949074074074074 0.8924479166666667 0.6962962962962963 0.8932291666666666 0.6976851851851852 0.8950520833333333 0.6995370370370371 0.8986979166666667 0.7055555555555556 0.9013020833333333 0.7087962962962963 0.9036458333333334 0.7129629629629629 0.9065104166666667 0.7157407407407408 0.90859375 0.7194444444444444 0.9111979166666667 0.7226851851851852 0.9169270833333333 0.7324074074074074 0.9182291666666667 0.7337962962962963 0.9239583333333333 0.7425925925925926 0.9278645833333333 0.7462962962962963 0.93203125 0.7481481481481481 0.9322916666666666 0.7476851851851852 0.9348958333333334 0.7472222222222222 0.93671875 0.7453703703703703 0.9377604166666667 0.7402777777777778 0.9377604166666667 0.736574074074074 0.9375 0.7361111111111112 0.9372395833333333 0.7319444444444444 0.9359375 0.7277777777777777 0.9307291666666667 0.7180555555555556 0.9244791666666666 0.7092592592592593 0.9203125 0.7013888888888888 0.9145833333333333 0.6939814814814815 0.9119791666666667 0.6893518518518519 0.9106770833333333 0.687962962962963 0.90390625 0.6754629629629629 0.90234375 0.674537037037037 0.9010416666666666 0.6722222222222223 0.8994791666666667 0.6657407407407407 0.8981770833333333 0.662962962962963 0.8981770833333333 0.6606481481481481 0.9 0.6555555555555556 0.9002604166666667 0.65 0.8994791666666667 0.6476851851851851 0.89609375 0.6435185185185185 0.8885416666666667 0.6430555555555556 0.8846354166666667 0.6449074074074074 0.8815104166666666 0.6476851851851851 0.8796875 0.65
4 0.8419270833333333 0.7027777777777777 0.8372395833333334 0.7125 0.83671875 0.7148148148148148 0.8354166666666667 0.7180555555555556 0.8338541666666667 0.725462962962963 0.8338541666666667 0.7324074074074074 0.8341145833333333 0.7342592592592593 0.8354166666666667 0.7384259259259259 0.8372395833333334 0.7416666666666667 0.840625 0.7439814814814815 0.8434895833333333 0.7439814814814815 0.8455729166666667 0.7425925925925926 0.8489583333333334 0.7425925925925926 0.8515625 0.7439814814814815 0.85703125 0.7541666666666667 0.8591145833333333 0.7564814814814815 0.865625 0.7680555555555556 0.8671875 0.7699074074074074 0.8736979166666666 0.7819444444444444 0.87578125 0.7847222222222222 0.8822916666666667 0.7962962962962963 0.8846354166666667 0.799537037037037 0.8888020833333333 0.8032407407407407 0.8927083333333333 0.8027777777777778 0.89453125 0.8009259259259259 0.8958333333333334 0.7986111111111112 0.896875 0.7944444444444444 0.8971354166666666 0.7865740740740741 0.8966145833333333 0.7847222222222222 0.8927083333333333 0.7763888888888889 0.8911458333333333 0.774537037037037 0.88125 0.7574074074074074 0.8768229166666667 0.7509259259259259 0.8643229166666667 0.7282407407407407 0.8625 0.725925925925926 0.8619791666666666 0.7245370370370371 0.86171875 0.7203703703703703 0.8614583333333333 0.7199074074074074 0.86171875 0.7148148148148148 0.8619791666666666 0.7143518518518519 0.8619791666666666 0.7041666666666667 0.8606770833333334 0.700462962962963 0.859375 0.6986111111111111 0.8572916666666667 0.6967592592592593 0.85390625 0.6953703703703704 0.8526041666666667 0.6953703703703704 0.84921875 0.6967592592592593 0.8484375 0.6976851851851852 0.8455729166666667 0.6990740740740741
4 0.86171875 0.9365740740740741 0.86171875 0.9273148148148148 0.8614583333333333 0.9268518518518518 0.8609375 0.9162037037037037 0.86015625 0.9120370370370371 0.86015625 0.9069444444444444 0.8598958333333333 0.9064814814814814 0.8598958333333333 0.9032407407407408 0.8596354166666667 0.9027777777777778 0.859375 0.8981481481481481 0.8575520833333333 0.8912037037037037 0.85625 0.8898148148148148 0.8536458333333333 0.888425925925926 0.8505208333333333 0.8888888888888888 0.8486979166666667 0.8902777777777777 0.8481770833333333 0.8916666666666667 0.8484375 0.9013888888888889 0.8471354166666667 0.9041666666666667 0.8455729166666667 0.9050925925925926 0.8440104166666667 0.9050925925925926 0.84375 0.9055555555555556 0.8278645833333333 0.9060185185185186 0.8276041666666667 0.9064814814814814 0.81796875 0.9064814814814814 0.8177083333333334 0.9069444444444444 0.7953125 0.9069444444444444 0.7950520833333333 0.9074074074074074 0.7911458333333333 0.9078703703703703 0.78984375 0.9087962962962963 0.78828125 0.9115740740740741 0.7877604166666666 0.9143518518518519 0.7877604166666666 0.9212962962962963 0.78828125 0.925 0.7890625 0.9277777777777778 0.7901041666666667 0.9291666666666667 0.7942708333333334 0.9310185185185185 0.8083333333333333 0.9310185185185185 0.80859375 0.9305555555555556 0.8135416666666667 0.9305555555555556 0.8138020833333334 0.9300925925925926 0.8161458333333333 0.9300925925925926 0.81640625 0.9305555555555556 0.8489583333333334 0.9300925925925926 0.85 0.9314814814814815 0.8518229166666667 0.9388888888888889 0.8536458333333333 0.9416666666666667 0.8583333333333333 0.9416666666666667 0.8604166666666667 0.9407407407407408 0.8611979166666667 0.9398148148148148
4 0.7674479166666667 0.8666666666666667 0.7661458333333333 0.8666666666666667 0.7658854166666667 0.8662037037037037 0.7611979166666667 0.8662037037037037 0.7609375 0.8666666666666667 0.7588541666666667 0.8671296296296296 0.7572916666666667 0.8685185185185185 0.7552083333333334 0.8717592592592592 0.753125 0.8768518518518519 0.7528645833333333 0.8782407407407408 0.7528645833333333 0.8814814814814815 0.7526041666666666 0.8819444444444444 0.7528645833333333 0.8865740740740741 0.7536458333333333 0.8898148148148148 0.75625 0.8967592592592593 0.7580729166666667 0.9 0.7578125 0.9004629629629629 0.7578125 0.9060185185185186 0.7552083333333334 0.9166666666666666 0.7549479166666667 0.9194444444444444 0.753125 0.9277777777777778 0.753125 0.9291666666666667 0.75234375 0.9324074074074075 0.7520833333333333 0.9356481481481481 0.7510416666666667 0.9402777777777778 0.7505208333333333 0.9444444444444444 0.7497395833333333 0.9467592592592593 0.7489583333333333 0.9518518518518518 0.7471354166666667 0.9592592592592593 0.7463541666666667 0.9648148148148148 0.7463541666666667 0.9666666666666667 0.7458333333333333 0.9689814814814814 0.7458333333333333 0.9712962962962963 0.7455729166666667 0.9717592592592592 0.7455729166666667 0.9773148148148149 0.7466145833333333 0.9828703703703704 0.7484375 0.987037037037037 0.7513020833333334 0.9898148148148148 0.7536458333333333 0.9893518518518518 0.75546875 0.987037037037037 0.75625 0.9833333333333333 0.7580729166666667 0.9773148148148149 0.7583333333333333 0.975 0.76015625 0.9689814814814814 0.7604166666666666 0.9662037037037037 0.76171875 0.9611111111111111 0.7635416666666667 0.950925925925926 0.7651041666666667 0.9453703703703704 0.7666666666666667 0.937037037037037 0.76796875 0.9324074074074075 0.7716145833333333 0.9092592592592592 0.77265625 0.9078703703703703 0.77578125 0.9074074074074074 0.7783854166666667 0.9060185185185186 0.7825520833333334 0.899537037037037 0.7841145833333333 0.8930555555555556 0.7841145833333333 0.8902777777777777 0.7838541666666666 0.8898148148148148 0.78359375 0.8861111111111111 0.7825520833333334 0.8833333333333333 0.7786458333333334 0.8763888888888889 0.7776041666666667 0.875462962962963 0.7747395833333334 0.8712962962962963 0.7721354166666666 0.8689814814814815
4 0.25234375 0.4041666666666667 0.24973958333333332 0.4041666666666667 0.24947916666666667 0.40370370370370373 0.24088541666666666 0.40370370370370373 0.240625 0.4041666666666667 0.23567708333333334 0.4046296296296296 0.23307291666666666 0.4064814814814815 0.23255208333333333 0.4074074074074074 0.23177083333333334 0.41064814814814815 0.23177083333333334 0.4125 0.23151041666666666 0.412962962962963 0.23151041666666666 0.4185185185185185 0.23125 0.41898148148148145 0.23203125 0.4236111111111111 0.2328125 0.425462962962963 0.23541666666666666 0.42592592592592593 0.23671875 0.42685185185185187 0.23723958333333334 0.42777777777777776 0.23723958333333334 0.4351851851851852 0.23697916666666666 0.4356481481481482 0.23697916666666666 0.43796296296296294 0.23671875 0.43842592592592594 0.23645833333333333 0.4527777777777778 0.23619791666666667 0.4532407407407407 0.23619791666666667 0.4587962962962963 0.2359375 0.45925925925925926 0.23567708333333334 0.46944444444444444 0.23541666666666666 0.4699074074074074 0.23541666666666666 0.4759259259259259 0.23515625 0.47638888888888886 0.23515625 0.4810185185185185 0.23489583333333333 0.48148148148148145 0.23489583333333333 0.4898148148148148 0.23463541666666668 0.49027777777777776 0.23463541666666668 0.49398148148148147 0.234375 0.49444444444444446 0.23411458333333332 0.5092592592592593 0.234375 0.5097222222222222 0.23463541666666668 0.512962962962963 0.23541666666666666 0.5157407407407407 0.23645833333333333 0.5171296296296296 0.23802083333333332 0.5180555555555556 0.23932291666666666 0.5180555555555556 0.23958333333333334 0.5185185185185185 0.24453125 0.5180555555555556 0.24661458333333333 0.5157407407407407 0.24817708333333333 0.5106481481481482 0.24817708333333333 0.5092592592592593 0.2484375 0.5087962962962963 0.2484375 0.5064814814814815 0.24869791666666666 0.5060185185185185 0.24869791666666666 0.49537037037037035 0.24895833333333334 0.4949074074074074 0.24895833333333334 0.49074074074074076 0.24921875 0.49027777777777776 0.24947916666666667 0.47962962962962963 0.24973958333333332 0.4791666666666667 0.24973958333333332 0.4740740740740741 0.25 0.4736111111111111 0.25 0.46805555555555556 0.25026041666666665 0.4675925925925926 0.25052083333333336 0.45740740740740743 0.25078125 0.45694444444444443 0.25104166666666666 0.4449074074074074 0.2513020833333333 0.4444444444444444 0.2513020833333333 0.4375 0.25078125 0.43472222222222223 0.2518229166666667 0.42962962962962964 0.253125 0.4273148148148148 0.2546875 0.4263888888888889 0.25729166666666664 0.42592592592592593 0.25833333333333336 0.42453703703703705 0.25885416666666666 0.4222222222222222 0.25885416666666666 0.4152777777777778 0.25859375 0.4148148148148148 0.25859375 0.4125 0.2578125 0.4097222222222222 0.2565104166666667 0.40694444444444444 0.25494791666666666 0.40555555555555556 0.25338541666666664 0.4050925925925926
4 0.09817708333333333 0.23935185185185184 0.096875 0.2439814814814815 0.096875 0.24814814814814815 0.0984375 0.2537037037037037 0.10208333333333333 0.2601851851851852 0.11197916666666667 0.2740740740740741 0.11536458333333334 0.28055555555555556 0.11796875 0.28425925925925927 0.12057291666666667 0.28703703703703703 0.12369791666666667 0.2916666666666667 0.12552083333333333 0.2935185185185185 0.12708333333333333 0.2962962962962963 0.12786458333333334 0.300462962962963 0.12760416666666666 0.30925925925925923 0.13072916666666667 0.31712962962962965 0.134375 0.32407407407407407 0.13567708333333334 0.325 0.13671875 0.325 0.13697916666666668 0.32546296296296295 0.13932291666666666 0.32546296296296295 0.14244791666666667 0.3236111111111111 0.14713541666666666 0.3194444444444444 0.14895833333333333 0.31666666666666665 0.15234375 0.30925925925925923 0.15390625 0.3037037037037037 0.15442708333333333 0.30092592592592593 0.15442708333333333 0.2986111111111111 0.1546875 0.29814814814814816 0.1546875 0.29398148148148145 0.15364583333333334 0.2902777777777778 0.15364583333333334 0.28935185185185186 0.15260416666666668 0.2865740740740741 0.15078125 0.2833333333333333 0.14817708333333332 0.2800925925925926 0.146875 0.2791666666666667 0.1453125 0.2791666666666667 0.14401041666666667 0.2800925925925926 0.14296875 0.2800925925925926 0.14166666666666666 0.2810185185185185 0.14010416666666667 0.2810185185185185 0.13984375 0.2814814814814815 0.13776041666666666 0.2814814814814815 0.13541666666666666 0.2796296296296296 0.13229166666666667 0.2740740740740741 0.1296875 0.2708333333333333 0.12630208333333334 0.26481481481481484 0.125 0.26342592592592595 0.11953125 0.25416666666666665 0.11276041666666667 0.2449074074074074 0.10885416666666667 0.23842592592592593 0.10651041666666666 0.2361111111111111 0.10494791666666667 0.23564814814814813 0.1046875 0.2351851851851852 0.10208333333333333 0.2351851851851852 0.1 0.23657407407407408
4 0.096875 0.050462962962962966 0.09583333333333334 0.05277777777777778 0.09479166666666666 0.05740740740740741 0.09479166666666666 0.059722222222222225 0.09609375 0.06435185185185185 0.09609375 0.06527777777777778 0.09817708333333333 0.07037037037037037 0.10364583333333334 0.08657407407407407 0.10911458333333333 0.10046296296296296 0.11484375 0.11712962962962963 0.1171875 0.12175925925925926 0.11744791666666667 0.12777777777777777 0.11510416666666666 0.13425925925925927 0.11510416666666666 0.1375 0.115625 0.14074074074074075 0.11901041666666666 0.15185185185185185 0.12005208333333334 0.1537037037037037 0.12161458333333333 0.15462962962962962 0.12317708333333334 0.15462962962962962 0.1234375 0.1550925925925926 0.12994791666666666 0.15462962962962962 0.13020833333333334 0.15416666666666667 0.13125 0.15416666666666667 0.13489583333333333 0.15231481481481482 0.13958333333333334 0.14814814814814814 0.14192708333333334 0.1439814814814815 0.14244791666666667 0.14212962962962963 0.14322916666666666 0.14074074074074075 0.14427083333333332 0.13657407407407407 0.14427083333333332 0.13333333333333333 0.14375 0.13148148148148148 0.14348958333333334 0.1287037037037037 0.14270833333333333 0.1259259259259259 0.14036458333333332 0.12037037037037036 0.1390625 0.11805555555555555 0.13723958333333333 0.1162037037037037 0.13541666666666666 0.11527777777777778 0.134375 0.11527777777777778 0.13411458333333334 0.11481481481481481 0.13098958333333333 0.11435185185185186 0.12916666666666668 0.11296296296296296 0.12864583333333332 0.11203703703703703 0.12786458333333334 0.1087962962962963 0.12760416666666666 0.10601851851851851 0.12708333333333333 0.10462962962962963 0.12109375 0.09675925925925925 0.11302083333333333 0.08055555555555556 0.10859375 0.06620370370370371 0.10807291666666667 0.06111111111111111 0.10677083333333333 0.05787037037037037 0.10546875 0.052314814814814814 0.10442708333333334 0.050462962962962966 0.10286458333333333 0.04861111111111111 0.10052083333333334 0.04814814814814815 0.10026041666666667 0.047685185185185185 0.09895833333333333 0.04814814814814815
4 0.16927083333333334 0.014351851851851852 0.16822916666666668 0.0125 0.16640625 0.011111111111111112 0.16380208333333332 0.0125 0.1625 0.0125 0.16145833333333334 0.013425925925925926 0.16015625 0.015277777777777777 0.15885416666666666 0.016203703703703703 0.15572916666666667 0.020833333333333332 0.15338541666666666 0.023148148148148147 0.15260416666666668 0.024537037037037038 0.15182291666666667 0.025 0.14609375 0.03194444444444444 0.14401041666666667 0.03518518518518519 0.14270833333333333 0.03611111111111111 0.13958333333333334 0.04027777777777778 0.1390625 0.04027777777777778 0.13229166666666667 0.04953703703703704 0.13046875 0.05092592592592592 0.12734375 0.05555555555555555 0.1234375 0.06018518518518518 0.12213541666666666 0.06018518518518518 0.11901041666666666 0.05740740740740741 0.11614583333333334 0.05694444444444444 0.11588541666666667 0.05648148148148148 0.11354166666666667 0.05740740740740741 0.11223958333333334 0.0587962962962963 0.10989583333333333 0.06018518518518518 0.10885416666666667 0.06342592592592593 0.10885416666666667 0.06759259259259259 0.10989583333333333 0.07175925925925926 0.11197916666666667 0.0763888888888889 0.11302083333333333 0.08055555555555556 0.1140625 0.08333333333333333 0.11614583333333334 0.08657407407407407 0.1171875 0.08935185185185185 0.12239583333333333 0.09861111111111111 0.12369791666666667 0.1 0.12604166666666666 0.10138888888888889 0.12734375 0.10138888888888889 0.12838541666666667 0.1 0.13020833333333334 0.09861111111111111 0.13151041666666666 0.0962962962962963 0.13255208333333332 0.09351851851851851 0.13307291666666668 0.0875 0.13333333333333333 0.08703703703703704 0.13333333333333333 0.08564814814814815 0.13255208333333332 0.08148148148148149 0.13255208333333332 0.0787037037037037 0.13645833333333332 0.07222222222222222 0.140625 0.06759259259259259 0.14244791666666667 0.06620370370370371 0.14479166666666668 0.0625 0.14765625 0.059722222222222225 0.14973958333333334 0.05648148148148148 0.15442708333333333 0.05092592592592592 0.15833333333333333 0.04722222222222222 0.16276041666666666 0.040740740740740744 0.16614583333333333 0.037037037037037035 0.17057291666666666 0.02962962962962963 0.17135416666666667 0.02361111111111111
5 0.6260416666666667 0.6625 0.6247395833333333 0.6625 0.6244791666666667 0.6620370370370371 0.6223958333333334 0.6625 0.6200520833333333 0.6662037037037037 0.6190104166666667 0.6671296296296296 0.6166666666666667 0.6708333333333333 0.6143229166666667 0.6736111111111112 0.60546875 0.687037037037037 0.6026041666666667 0.6902777777777778 0.5994791666666667 0.6962962962962963 0.5973958333333333 0.6986111111111111 0.5963541666666666 0.700462962962963 0.5950520833333334 0.700462962962963 0.5940104166666667 0.6986111111111111 0.5921875 0.6967592592592593 0.5903645833333333 0.6935185185185185 0.58828125 0.6916666666666667 0.5877604166666667 0.6916666666666667 0.5859375 0.6935185185185185 0.5825520833333333 0.6986111111111111 0.5822916666666667 0.7018518518518518 0.58203125 0.7023148148148148 0.58203125 0.7041666666666667 0.58359375 0.7101851851851851 0.5841145833333333 0.7111111111111111 0.5846354166666666 0.7138888888888889 0.5856770833333333 0.7166666666666667 0.5890625 0.7226851851851852 0.58984375 0.725462962962963 0.5911458333333334 0.7282407407407407 0.5921875 0.7314814814814815 0.5942708333333333 0.7347222222222223 0.59921875 0.7472222222222222 0.6 0.7486111111111111 0.6026041666666667 0.7513888888888889 0.60390625 0.7518518518518519 0.60546875 0.7509259259259259 0.6067708333333334 0.7509259259259259 0.6088541666666667 0.7481481481481481 0.6104166666666667 0.7453703703703703 0.6114583333333333 0.7407407407407407 0.6114583333333333 0.7384259259259259 0.6106770833333334 0.7361111111111112 0.6088541666666667 0.7333333333333333 0.6083333333333333 0.7314814814814815 0.6078125 0.7273148148148149 0.6075520833333333 0.7268518518518519 0.6075520833333333 0.725925925925926 0.6080729166666666 0.7245370370370371 0.61171875 0.7203703703703703 0.6130208333333333 0.7180555555555556 0.6145833333333334 0.7162037037037037 0.61875 0.7087962962962963 0.6252604166666667 0.6995370370370371 0.6263020833333334 0.6986111111111111 0.6286458333333333 0.6944444444444444 0.63046875 0.6921296296296297 0.6325520833333333 0.6884259259259259 0.6341145833333334 0.6847222222222222 0.6341145833333334 0.6800925925925926 0.6338541666666667 0.6796296296296296 0.6338541666666667 0.6777777777777778 0.6291666666666667 0.6671296296296296 0.6270833333333333 0.663425925925926
6 0.6966145833333334 0.5310185185185186 0.6963541666666667 0.5314814814814814 0.6958333333333333 0.5314814814814814 0.6950520833333333 0.5324074074074074 0.6942708333333333 0.5324074074074074 0.6940104166666666 0.5328703703703703 0.6934895833333333 0.5328703703703703 0.6932291666666667 0.5333333333333333 0.6927083333333334 0.5333333333333333 0.6924479166666667 0.5337962962962963 0.6921875 0.5337962962962963 0.6919270833333333 0.5342592592592592 0.6916666666666667 0.5342592592592592 0.69140625 0.5347222222222222 0.6911458333333333 0.5347222222222222 0.6893229166666667 0.5365740740740741 0.6888020833333334 0.5365740740740741 0.6885416666666667 0.5370370370370371 0.6880208333333333 0.5370370370370371 0.6877604166666667 0.5375 0.6869791666666667 0.537962962962963 0.6864583333333333 0.5388888888888889 0.6861979166666666 0.5388888888888889 0.6846354166666667 0.5416666666666666 0.6846354166666667 0.5421296296296296 0.684375 0.5425925925925926 0.684375 0.5435185185185185 0.6841145833333333 0.5439814814814815 0.6841145833333333 0.5555555555555556 0.6838541666666667 0.5560185185185185 0.6838541666666667 0.5578703703703703 0.6841145833333333 0.5583333333333333 0.6841145833333333 0.5606481481481481 0.684375 0.5611111111111111 0.684375 0.562962962962963 0.6846354166666667 0.5634259259259259 0.6846354166666667 0.5652777777777778 0.6848958333333334 0.5657407407407408 0.6848958333333334 0.5666666666666667 0.6854166666666667 0.5675925925925925 0.6854166666666667 0.5680555555555555 0.6859375 0.5689814814814815 0.6859375 0.5694444444444444 0.6880208333333333 0.5736111111111111 0.68828125 0.5736111111111111 0.6888020833333334 0.5745370370370371 0.6890625 0.5745370370370371 0.6893229166666667 0.575 0.6895833333333333 0.575 0.68984375 0.575462962962963 0.6901041666666666 0.575462962962963 0.6903645833333333 0.575925925925926 0.690625 0.575925925925926 0.6908854166666667 0.5763888888888888 0.6921875 0.5773148148148148 0.6927083333333334 0.5782407407407407 0.69296875 0.5782407407407407 0.6932291666666667 0.5787037037037037 0.6934895833333333 0.5787037037037037 0.6953125 0.5805555555555556 0.6958333333333333 0.5805555555555556 0.69609375 0.5810185185185185 0.6966145833333334 0.5810185185185185 0.696875 0.5814814814814815 0.7013020833333333 0.5814814814814815 0.7020833333333333 0.5805555555555556 0.7026041666666667 0.5805555555555556 0.703125 0.5796296296296296 0.7033854166666667 0.5796296296296296 0.7036458333333333 0.5791666666666667 0.7041666666666667 0.5791666666666667 0.7044270833333334 0.5787037037037037 0.7052083333333333 0.5782407407407407 0.7057291666666666 0.5773148148148148 0.7065104166666667 0.5768518518518518 0.70703125 0.575925925925926 0.7072916666666667 0.575925925925926 0.7075520833333333 0.575462962962963 0.7078125 0.575462962962963 0.7080729166666667 0.575 0.7083333333333334 0.575 0.70859375 0.5745370370370371 0.7098958333333333 0.5736111111111111 0.7104166666666667 0.5726851851851852 0.7106770833333333 0.5726851851851852 0.7119791666666667 0.5703703703703704 0.7119791666666667 0.5699074074074074 0.7127604166666667 0.5675925925925925 0.7127604166666667 0.5666666666666667 0.7130208333333333 0.5662037037037037 0.7130208333333333 0.562962962962963 0.71328125 0.5625 0.71328125 0.5560185185185185 0.7130208333333333 0.5555555555555556 0.7130208333333333 0.5513888888888889 0.7127604166666667 0.5509259259259259 0.7127604166666667 0.5486111111111112 0.7125 0.5481481481481482 0.7125 0.5462962962962963 0.7122395833333334 0.5458333333333333 0.7122395833333334 0.5449074074074074 0.7119791666666667 0.5444444444444444 0.7119791666666667 0.5439814814814815 0.7114583333333333 0.5430555555555555 0.7114583333333333 0.5425925925925926 0.7104166666666667 0.5407407407407407 0.7104166666666667 0.5402777777777777 0.7088541666666667 0.5375 0.70859375 0.5375 0.7083333333333334 0.5370370370370371 0.7080729166666667 0.5370370370370371 0.7075520833333333 0.5361111111111111 0.70703125 0.5361111111111111 0.7052083333333333 0.5342592592592592 0.7046875 0.5342592592592592 0.70390625 0.5333333333333333 0.7033854166666667 0.5333333333333333 0.703125 0.5328703703703703 0.7026041666666667 0.5328703703703703 0.70234375 0.5324074074074074 0.7020833333333333 0.5324074074074074 0.7018229166666666 0.5319444444444444 0.7013020833333333 0.5319444444444444 0.7010416666666667 0.5314814814814814 0.69921875 0.5314814814814814 0.6989583333333333 0.5310185185185186
6 0.5372395833333333 0.7888888888888889 0.5364583333333334 0.7902777777777777 0.534375 0.7981481481481482 0.53359375 0.8 0.5333333333333333 0.8023148148148148 0.5328125 0.8037037037037037 0.5328125 0.8046296296296296 0.5325520833333334 0.8050925925925926 0.5325520833333334 0.8060185185185185 0.5322916666666667 0.8064814814814815 0.5322916666666667 0.8083333333333333 0.53203125 0.8087962962962963 0.53203125 0.8101851851851852 0.5317708333333333 0.8106481481481481 0.5317708333333333 0.8125 0.5315104166666667 0.812962962962963 0.5315104166666667 0.8148148148148148 0.53125 0.8152777777777778 0.53125 0.8185185185185185 0.5309895833333333 0.8189814814814815 0.5309895833333333 0.8240740740740741 0.53125 0.8245370370370371 0.5315104166666667 0.8268518518518518 0.5317708333333333 0.8273148148148148 0.5325520833333334 0.8305555555555556 0.53515625 0.8351851851851851 0.53515625 0.8356481481481481 0.5354166666666667 0.8356481481481481 0.5359375 0.836574074074074 0.5359375 0.837037037037037 0.5361979166666667 0.8375 0.5364583333333334 0.8375 0.5375 0.8393518518518519 0.53828125 0.8398148148148148 0.5395833333333333 0.8421296296296297 0.5395833333333333 0.8425925925925926 0.53984375 0.8430555555555556 0.5401041666666667 0.8430555555555556 0.5408854166666667 0.8444444444444444 0.5416666666666666 0.8444444444444444 0.5419270833333333 0.8449074074074074 0.5427083333333333 0.8449074074074074 0.54296875 0.8453703703703703 0.54375 0.8453703703703703 0.5440104166666667 0.8458333333333333 0.5481770833333334 0.8458333333333333 0.5484375 0.8453703703703703 0.5502604166666667 0.8453703703703703 0.5505208333333333 0.8449074074074074 0.55234375 0.8449074074074074 0.5526041666666667 0.8444444444444444 0.55390625 0.8444444444444444 0.5541666666666667 0.8439814814814814 0.5546875 0.8439814814814814 0.5549479166666667 0.8435185185185186 0.5557291666666667 0.8435185185185186 0.5559895833333334 0.8430555555555556 0.5565104166666667 0.8430555555555556 0.5567708333333333 0.8425925925925926 0.5575520833333333 0.8421296296296297 0.55859375 0.8402777777777778 0.5588541666666667 0.8402777777777778 0.559375 0.8393518518518519 0.5596354166666667 0.8393518518518519 0.5609375 0.837037037037037 0.5609375 0.836574074074074 0.5611979166666666 0.8361111111111111 0.5611979166666666 0.8351851851851851 0.5614583333333333 0.8347222222222223 0.5614583333333333 0.8337962962962963 0.56171875 0.8333333333333334 0.56171875 0.8319444444444445 0.5619791666666667 0.8314814814814815 0.5619791666666667 0.8305555555555556 0.5622395833333333 0.8300925925925926 0.5622395833333333 0.8282407407407407 0.5625 0.8277777777777777 0.5625 0.8245370370370371 0.5627604166666667 0.8240740740740741 0.5627604166666667 0.8212962962962963 0.5630208333333333 0.8208333333333333 0.5630208333333333 0.8189814814814815 0.56328125 0.8185185185185185 0.56328125 0.8171296296296297 0.5635416666666667 0.8166666666666667 0.5635416666666667 0.812037037037037 0.56328125 0.8115740740740741 0.56328125 0.8092592592592592 0.5630208333333333 0.8087962962962963 0.5630208333333333 0.8083333333333333 0.5609375 0.8041666666666667 0.5609375 0.8037037037037037 0.56015625 0.8027777777777778 0.56015625 0.8023148148148148 0.5588541666666667 0.8 0.5588541666666667 0.799537037037037 0.5583333333333333 0.7986111111111112 0.5580729166666667 0.7986111111111112 0.55703125 0.7967592592592593 0.5567708333333333 0.7967592592592593 0.55546875 0.7944444444444444 0.55546875 0.7939814814814815 0.5546875 0.7921296296296296 0.5544270833333333 0.7907407407407407 0.5526041666666667 0.7875 0.55234375 0.7875 0.5518229166666667 0.7865740740740741 0.5513020833333333 0.7865740740740741 0.5510416666666667 0.7861111111111111 0.5505208333333333 0.7861111111111111 0.5502604166666667 0.7856481481481481 0.5497395833333333 0.7856481481481481 0.5494791666666666 0.7851851851851852 0.5455729166666666 0.7851851851851852 0.5453125 0.7856481481481481 0.5440104166666667 0.7856481481481481 0.54375 0.7861111111111111 0.5427083333333333 0.7861111111111111 0.5424479166666667 0.7865740740740741 0.54140625 0.7865740740740741 0.5411458333333333 0.7870370370370371 0.5401041666666667 0.7870370370370371 0.53984375 0.7875 0.5393229166666667 0.7875 0.5390625 0.787962962962963 0.5385416666666667 0.787962962962963 0.53828125 0.788425925925926 0.5377604166666666 0.788425925925926 0.5375 0.7888888888888889
6 0.5140625 0.3861111111111111 0.5138020833333333 0.38657407407407407 0.5125 0.38657407407407407 0.5122395833333333 0.387037037037037 0.5114583333333333 0.387037037037037 0.5111979166666667 0.3875 0.51015625 0.3875 0.5098958333333333 0.38796296296296295 0.509375 0.38796296296296295 0.50859375 0.3888888888888889 0.5080729166666667 0.3888888888888889 0.5059895833333333 0.3907407407407407 0.50390625 0.3939814814814815 0.5036458333333333 0.3939814814814815 0.5013020833333334 0.39814814814814814 0.5013020833333334 0.39861111111111114 0.5 0.4013888888888889 0.49947916666666664 0.40370370370370373 0.49895833333333334 0.4046296296296296 0.4986979166666667 0.40555555555555556 0.4986979166666667 0.4064814814814815 0.4981770833333333 0.4078703703703704 0.4981770833333333 0.40879629629629627 0.4979166666666667 0.40925925925925927 0.49765625 0.4115740740740741 0.4973958333333333 0.41203703703703703 0.4973958333333333 0.4148148148148148 0.49713541666666666 0.4152777777777778 0.49713541666666666 0.42453703703703705 0.4973958333333333 0.425 0.4973958333333333 0.42824074074074076 0.49765625 0.4287037037037037 0.49765625 0.42962962962962964 0.4979166666666667 0.4300925925925926 0.4981770833333333 0.4324074074074074 0.49895833333333334 0.4351851851851852 0.49947916666666664 0.4361111111111111 0.49973958333333335 0.4375 0.5002604166666667 0.43842592592592594 0.5002604166666667 0.4388888888888889 0.50078125 0.4398148148148148 0.5013020833333334 0.44166666666666665 0.5041666666666667 0.44675925925925924 0.5044270833333333 0.44675925925925924 0.5059895833333333 0.44907407407407407 0.5091145833333334 0.45185185185185184 0.5098958333333333 0.45185185185185184 0.51015625 0.45231481481481484 0.5119791666666667 0.4527777777777778 0.5130208333333334 0.4537037037037037 0.5153645833333333 0.4537037037037037 0.515625 0.45416666666666666 0.5171875 0.45416666666666666 0.5174479166666667 0.4537037037037037 0.51875 0.4537037037037037 0.5190104166666667 0.4532407407407407 0.5200520833333333 0.4532407407407407 0.5203125 0.4527777777777778 0.52109375 0.4527777777777778 0.5213541666666667 0.45231481481481484 0.5221354166666666 0.45231481481481484 0.5229166666666667 0.4513888888888889 0.5234375 0.4513888888888889 0.5255208333333333 0.449537037037037 0.5260416666666666 0.4486111111111111 0.5263020833333333 0.4486111111111111 0.5268229166666667 0.4476851851851852 0.5278645833333333 0.44675925925925924 0.5299479166666666 0.44305555555555554 0.5299479166666666 0.4425925925925926 0.53125 0.4398148148148148 0.5328125 0.43425925925925923 0.5328125 0.43333333333333335 0.53359375 0.4305555555555556 0.53359375 0.42916666666666664 0.5338541666666666 0.4287037037037037 0.5338541666666666 0.42685185185185187 0.5341145833333333 0.4263888888888889 0.5341145833333333 0.4212962962962963 0.534375 0.42083333333333334 0.534375 0.41898148148148145 0.5341145833333333 0.4185185185185185 0.5341145833333333 0.41435185185185186 0.5338541666666666 0.41388888888888886 0.5338541666666666 0.41203703703703703 0.5330729166666667 0.40925925925925927 0.5330729166666667 0.4083333333333333 0.5328125 0.4078703703703704 0.5325520833333334 0.40555555555555556 0.5307291666666667 0.399537037037037 0.5286458333333334 0.39537037037037037 0.5283854166666667 0.39537037037037037 0.5276041666666667 0.3939814814814815 0.52734375 0.3939814814814815 0.5244791666666667 0.3902777777777778 0.5223958333333333 0.38842592592592595 0.521875 0.38842592592592595 0.5208333333333334 0.3875 0.5184895833333333 0.387037037037037 0.5182291666666666 0.38657407407407407 0.51484375 0.38657407407407407 0.5145833333333333 0.3861111111111111
6 0.5528645833333333 0.05138888888888889 0.5489583333333333 0.05138888888888889 0.5486979166666667 0.05185185185185185 0.5473958333333333 0.05185185185185185 0.5471354166666667 0.052314814814814814 0.5463541666666667 0.052314814814814814 0.54609375 0.05277777777777778 0.5450520833333333 0.05277777777777778 0.5447916666666667 0.05324074074074074 0.5434895833333333 0.053703703703703705 0.5427083333333333 0.05462962962962963 0.5421875 0.05462962962962963 0.5377604166666666 0.05925925925925926 0.5354166666666667 0.06296296296296296 0.5354166666666667 0.06342592592592593 0.534375 0.06527777777777778 0.5333333333333333 0.06851851851851852 0.5325520833333334 0.0699074074074074 0.53046875 0.07685185185185185 0.53046875 0.07777777777777778 0.5299479166666666 0.07962962962962963 0.5299479166666666 0.0824074074074074 0.5296875 0.08287037037037037 0.5296875 0.08703703703703704 0.5294270833333333 0.0875 0.5296875 0.09768518518518518 0.5299479166666666 0.09814814814814815 0.5299479166666666 0.10092592592592593 0.5302083333333333 0.10138888888888889 0.53046875 0.1037037037037037 0.5309895833333333 0.1050925925925926 0.53125 0.10740740740740741 0.53203125 0.11018518518518519 0.5325520833333334 0.1111111111111111 0.53359375 0.11435185185185186 0.53671875 0.11990740740740741 0.540625 0.12407407407407407 0.5411458333333333 0.12407407407407407 0.54140625 0.12453703703703704 0.5419270833333333 0.12453703703703704 0.54375 0.1259259259259259 0.5447916666666667 0.1259259259259259 0.5450520833333333 0.12638888888888888 0.5479166666666667 0.12638888888888888 0.5481770833333334 0.12685185185185185 0.54921875 0.12685185185185185 0.5494791666666666 0.12638888888888888 0.5520833333333334 0.12638888888888888 0.55234375 0.1259259259259259 0.5533854166666666 0.1259259259259259 0.5536458333333333 0.12546296296296297 0.5544270833333333 0.12546296296296297 0.5546875 0.125 0.5567708333333333 0.12407407407407407 0.5588541666666667 0.12222222222222222 0.5596354166666667 0.12083333333333333 0.5606770833333333 0.11990740740740741 0.5619791666666667 0.1175925925925926 0.5622395833333333 0.1175925925925926 0.5653645833333333 0.11157407407407408 0.5653645833333333 0.1111111111111111 0.5669270833333333 0.10740740740740741 0.5671875 0.10601851851851851 0.5682291666666667 0.1037037037037037 0.5692708333333333 0.1 0.5692708333333333 0.09907407407407408 0.5700520833333333 0.09583333333333334 0.5700520833333333 0.09444444444444444 0.5703125 0.09398148148148149 0.5703125 0.0837962962962963 0.5700520833333333 0.08333333333333333 0.5700520833333333 0.08009259259259259 0.5697916666666667 0.07962962962962963 0.5690104166666666 0.07453703703703704 0.5677083333333334 0.0699074074074074 0.5671875 0.06898148148148148 0.5669270833333333 0.06759259259259259 0.56640625 0.06666666666666667 0.5658854166666667 0.06481481481481481 0.56328125 0.06018518518518518 0.5630208333333333 0.06018518518518518 0.5609375 0.05694444444444444 0.55625 0.05277777777777778 0.55546875 0.05277777777777778 0.5552083333333333 0.052314814814814814 0.5544270833333333 0.052314814814814814 0.5541666666666667 0.05185185185185185 0.553125 0.05185185185185185
6 0.38125 0.18009259259259258 0.3809895833333333 0.18055555555555555 0.3802083333333333 0.18055555555555555 0.37994791666666666 0.18101851851851852 0.37942708333333336 0.18101851851851852 0.37916666666666665 0.1814814814814815 0.37786458333333334 0.18194444444444444 0.3763020833333333 0.18333333333333332 0.37578125 0.18425925925925926 0.37552083333333336 0.18425925925925926 0.375 0.18518518518518517 0.37395833333333334 0.18611111111111112 0.37265625 0.1884259259259259 0.3723958333333333 0.1884259259259259 0.3723958333333333 0.18888888888888888 0.37005208333333334 0.1935185185185185 0.3690104166666667 0.19722222222222222 0.36822916666666666 0.19907407407407407 0.36822916666666666 0.2 0.36770833333333336 0.2013888888888889 0.36770833333333336 0.2023148148148148 0.3671875 0.20416666666666666 0.3671875 0.20601851851851852 0.36692708333333335 0.2064814814814815 0.36692708333333335 0.20833333333333334 0.36666666666666664 0.20879629629629629 0.36666666666666664 0.21851851851851853 0.36692708333333335 0.21898148148148147 0.36692708333333335 0.22083333333333333 0.3671875 0.2212962962962963 0.3671875 0.22314814814814815 0.36744791666666665 0.22361111111111112 0.36770833333333336 0.22592592592592592 0.3684895833333333 0.22777777777777777 0.3690104166666667 0.2300925925925926 0.36953125 0.2310185185185185 0.36953125 0.23194444444444445 0.37005208333333334 0.23287037037037037 0.3703125 0.23425925925925925 0.37083333333333335 0.2351851851851852 0.37083333333333335 0.23564814814814813 0.37161458333333336 0.23703703703703705 0.37265625 0.23796296296296296 0.375 0.24259259259259258 0.37552083333333336 0.24305555555555555 0.37604166666666666 0.24305555555555555 0.3763020833333333 0.24351851851851852 0.3768229166666667 0.24351851851851852 0.3770833333333333 0.2439814814814815 0.3776041666666667 0.2439814814814815 0.37786458333333334 0.24444444444444444 0.37864583333333335 0.24444444444444444 0.37890625 0.2449074074074074 0.37942708333333336 0.2449074074074074 0.3796875 0.24537037037037038 0.3802083333333333 0.24537037037037038 0.38125 0.2462962962962963 0.38255208333333335 0.2462962962962963 0.3828125 0.24675925925925926 0.38359375 0.24675925925925926 0.38385416666666666 0.24722222222222223 0.38671875 0.24722222222222223 0.38697916666666665 0.24675925925925926 0.3885416666666667 0.24675925925925926 0.3888020833333333 0.2462962962962963 0.3893229166666667 0.2462962962962963 0.39036458333333335 0.24537037037037038 0.39114583333333336 0.24537037037037038 0.39140625 0.2449074074074074 0.3927083333333333 0.24444444444444444 0.39453125 0.24212962962962964 0.39479166666666665 0.24212962962962964 0.39557291666666666 0.24074074074074073 0.3958333333333333 0.24074074074074073 0.3966145833333333 0.23935185185185184 0.396875 0.23935185185185184 0.39921875 0.2351851851851852 0.39921875 0.23472222222222222 0.4002604166666667 0.2324074074074074 0.40078125 0.2300925925925926 0.4015625 0.22824074074074074 0.4015625 0.2273148148148148 0.40208333333333335 0.22592592592592592 0.40208333333333335 0.225 0.40260416666666665 0.22314814814814815 0.40260416666666665 0.22175925925925927 0.403125 0.2199074074074074 0.403125 0.21712962962962962 0.40338541666666666 0.21666666666666667 0.40338541666666666 0.2101851851851852 0.403125 0.20972222222222223 0.403125 0.2074074074074074 0.40286458333333336 0.20694444444444443 0.40286458333333336 0.2050925925925926 0.40260416666666665 0.20462962962962963 0.40260416666666665 0.20324074074074075 0.40234375 0.20277777777777778 0.40208333333333335 0.20046296296296295 0.40078125 0.1962962962962963 0.40078125 0.19537037037037036 0.4005208333333333 0.19444444444444445 0.4 0.1935185185185185 0.39947916666666666 0.19166666666666668 0.39739583333333334 0.18796296296296297 0.3971354166666667 0.18796296296296297 0.3963541666666667 0.1865740740740741 0.39479166666666665 0.18518518518518517 0.39296875 0.1824074074074074 0.3919270833333333 0.1814814814814815 0.39140625 0.1814814814814815 0.39114583333333336 0.18101851851851852 0.38984375 0.18101851851851852 0.38958333333333334 0.18055555555555555 0.38776041666666666 0.18055555555555555 0.3875 0.18009259259259258 0.3854166666666667 0.18009259259259258 0.38515625 0.17962962962962964 0.38385416666666666 0.17962962962962964 0.38359375 0.18009259259259258
6 0.20416666666666666 0.30092592592592593 0.203125 0.3023148148148148 0.2015625 0.3037037037037037 0.19921875 0.3074074074074074 0.19895833333333332 0.3074074074074074 0.19661458333333334 0.31157407407407406 0.19661458333333334 0.31203703703703706 0.19609375 0.31296296296296294 0.1953125 0.31574074074074077 0.1953125 0.31712962962962965 0.19505208333333332 0.3175925925925926 0.19505208333333332 0.3194444444444444 0.19479166666666667 0.3199074074074074 0.19479166666666667 0.3212962962962963 0.19453125 0.32175925925925924 0.19453125 0.32314814814814813 0.19427083333333334 0.3236111111111111 0.19427083333333334 0.32546296296296295 0.19401041666666666 0.32592592592592595 0.19401041666666666 0.32731481481481484 0.19375 0.3277777777777778 0.19375 0.33564814814814814 0.19401041666666666 0.33611111111111114 0.19401041666666666 0.3375 0.19453125 0.3388888888888889 0.19453125 0.3402777777777778 0.19505208333333332 0.3421296296296296 0.19505208333333332 0.3435185185185185 0.19557291666666668 0.3449074074074074 0.19557291666666668 0.3458333333333333 0.19609375 0.3472222222222222 0.19609375 0.34814814814814815 0.19635416666666666 0.3486111111111111 0.19635416666666666 0.34953703703703703 0.196875 0.35138888888888886 0.20078125 0.3587962962962963 0.20234375 0.36018518518518516 0.20286458333333332 0.36018518518518516 0.2046875 0.36203703703703705 0.20598958333333334 0.3625 0.20677083333333332 0.36342592592592593 0.20729166666666668 0.36342592592592593 0.20755208333333333 0.3638888888888889 0.20833333333333334 0.3638888888888889 0.20859375 0.36435185185185187 0.20963541666666666 0.36435185185185187 0.20989583333333334 0.3648148148148148 0.21510416666666668 0.3648148148148148 0.21536458333333333 0.36435185185185187 0.21640625 0.36435185185185187 0.21901041666666668 0.36203703703703705 0.2203125 0.36157407407407405 0.221875 0.36018518518518516 0.22239583333333332 0.3592592592592593 0.2234375 0.35833333333333334 0.225 0.35555555555555557 0.225 0.35509259259259257 0.2265625 0.35185185185185186 0.22708333333333333 0.34953703703703703 0.22760416666666666 0.3486111111111111 0.228125 0.34629629629629627 0.22864583333333333 0.3453703703703704 0.22890625 0.34444444444444444 0.22890625 0.34305555555555556 0.22916666666666666 0.3425925925925926 0.22916666666666666 0.33935185185185185 0.22942708333333334 0.3388888888888889 0.22942708333333334 0.3282407407407407 0.22916666666666666 0.3277777777777778 0.22916666666666666 0.32592592592592595 0.22890625 0.32546296296296295 0.22890625 0.32407407407407407 0.22864583333333333 0.3236111111111111 0.22864583333333333 0.3226851851851852 0.22708333333333333 0.3175925925925926 0.22708333333333333 0.31666666666666665 0.2265625 0.31574074074074077 0.22604166666666667 0.3138888888888889 0.225 0.31203703703703706 0.225 0.31157407407407406 0.22109375 0.3050925925925926 0.22083333333333333 0.3050925925925926 0.22005208333333334 0.3037037037037037 0.21796875 0.30185185185185187 0.21744791666666666 0.30185185185185187 0.21666666666666667 0.30092592592592593 0.21536458333333333 0.30092592592592593 0.21510416666666668 0.300462962962963 0.21380208333333334 0.300462962962963 0.21354166666666666 0.3 0.20989583333333334 0.3 0.20963541666666666 0.29953703703703705 0.20911458333333333 0.29953703703703705 0.20885416666666667 0.3 0.20677083333333332 0.3 0.20651041666666667 0.300462962962963 0.20520833333333333 0.300462962962963 0.20494791666666667 0.30092592592592593
